0,ONE,gel
1,ONE,day
2,ONE,scorch
3,ONE,hear
4,ONE,sizzle
5,ONE,jotted
6,ONE,train
7,ONE,upset
8,ONE,motor
9,ONE,sprint
10,ONE,hatchling
11,ONE,swirled
12,ONE,sport
13,ONE,father
14,ONE,talking
15,ONE,awe
16,ONE,razz
17,ONE,amount
18,ONE,rich
19,ONE,jam
20,ONE,money
21,ONE,afar
22,ONE,followed
23,ONE,sighed
24,ONE,eel
25,ONE,mugs
26,ONE,couch
27,ONE,bowl
28,ONE,purple
29,ONE,sheen
30,ONE,fans
31,ONE,fair
32,ONE,nibble
33,ONE,sweat
34,ONE,entire
35,ONE,worse
36,ONE,dome
37,ONE,dinner
38,ONE,strands
39,ONE,cost
40,ONE,December
41,ONE,sandwich
42,ONE,tall
43,ONE,rats
44,ONE,chapter
45,ONE,sleek
46,ONE,sudden
47,ONE,duo
48,ONE,better
49,ONE,fed
50,ONE,chess
51,ONE,bottle
52,ONE,slither
53,ONE,gleaming
54,ONE,hit
55,ONE,sir
56,ONE,slimy
57,ONE,smart
58,ONE,combed
59,ONE,repress
60,ONE,peanut
61,ONE,boom
62,ONE,squeak
63,ONE,stared
64,ONE,patrol
65,ONE,clothes
66,ONE,cake
67,ONE,wave
68,ONE,friend
69,ONE,plopped
70,ONE,epic
71,ONE,either
72,ONE,bite
73,ONE,trunk
74,ONE,laptop
75,ONE,darted
76,ONE,vital
77,ONE,rely
78,ONE,noon
79,ONE,sleepy
80,ONE,movie
81,ONE,angry
82,ONE,window
83,TWO,window
84,ONE,chose
85,ONE,gummy
86,ONE,full
87,ONE,known
88,ONE,sidekick
89,ONE,pocket
90,ONE,belle
91,ONE,sting
92,ONE,huge
93,ONE,suffer
94,ONE,stuff
95,ONE,project
96,ONE,else
97,ONE,ray
98,ONE,born
99,ONE,double
100,ONE,least
101,ONE,goofy
102,ONE,picture
103,ONE,dusk
104,ONE,jumping
105,ONE,watch
106,ONE,little
107,ONE,remember
108,ONE,prepare
109,ONE,mops
110,ONE,damp
111,ONE,ahoy
112,ONE,felt
113,ONE,travel
114,ONE,percent
115,ONE,thanks
116,ONE,from
117,ONE,dream
118,ONE,summer
119,ONE,cranky
120,ONE,afraid
121,ONE,dash
122,ONE,hunch
123,ONE,whine
124,ONE,carefully
125,ONE,career
126,ONE,rescue
127,ONE,skin
128,ONE,each
129,ONE,beans
130,ONE,would
131,ONE,disease
132,ONE,star
133,ONE,shade
134,ONE,child
135,ONE,shambles
136,ONE,trophy
137,ONE,began
138,ONE,ribs
139,ONE,space
140,ONE,taillight
141,ONE,theater
142,ONE,grew
143,ONE,forever
144,ONE,princess
145,ONE,quicken
146,ONE,theatre
147,ONE,fine
148,ONE,freeze
149,ONE,piper
150,ONE,presence
151,ONE,athlete
152,ONE,gradual
153,ONE,bedlam
154,ONE,gargantuan
155,ONE,gimmick
156,ONE,monopolize
157,ONE,target
158,ONE,ferocious
159,ONE,shortfall
160,ONE,salsa
161,ONE,flannel
162,ONE,water
163,ONE,angora
164,ONE,frequently
165,ONE,cowlick
166,ONE,chaotic
167,ONE,cucumber
168,ONE,marathon
169,ONE,snippet
170,ONE,permission
171,ONE,opinionated
172,ONE,shrimp
173,ONE,McMansion
174,ONE,omission
175,ONE,ascribe
176,ONE,towel
177,ONE,slogan
178,ONE,mandate
179,ONE,janitor
180,ONE,newbie
181,ONE,hodgepodge
182,ONE,sundae
183,ONE,triumphant
184,ONE,turret
185,ONE,lionize
186,ONE,spreadsheet
187,ONE,verbiage
188,ONE,ornament
189,ONE,parenthetic
190,ONE,pigeon
191,ONE,headdress
192,ONE,badger
193,ONE,nephew
194,ONE,rooster
195,ONE,listener
196,ONE,satellite
197,ONE,ludicrous
198,ONE,fortification
199,ONE,imbibe
200,ONE,scold
201,ONE,guardian
202,ONE,parasite
203,ONE,pear
204,ONE,hydra
205,ONE,savvy
206,ONE,organza
207,ONE,dwindled
208,ONE,favorite
209,ONE,system
210,ONE,grouse
211,ONE,reckon
212,ONE,fragile
213,ONE,fraught
214,ONE,favourite
215,ONE,pedigree
216,ONE,manta
217,ONE,boorish
218,ONE,galaxy
219,ONE,sturdy
220,ONE,cascade
221,ONE,empty
222,ONE,astonish
223,ONE,tarmac
224,ONE,complaint
225,ONE,treadmill
226,ONE,dandelion
227,ONE,amulet
228,ONE,fashionista
229,ONE,iteration
230,ONE,curries
231,ONE,originate
232,ONE,famous
233,ONE,guess
234,ONE,stubble
235,ONE,nurture
236,ONE,tennis
237,ONE,forfend
238,ONE,pristine
239,ONE,magician
240,ONE,genius
241,ONE,volcano
242,ONE,grumbling
243,ONE,forefend
244,ONE,golden
245,ONE,carrot
246,ONE,nuance
247,ONE,forensics
248,ONE,garlic
249,ONE,eavesdrop
250,ONE,modesty
251,ONE,meteor
252,ONE,stencil
253,ONE,miraculous
254,ONE,hula
255,ONE,January
256,ONE,amphibian
257,ONE,distraught
258,ONE,penguin
259,ONE,trendy
260,ONE,reactionary
261,ONE,scruple
262,ONE,jealousy
263,ONE,freight
264,ONE,freckle
265,ONE,permafrost
266,ONE,muscular
267,ONE,moxie
268,ONE,remedial
269,ONE,honeybee
270,ONE,blooper
271,ONE,iceberg
272,ONE,drizzle
273,ONE,winnow
274,ONE,vouch
275,ONE,blemish
276,ONE,misconception
277,ONE,cactus
278,ONE,accurate
279,ONE,incentive
280,ONE,trivia
281,ONE,crumpet
282,ONE,lambkin
283,ONE,nationalism
284,ONE,studio
285,ONE,admirer
286,ONE,shoulder
287,ONE,blizzard
288,ONE,chowder
289,ONE,leeway
290,ONE,illusionist
291,ONE,emotional
292,ONE,zebra
293,ONE,squirm
294,ONE,sunflower
295,ONE,pilferer
296,ONE,genetic
297,ONE,chia
298,ONE,butterscotch
299,ONE,harmonious
300,ONE,lambasted
301,ONE,rollicking
302,ONE,levity
303,ONE,raspberry
304,ONE,apron
305,ONE,lawyer
306,ONE,volumetric
307,ONE,quart
308,ONE,moisture
309,ONE,bogus
310,ONE,beagle
311,ONE,valiant
312,ONE,flattery
313,ONE,lactose
314,ONE,toughness
315,ONE,recoup
316,ONE,kidney
317,ONE,purse
318,ONE,simmer
319,ONE,domineering
320,ONE,tasteless
321,ONE,bookworm
322,ONE,wistful
323,ONE,raisin
324,ONE,whisk
325,ONE,onion
326,ONE,astute
327,ONE,veteran
328,ONE,raven
329,ONE,trumpet
330,ONE,bathtub
331,ONE,abandon
332,ONE,turtle
333,ONE,erase
334,ONE,fructose
335,ONE,bias
336,ONE,fantastically
337,ONE,vault
338,ONE,Pinkerton
339,ONE,handcuffs
340,ONE,Amazon
341,ONE,lettuce
342,ONE,failure
343,ONE,junior
344,ONE,fortune
345,ONE,spinal
346,ONE,companion
347,ONE,shamrock
348,ONE,tolerable
349,ONE,hamlet
350,ONE,sluggard
351,ONE,demolition
352,ONE,panorama
353,ONE,Americana
354,ONE,mosquito
355,ONE,jubilant
356,ONE,thawed
357,ONE,mince
358,ONE,puzzles
359,ONE,lounge
360,ONE,gnash
361,ONE,calzone
362,ONE,uncle
363,ONE,bubbly
364,ONE,scumble
365,ONE,supper
366,ONE,knuckle
367,ONE,bawl
368,ONE,dawdle
369,ONE,graham
370,ONE,extinct
371,ONE,explosive
372,ONE,bribery
373,ONE,circle
374,ONE,mogul
375,ONE,headlong
376,ONE,jersey
377,ONE,cajole
378,ONE,glucose
379,ONE,respect
380,ONE,troll
381,ONE,timber
382,ONE,trapezoid
383,ONE,bauble
384,ONE,mower
385,ONE,introverted
386,ONE,kindred
387,ONE,medallion
388,ONE,dillydally
389,ONE,happenstance
390,ONE,campus
391,ONE,fuddy-duddy
392,ONE,tantrum
393,ONE,maximum
394,ONE,haggle
395,ONE,tussle
396,ONE,infant
397,ONE,pulley
398,ONE,science
399,ONE,clover
400,ONE,sword
401,ONE,inched
402,ONE,thunderbolt
403,ONE,Kodiak
404,ONE,cement
405,ONE,casino
406,ONE,mastiff
407,ONE,dimension
408,ONE,despicable
409,ONE,misinterpret
410,ONE,venomous
411,ONE,distinctive
412,ONE,cooperate
413,ONE,ugliness
414,ONE,elderly
415,ONE,twee
416,ONE,plaintiff
417,ONE,mister
418,ONE,merchandise
419,ONE,quack
420,ONE,amigo
421,ONE,holiday
422,ONE,mayhem
423,ONE,warning
424,ONE,gauntlet
425,ONE,spider
426,ONE,bestow
427,ONE,indigo
428,ONE,thicket
429,ONE,useful
430,ONE,apology
431,ONE,weather
432,ONE,gung ho
433,ONE,forage
434,ONE,gymnastics
435,ONE,difficult
436,ONE,carnival
437,ONE,twinge
438,ONE,umbrella
439,ONE,tooth
440,ONE,island
441,ONE,mischief
442,ONE,buffoonery
443,ONE,poncho
444,ONE,synthetic
445,ONE,dauntlessly
446,ONE,peacenik
447,ONE,talent
448,ONE,intellectual
449,ONE,hooligan
450,ONE,cloying
451,ONE,faucet
452,ONE,ounce
453,ONE,kiwi
454,ONE,tickled
455,ONE,decade
456,ONE,olive
457,ONE,scheme
458,ONE,memorandum
459,ONE,publish
460,ONE,domino
461,ONE,forbidden
462,ONE,truth
463,ONE,cough
464,ONE,bother
465,ONE,mutter
466,ONE,ignite
467,ONE,jumbo
468,ONE,balderdash
469,ONE,straw
470,ONE,missile
471,ONE,sedentary
472,ONE,legacy
473,ONE,mortal
474,ONE,infringe
475,ONE,hooves
476,ONE,munchkin
477,ONE,divine
478,ONE,splurge
479,ONE,bugaboo
480,ONE,interloper
481,ONE,shadow
482,ONE,banana
483,ONE,lexicon
484,ONE,neigh
485,ONE,standard
486,ONE,routine
487,ONE,meekness
488,ONE,furnace
489,ONE,bristle
490,ONE,cabbage
491,ONE,yearn
492,ONE,privacy
493,ONE,squall
494,ONE,foothills
495,ONE,daresay
496,ONE,erode
497,ONE,primatologist
498,ONE,decision
499,ONE,squawl
500,ONE,tongue
501,ONE,owlishly
502,ONE,formalize
503,ONE,voluntary
504,ONE,farfetched
505,ONE,omen
506,ONE,caterpillar
507,ONE,criminal
508,ONE,formalise
509,ONE,furious
510,ONE,linen
511,ONE,militant
512,ONE,wasp
513,ONE,recipient
514,ONE,anyway
515,ONE,wombat
516,ONE,piratical
517,ONE,civics
518,ONE,kudos
519,ONE,strong
520,ONE,isolation
521,ONE,marginalize
522,ONE,pigsty
523,ONE,locker
524,ONE,alpha
525,ONE,canteen
526,ONE,measly
527,ONE,swipe
528,ONE,misery
529,ONE,jabberwocky
530,ONE,shebang
531,ONE,aviation
532,ONE,apprehensive
533,ONE,eternity
534,ONE,months
535,ONE,detention
536,ONE,tibia
537,ONE,lucky
538,ONE,zither
539,ONE,imagery
540,ONE,guffaw
541,ONE,sparkle
542,ONE,hazelnut
543,ONE,rocket
544,ONE,lamentable
545,ONE,pastel
546,ONE,caravan
547,ONE,calico
548,ONE,votive
549,ONE,reflect
550,ONE,brilliant
551,ONE,twice
552,ONE,culinary
553,ONE,theme
554,ONE,lantern
555,ONE,scent
556,ONE,competitive
557,ONE,megahertz
558,ONE,boycott
559,ONE,literacy
560,ONE,loathe
561,ONE,sofa
562,ONE,webisode
563,ONE,dough
564,ONE,tiger
565,ONE,selfie
566,ONE,axle
567,ONE,eggplant
568,ONE,kangaroo
569,ONE,emperor
570,ONE,romaine
571,ONE,skydiving
572,ONE,glimmer
573,ONE,kosher
574,ONE,Romeo
575,ONE,utterable
576,ONE,migraine
577,ONE,memes
578,ONE,vacation
579,ONE,minority
580,ONE,emerge
581,ONE,leniency
582,ONE,oasis
583,ONE,nuggets
584,ONE,napkin
585,ONE,default
586,ONE,twitchy
587,ONE,frivolous
588,ONE,navigator
589,ONE,frailty
590,ONE,overrun
591,ONE,heroic
592,ONE,arrogant
593,ONE,potato
594,ONE,humane
595,ONE,sweltering
596,ONE,yellowfin
597,ONE,bombard
598,ONE,normative
599,ONE,wholehearted
600,ONE,polenta
601,ONE,scrounge
602,ONE,clodhopper
603,ONE,furtive
604,ONE,homework
605,ONE,metadata
606,ONE,delicacy
607,ONE,praise
608,ONE,crayon
609,ONE,journal
610,ONE,mildew
611,ONE,farewell
612,ONE,noggin
613,ONE,scripture
614,ONE,bakery
615,ONE,tulip
616,ONE,pattern
617,ONE,hypnotic
618,ONE,background
619,ONE,ulna
620,ONE,porridge
621,ONE,myself
622,ONE,coffee
623,ONE,jewel
624,ONE,thistle
625,ONE,fellowship
626,ONE,eyelet
627,ONE,marine
628,ONE,botch
629,ONE,tangible
630,ONE,althorn
631,ONE,amass
632,ONE,yeti
633,ONE,cloudy
634,ONE,receptacle
635,ONE,nourish
636,ONE,Spaniel
637,ONE,missive
638,ONE,groove
639,ONE,cricket
640,ONE,bagpipe
641,ONE,vulpine
642,ONE,kilt
643,ONE,jitterbug
644,ONE,estimate
645,ONE,motto
646,ONE,bonfire
647,ONE,aloha
648,ONE,whirlybird
649,ONE,kennel
650,ONE,cattail
651,ONE,torch
652,ONE,abruptly
653,ONE,entrance
654,ONE,Hungary
655,ONE,heavenly
656,ONE,paraphrase
657,ONE,pamper
658,ONE,bushel
659,ONE,kindergarten
660,ONE,welding
661,ONE,shindig
662,ONE,heartthrob
663,ONE,pleasant
664,ONE,skedaddle
665,ONE,restaurant
666,ONE,aforesaid
667,ONE,melody
668,ONE,cheek
669,ONE,robin
670,ONE,toddler
671,ONE,functionary
672,ONE,varnish
673,ONE,membership
674,ONE,daughter
675,ONE,historical
676,ONE,everglades
677,ONE,dodge
678,ONE,spindle
679,ONE,oblong
680,ONE,laser
681,ONE,rules
682,ONE,pellet
683,ONE,iota
684,ONE,wheedle
685,ONE,yammer
686,ONE,invoke
687,ONE,geometric
688,ONE,klutz
689,ONE,gelato
690,ONE,whelp
691,ONE,whereas
692,ONE,upshot
693,ONE,villa
694,ONE,envoy
695,ONE,hankering
696,ONE,yonder
697,ONE,coercive
698,ONE,climate
699,ONE,midriff
700,ONE,postpone
701,ONE,esteem
702,ONE,riffraff
703,ONE,bailiff
704,ONE,Yankee
705,ONE,teaspoon
706,ONE,wafer
707,ONE,knack
708,ONE,restive
709,ONE,infiltrate
710,ONE,dim sum
711,ONE,worrywart
712,ONE,software
713,ONE,satisfactory
714,ONE,various
715,ONE,skirmish
716,ONE,moose
717,ONE,developer
718,ONE,factoid
719,ONE,barefoot
720,ONE,giggle
721,ONE,constituent
722,ONE,cuckoo
723,ONE,shopaholic
724,ONE,marvelous
725,ONE,trope
726,ONE,bowie
727,ONE,flounder
728,ONE,dilemma
729,ONE,magma
730,ONE,marvellous
731,ONE,knock
732,ONE,teemed
733,ONE,cleave
734,ONE,outrageous
735,ONE,briefcase
736,ONE,evince
737,ONE,whittle
738,ONE,soppiness
739,ONE,millionaire
740,ONE,silver
741,ONE,deputy
742,ONE,season
743,ONE,joyful
744,ONE,bask
745,ONE,concrete
746,ONE,fedora
747,ONE,mangrove
748,ONE,horizon
749,ONE,genuine
750,ONE,lateral
751,ONE,slurry
752,ONE,wildcat
753,ONE,enfranchise
754,ONE,arborio
755,ONE,recluse
756,ONE,usher
757,ONE,heiress
758,ONE,monstrosity
759,ONE,kiln
760,ONE,cartoon
761,ONE,shield
762,ONE,prone
763,ONE,reign
764,ONE,spectral
765,ONE,tawny
766,ONE,contraction
767,ONE,camcorder
768,ONE,groom
769,ONE,peat
770,ONE,dialect
771,ONE,scalp
772,ONE,scooter
773,ONE,gossip
774,ONE,trice
775,ONE,harrowing
776,ONE,heist
777,ONE,scrapple
778,ONE,acceptance
779,ONE,version
780,ONE,brick
781,ONE,hobble
782,ONE,avenue
783,ONE,nominee
784,ONE,rugby
785,ONE,fluid
786,ONE,privet
787,ONE,peddle
788,ONE,pending
789,ONE,martial
790,ONE,shore
791,ONE,vlogging
792,ONE,debunk
793,ONE,effortless
794,ONE,ewe
795,ONE,acumen
796,ONE,yippee
797,ONE,diversity
798,ONE,ballad
799,ONE,moped
800,ONE,stagestruck
801,ONE,infirm
802,ONE,wand
803,ONE,spangled
804,ONE,chide
805,ONE,groats
806,ONE,standee
807,ONE,bleary
808,ONE,Merlin
809,ONE,barbie
810,ONE,atonement
811,ONE,Highlands
812,ONE,sailage
813,ONE,attitude
814,ONE,carnation
815,ONE,delta
816,ONE,citation
817,ONE,yoo-hoo
818,ONE,beseech
819,ONE,neaten
820,ONE,handyman
821,ONE,hardtack
822,ONE,profiteer
823,ONE,sunseeker
824,ONE,depose
825,ONE,stewardship
826,ONE,rabid
827,ONE,kernel
828,ONE,cornily
829,ONE,frock
830,ONE,gruel
831,ONE,teenagers
832,TWO,antsy
833,TWO,humour
834,TWO,bracelet
835,TWO,cruel
836,TWO,dolce
837,TWO,ancestors
838,TWO,hover
839,TWO,mention
840,TWO,inwardly
841,TWO,schedule
842,TWO,opus
843,TWO,convulsive
844,TWO,billow
845,TWO,spoken
846,TWO,mobility
847,TWO,goblins
848,TWO,pedestrian
849,TWO,jasper
850,TWO,posh
851,TWO,record
852,TWO,eddy
853,TWO,splutter
854,TWO,snorkels
855,TWO,berth
856,TWO,Canada
857,TWO,bridge
858,TWO,fanged
859,TWO,convince
860,TWO,lullaby
861,TWO,deference
862,TWO,toga
863,TWO,pinpoint
864,TWO,bough
865,TWO,grateful
866,TWO,FORTRAN
867,TWO,detergent
868,TWO,bison
869,TWO,wisdom
870,TWO,listlessly
871,TWO,gesture
872,TWO,tangents
873,TWO,sheathed
874,TWO,strum
875,TWO,slate
876,TWO,cautioned
877,TWO,formation
878,TWO,expression
879,TWO,mantle
880,TWO,dangerous
881,TWO,drape
882,TWO,flurry
883,TWO,previous
884,TWO,violin
885,TWO,streamlet
886,TWO,pluck
887,TWO,countless
888,TWO,glisten
889,TWO,imposing
890,TWO,binary
891,TWO,strait
892,TWO,squid
893,TWO,hideout
894,TWO,accuse
895,TWO,complicated
896,TWO,semicolon
897,TWO,congratulate
898,TWO,Frisbee
899,TWO,ruins
900,TWO,drowsy
901,TWO,unnoticed
902,TWO,patent
903,TWO,fountain
904,TWO,teeter
905,TWO,Mexico
906,TWO,scoff
907,TWO,agreement
908,TWO,incantations
909,TWO,curtly
910,TWO,chives
911,TWO,glazed
912,TWO,opposite
913,TWO,dappled
914,TWO,treble
915,TWO,garish
916,TWO,rallies
917,TWO,scanner
918,TWO,instrument
919,TWO,rustle
920,TWO,Baltic
921,TWO,gilded
922,TWO,pastry
923,TWO,oncoming
924,TWO,blissfully
925,TWO,chef
926,TWO,ventured
927,TWO,contingent
928,TWO,coveralls
929,TWO,flimsy
930,TWO,coarse
931,TWO,crease
932,TWO,deities
933,TWO,swerve
934,TWO,ponytail
935,TWO,launch
936,TWO,activists
937,TWO,whales
938,TWO,feta
939,TWO,president
940,TWO,clatter
941,TWO,rubble
942,TWO,commute
943,TWO,mislead
944,TWO,proverb
945,TWO,depths
946,TWO,snout
947,TWO,tourists
948,TWO,cocoa
949,TWO,subtitles
950,TWO,indecipherable
951,TWO,Oregon
952,TWO,tumbling
953,TWO,laughter
954,TWO,nutrients
955,TWO,fragment
956,TWO,podium
957,TWO,purpose
958,TWO,cradle
959,TWO,scarcely
960,TWO,retreat
961,TWO,terraced
962,TWO,firefly
963,TWO,meeting
964,TWO,stretcher
965,TWO,implore
966,TWO,Aztec
967,TWO,serious
968,TWO,plush
969,TWO,lairs
970,TWO,lento
971,TWO,laboratory
972,TWO,banners
973,TWO,helmet
974,TWO,hybrid
975,TWO,Scandinavia
976,TWO,sinister
977,TWO,humor
978,TWO,whimper
979,TWO,mustard
980,TWO,haggis
981,TWO,runes
982,TWO,hexagonal
983,TWO,unabated
984,TWO,beaucoup
985,TWO,endorphin
986,TWO,cinnamon
987,TWO,abrogate
988,TWO,litmus
989,TWO,petrifying
990,TWO,banal
991,TWO,pharmacy
992,TWO,pharaoh
993,TWO,effusive
994,TWO,seethe
995,TWO,specimen
996,TWO,seismologist
997,TWO,fondant
998,TWO,opponency
999,TWO,primitive
1000,TWO,antiquarian
1001,TWO,interlocutor
1002,TWO,spectacles
1003,TWO,cupola
1004,TWO,referendum
1005,TWO,fabulist
1006,TWO,phalanges
1007,TWO,machete
1008,TWO,innovator
1009,TWO,herbaceous
1010,TWO,quaver
1011,TWO,comportment
1012,TWO,bachelorette
1013,TWO,dulcet
1014,TWO,bursary
1015,TWO,tentativeness
1016,TWO,rabbinic
1017,TWO,taciturn
1018,TWO,frontier
1019,TWO,salubrious
1020,TWO,hallowed
1021,TWO,pachinko
1022,TWO,lapel
1023,TWO,sophomoric
1024,TWO,unctuous
1025,TWO,rotisserie
1026,TWO,apogee
1027,TWO,decrepitude
1028,TWO,mackerel
1029,TWO,laureate
1030,TWO,fluoride
1031,TWO,paneer
1032,TWO,hiatus
1033,TWO,redux
1034,TWO,callow
1035,TWO,Goliath
1036,TWO,moorage
1037,TWO,panir
1038,TWO,freesia
1039,TWO,dramaturgy
1040,TWO,biscuit
1041,TWO,splenetic
1042,TWO,Minotaur
1043,TWO,omnibus
1044,TWO,exoneration
1045,TWO,murmuration
1046,TWO,flourish
1047,TWO,legato
1048,TWO,intermezzo
1049,TWO,biscotti
1050,TWO,duvet
1051,TWO,Clydesdale
1052,TWO,beatific
1053,TWO,slovenly
1054,TWO,edification
1055,TWO,calibrate
1056,TWO,turpitude
1057,TWO,phonics
1058,TWO,repository
1059,TWO,aerobics
1060,TWO,vacuousness
1061,TWO,appellation
1062,TWO,platitude
1063,TWO,calisthenics
1064,TWO,dissipate
1065,TWO,paisley
1066,TWO,epilepsy
1067,TWO,duodenum
1068,TWO,nobiliary
1069,TWO,obediential
1070,TWO,accomplice
1071,TWO,contrariwise
1072,TWO,importunate
1073,TWO,valorous
1074,TWO,commerce
1075,TWO,odiferous
1076,TWO,kerchief
1077,TWO,petroleum
1078,TWO,recuperation
1079,TWO,valourous
1080,TWO,keratitis
1081,TWO,combination
1082,TWO,whimsical
1083,TWO,regalia
1084,TWO,citronella
1085,TWO,isotopic
1086,TWO,honorific
1087,TWO,torrent
1088,TWO,stamina
1089,TWO,incinerate
1090,TWO,palliative
1091,TWO,carpal
1092,TWO,honourific
1093,TWO,arsenic
1094,TWO,criteria
1095,TWO,flagon
1096,TWO,abhorrence
1097,TWO,quizzical
1098,TWO,kookaburra
1099,TWO,invertebrate
1100,TWO,reprieve
1101,TWO,incoherent
1102,TWO,personnel
1103,TWO,heliotrope
1104,TWO,napoleon
1105,TWO,bandanna
1106,TWO,consequent
1107,TWO,tercentenary
1108,TWO,vexatious
1109,TWO,squander
1110,TWO,superlative
1111,TWO,bandana
1112,TWO,contusion
1113,TWO,vituperative
1114,TWO,faux
1115,TWO,prenuptial
1116,TWO,oxygenate
1117,TWO,manipulable
1118,TWO,mulligan
1119,TWO,churlish
1120,TWO,sophisticated
1121,TWO,succulent
1122,TWO,annihilate
1123,TWO,axiomatic
1124,TWO,sabermetrics
1125,TWO,riviera
1126,TWO,nebulous
1127,TWO,bedraggled
1128,TWO,sarcophagus
1129,TWO,indefatigable
1130,TWO,elocution
1131,TWO,laconic
1132,TWO,genus
1133,TWO,rectitude
1134,TWO,surrogate
1135,TWO,ulterior
1136,TWO,dowager
1137,TWO,excision
1138,TWO,legionnaire
1139,TWO,uranium
1140,TWO,terabyte
1141,TWO,oligarchy
1142,TWO,comparison
1143,TWO,emblazoned
1144,TWO,sternutation
1145,TWO,inundate
1146,TWO,uncouth
1147,TWO,pianola
1148,TWO,diaphanous
1149,TWO,bric-a-brac
1150,TWO,subcutaneous
1151,TWO,wunderkind
1152,TWO,onerous
1153,TWO,dignify
1154,TWO,agoraphobia
1155,TWO,longitude
1156,TWO,alacrity
1157,TWO,filial
1158,TWO,macrocosm
1159,TWO,allegiance
1160,TWO,buffet
1161,TWO,maverick
1162,TWO,choreographer
1163,TWO,wearisome
1164,TWO,bulbous
1165,TWO,basaltic
1166,TWO,tortoise
1167,TWO,retrograde
1168,TWO,leguminous
1169,TWO,visage
1170,TWO,umpirage
1171,TWO,scorpion
1172,TWO,surmountable
1173,TWO,partridge
1174,TWO,ceramics
1175,TWO,fascinator
1176,TWO,heredity
1177,TWO,planetarium
1178,TWO,endure
1179,TWO,insignia
1180,TWO,mimetic
1181,TWO,testimony
1182,TWO,philharmonic
1183,TWO,ecstatic
1184,TWO,bonobo
1185,TWO,binomial
1186,TWO,luminance
1187,TWO,demographics
1188,TWO,lupine
1189,TWO,ingenuous
1190,TWO,chancellor
1191,TWO,trefoil
1192,TWO,adjective
1193,TWO,Jurassic
1194,TWO,resuscitate
1195,TWO,phonetician
1196,TWO,pauper
1197,TWO,designer
1198,TWO,elucidate
1199,TWO,myoglobin
1200,TWO,approbatory
1201,TWO,macular
1202,TWO,epoch
1203,TWO,leisure
1204,TWO,spatula
1205,TWO,frugal
1206,TWO,catalepsy
1207,TWO,simpatico
1208,TWO,dumbwaiter
1209,TWO,vague
1210,TWO,triglycerides
1211,TWO,achromatic
1212,TWO,labyrinthine
1213,TWO,adhesion
1214,TWO,allergenic
1215,TWO,wharf
1216,TWO,stalwart
1217,TWO,miscible
1218,TWO,notoriety
1219,TWO,rennet
1220,TWO,vocabulary
1221,TWO,altercation
1222,TWO,bumptious
1223,TWO,soprano
1224,TWO,subterranean
1225,TWO,pinnacle
1226,TWO,vassal
1227,TWO,fratority
1228,TWO,farcical
1229,TWO,cutis
1230,TWO,aubergine
1231,TWO,avalanche
1232,TWO,panary
1233,TWO,cataclysmic
1234,TWO,ghastly
1235,TWO,hyrax
1236,TWO,jalapeño
1237,TWO,cadge
1238,TWO,tangerine
1239,TWO,metatarsal
1240,TWO,parkour
1241,TWO,truncheon
1242,TWO,attributive
1243,TWO,exodus
1244,TWO,pervasive
1245,TWO,bereavement
1246,TWO,fealty
1247,TWO,educand
1248,TWO,plutonomy
1249,TWO,philosophize
1250,TWO,haphazard
1251,TWO,carbohydrates
1252,TWO,perilous
1253,TWO,Realtor
1254,TWO,lobotomy
1255,TWO,Requiem
1256,TWO,legislature
1257,TWO,sesame
1258,TWO,steroid
1259,TWO,billabong
1260,TWO,assumption
1261,TWO,glitterati
1262,TWO,shenanigans
1263,TWO,palatable
1264,TWO,gullibility
1265,TWO,bariatrics
1266,TWO,entrepreneur
1267,TWO,transference
1268,TWO,inclusion
1269,TWO,gratis
1270,TWO,tarantula
1271,TWO,throughout
1272,TWO,besieged
1273,TWO,uveal
1274,TWO,physicists
1275,TWO,nonvolatile
1276,TWO,cantankerous
1277,TWO,propulsion
1278,TWO,placoderm
1279,TWO,candelabrum
1280,TWO,tempura
1281,TWO,juvenilia
1282,TWO,vitriolic
1283,TWO,assailant
1284,TWO,hermitage
1285,TWO,vacillate
1286,TWO,reggae
1287,TWO,fomentation
1288,TWO,crinoline
1289,TWO,charioteer
1290,TWO,permutation
1291,TWO,phenotype
1292,TWO,futility
1293,TWO,reprisal
1294,TWO,debris
1295,TWO,solicit
1296,TWO,conference
1297,TWO,transposable
1298,TWO,untenable
1299,TWO,astrobleme
1300,TWO,armaments
1301,TWO,melismatic
1302,TWO,woebegone
1303,TWO,thrasonical
1304,TWO,feudalism
1305,TWO,sabotage
1306,TWO,versatile
1307,TWO,spurious
1308,TWO,resplendence
1309,TWO,trepanation
1310,TWO,malevolent
1311,TWO,absolution
1312,TWO,subtlety
1313,TWO,tempeh
1314,TWO,aphasia
1315,TWO,Holstein
1316,TWO,posada
1317,TWO,rutabaga
1318,TWO,hangar
1319,TWO,statistician
1320,TWO,environs
1321,TWO,quadrillion
1322,TWO,acquiesce
1323,TWO,espousal
1324,TWO,verbena
1325,TWO,ibuprofen
1326,TWO,celebratory
1327,TWO,tardigrade
1328,TWO,apothecary
1329,TWO,virulence
1330,TWO,zirconium
1331,TWO,injurious
1332,TWO,cornucopia
1333,TWO,varsity
1334,TWO,summary
1335,TWO,allocable
1336,TWO,ventriloquy
1337,TWO,anglophile
1338,TWO,prominent
1339,TWO,scholarship
1340,TWO,brogue
1341,TWO,effraction
1342,TWO,circumflex
1343,TWO,defiant
1344,TWO,archetype
1345,TWO,filbert
1346,TWO,suet
1347,TWO,limousine
1348,TWO,calligram
1349,TWO,substitute
1350,TWO,travails
1351,TWO,Galahad
1352,TWO,koto
1353,TWO,drupiferous
1354,TWO,eczema
1355,TWO,quiddity
1356,TWO,antipathy
1357,TWO,jadeite
1358,TWO,jingoism
1359,TWO,organelle
1360,TWO,theomachy
1361,TWO,karst
1362,TWO,leviathan
1363,TWO,peripheral
1364,TWO,satchel
1365,TWO,osprey
1366,TWO,fibula
1367,TWO,Brigadoon
1368,TWO,alpaca
1369,TWO,elevator
1370,TWO,evanescent
1371,TWO,elusive
1372,TWO,aberration
1373,TWO,vestibule
1374,TWO,duress
1375,TWO,chaperonage
1376,TWO,diverge
1377,TWO,disproportionate
1378,TWO,necrotic
1379,TWO,ballyhooed
1380,TWO,eucalyptus
1381,TWO,frittata
1382,TWO,exemplar
1383,TWO,cayenne
1384,TWO,eminent
1385,TWO,arpeggio
1386,TWO,rambunctious
1387,TWO,vandalize
1388,TWO,marsupial
1389,TWO,tabernacle
1390,TWO,phosphorescent
1391,TWO,beguile
1392,TWO,temerity
1393,TWO,impasto
1394,TWO,bifurcate
1395,TWO,deglaciation
1396,TWO,anxiety
1397,TWO,centenary
1398,TWO,egress
1399,TWO,antagonistic
1400,TWO,drivel
1401,TWO,recruit
1402,TWO,conch
1403,TWO,matrimony
1404,TWO,geocaching
1405,TWO,affront
1406,TWO,jettison
1407,TWO,tableau
1408,TWO,singultus
1409,TWO,errata
1410,TWO,instigate
1411,TWO,element
1412,TWO,Promethean
1413,TWO,sheldrake
1414,TWO,impromptu
1415,TWO,stipulate
1416,TWO,obscure
1417,TWO,desolate
1418,TWO,embassy
1419,TWO,suitable
1420,TWO,oracle
1421,TWO,naïveté
1422,TWO,transcription
1423,TWO,truncate
1424,TWO,contemptuous
1425,TWO,cenotaph
1426,TWO,condemn
1427,TWO,naiveté
1428,TWO,muchacha
1429,TWO,pedicure
1430,TWO,okapi
1431,TWO,Plumeria
1432,TWO,scenographer
1433,TWO,cadence
1434,TWO,steppe
1435,TWO,caftan
1436,TWO,welterweight
1437,TWO,perpetrator
1438,TWO,neuroticism
1439,TWO,fido
1440,TWO,palpitant
1441,TWO,kaftan
1442,TWO,scrooge
1443,TWO,cinematic
1444,TWO,cannoli
1445,TWO,vehicular
1446,TWO,nonchalance
1447,TWO,ingratiate
1448,TWO,morose
1449,TWO,wallaby
1450,TWO,platoon
1451,TWO,sabbatical
1452,TWO,realm
1453,TWO,sousaphone
1454,TWO,osmosis
1455,TWO,contrivance
1456,TWO,solstice
1457,TWO,ermine
1458,TWO,estuary
1459,TWO,amalgam
1460,TWO,flimflammer
1461,TWO,suffrage
1462,TWO,swannery
1463,TWO,pugilist
1464,TWO,technician
1465,TWO,carnage
1466,TWO,astringent
1467,TWO,thyme
1468,TWO,probative
1469,TWO,tapioca
1470,TWO,dietetic
1471,TWO,turmeric
1472,TWO,mademoiselle
1473,TWO,phlebotomy
1474,TWO,oblique
1475,TWO,festooned
1476,TWO,homage
1477,TWO,zoolatry
1478,TWO,nouveau
1479,TWO,anemic
1480,TWO,buoyancy
1481,TWO,tectonic
1482,TWO,cumulus
1483,TWO,ricochet
1484,TWO,heterochromia
1485,TWO,anaemic
1486,TWO,situation
1487,TWO,wizened
1488,TWO,essential
1489,TWO,hackneyed
1490,TWO,consul
1491,TWO,depravity
1492,TWO,lumbar
1493,TWO,tomfoolery
1494,TWO,seraphic
1495,TWO,vespertine
1496,TWO,hermetically
1497,TWO,effervescent
1498,TWO,topiary
1499,TWO,harrumph
1500,TWO,cameist
1501,TWO,brusque
1502,TWO,excursion
1503,TWO,soirée
1504,TWO,reverberant
1505,TWO,embezzlement
1506,TWO,scrumptiously
1507,TWO,brusk
1508,TWO,dreadlocks
1509,TWO,soiree
1510,TWO,yeanling
1511,TWO,fallacy
1512,TWO,toploftical
1513,TWO,erstwhile
1514,TWO,theriatrics
1515,TWO,churros
1516,TWO,homicide
1517,TWO,asylum
1518,TWO,noctambulist
1519,TWO,lolled
1520,TWO,cumbersome
1521,TWO,diadem
1522,TWO,graphologist
1523,TWO,remuneration
1524,TWO,visibility
1525,TWO,osteopath
1526,TWO,affluent
1527,TWO,larceny
1528,TWO,principality
1529,TWO,expostulate
1530,TWO,ligament
1531,TWO,kaiser
1532,TWO,chastise
1533,TWO,acetaminophen
1534,TWO,Nostradamus
1535,TWO,integument
1536,TWO,plenitude
1537,TWO,imperious
1538,TWO,colic
1539,TWO,parochial
1540,TWO,taxonomic
1541,TWO,Hebrides
1542,TWO,illustrious
1543,TWO,Egyptian
1544,TWO,atomic
1545,TWO,earnestly
1546,TWO,beret
1547,TWO,macaw
1548,TWO,symmetrical
1549,TWO,foible
1550,TWO,fêng shui
1551,TWO,gaffe
1552,TWO,talisman
1553,TWO,perspicacious
1554,TWO,pendulous
1555,TWO,lousicide
1556,TWO,acuity
1557,TWO,gaff
1558,TWO,impecunious
1559,TWO,reimbursable
1560,TWO,analepsis
1561,TWO,ewer
1562,TWO,subliminal
1563,TWO,ostensibly
1564,TWO,reciprocity
1565,TWO,jambalaya
1566,TWO,mitigative
1567,TWO,curfew
1568,TWO,charismatic
1569,TWO,nervily
1570,TWO,molecule
1571,TWO,geriatric
1572,TWO,pyrite
1573,TWO,schism
1574,TWO,phoenix
1575,TWO,gingivitis
1576,TWO,millennial
1577,TWO,striation
1578,TWO,sacrifice
1579,TWO,dilapidated
1580,TWO,bastion
1581,TWO,patience
1582,TWO,ineffable
1583,TWO,Appaloosa
1584,TWO,consternation
1585,TWO,peony
1586,TWO,edamame
1587,TWO,quittance
1588,TWO,abnegation
1589,TWO,ramifications
1590,TWO,escalator
1591,TWO,urgency
1592,TWO,porcelain
1593,TWO,tenement
1594,TWO,soothsayer
1595,TWO,veracity
1596,TWO,vignette
1597,TWO,facade
1598,TWO,remorseful
1599,TWO,adieu
1600,TWO,varicose
1601,TWO,marionette
1602,TWO,adjudicate
1603,TWO,façade
1604,TWO,cybernetics
1605,TWO,tenaciously
1606,TWO,adage
1607,TWO,Neapolitan
1608,TWO,caricature
1609,TWO,evaporation
1610,TWO,garniture
1611,TWO,indemnity
1612,TWO,cicada
1613,TWO,chintzy
1614,TWO,emerald
1615,TWO,bittern
1616,TWO,twilight
1617,TWO,cyanosis
1618,TWO,mauve
1619,TWO,genteel
1620,TWO,liege
1621,TWO,flotsam
1622,TWO,proletarian
1623,TWO,regurgitate
1624,TWO,emeritus
1625,TWO,requisition
1626,TWO,wilco
1627,TWO,discombobulate
1628,TWO,vantage
1629,TWO,stegosaur
1630,TWO,suture
1631,TWO,stimuli
1632,TWO,germane
1633,TWO,scrutiny
1634,TWO,discountenance
1635,TWO,statuesque
1636,TWO,obfuscate
1637,TWO,schooner
1638,TWO,bacteriolytic
1639,TWO,concatenate
1640,TWO,stupefy
1641,TWO,nectarine
1642,TWO,casualty
1643,TWO,declamatory
1644,TWO,rhododendron
1645,TWO,impeachable
1646,TWO,irrevocable
1647,TWO,galvanize
1648,TWO,perseverance
1649,TWO,embryo
1650,TWO,ineptitude
1651,TWO,residue
1652,TWO,trellis
1653,TWO,agonistic
1654,TWO,apparatus
1655,TWO,languorous
1656,TWO,academese
1657,TWO,halibut
1658,TWO,juxtapose
1659,TWO,rosin
1660,TWO,myopic
1661,TWO,stevia
1662,TWO,registrar
1663,TWO,spectrometer
1664,TWO,hydrangea
1665,TWO,burial
1666,TWO,ebullience
1667,TWO,phycology
1668,TWO,alma mater
1669,TWO,circadian
1670,TWO,slalom
1671,TWO,bulwark
1672,TWO,clairvoyance
1673,TWO,malaise
1674,TWO,comedienne
1675,TWO,servitude
1676,TWO,corollary
1677,TWO,iridescent
1678,TWO,impetus
1679,TWO,staid
1680,TWO,cutaneous
1681,TWO,traverse
1682,TWO,étude
1683,TWO,quince
1684,TWO,affianced
1685,TWO,acerbity
1686,TWO,gnarled
1687,TWO,tungsten
1688,TWO,cranium
1689,TWO,cyclone
1690,TWO,archaism
1691,TWO,inimical
1692,TWO,hydroponic
1693,TWO,vineyard
1694,TWO,equivalent
1695,TWO,usurper
1696,TWO,commodious
1697,TWO,kaleidoscope
1698,TWO,combustible
1699,TWO,interrogative
1700,TWO,portentous
1701,TWO,phraseology
1702,TWO,austere
1703,TWO,gluttonous
1704,TWO,factorial
1705,TWO,scullery
1706,TWO,nepotism
1707,TWO,caramel
1708,TWO,severance
1709,TWO,gypsum
1710,TWO,dolma
1711,TWO,tiramisu
1712,TWO,truffle
1713,TWO,pecuniary
1714,TWO,financier
1715,TWO,polypeptide
1716,TWO,sapphire
1717,TWO,exaggerate
1718,TWO,varicella
1719,TWO,cornea
1720,TWO,wildebeest
1721,TWO,wushu
1722,TWO,prevenient
1723,TWO,enoki
1724,TWO,tonsillitis
1725,TWO,resilience
1726,TWO,asado
1727,TWO,contradictory
1728,TWO,Edenic
1729,TWO,profundity
1730,TWO,thoracic
1731,TWO,apiary
1732,TWO,limpa
1733,TWO,penitentiary
1734,TWO,tributary
1735,TWO,mantra
1736,TWO,proviso
1737,TWO,ronin
1738,TWO,adolescence
1739,TWO,umbrage
1740,TWO,laudatory
1741,TWO,escarole
1742,TWO,netiquette
1743,TWO,tropical
1744,TWO,menagerie
1745,TWO,crustaceans
1746,TWO,jitney
1747,TWO,nanotechnology
1748,TWO,paucity
1749,TWO,pontiff
1750,TWO,hallucinate
1751,TWO,bubonic
1752,TWO,wattage
1753,TWO,bureau
1754,TWO,doldrums
1755,TWO,omniscient
1756,TWO,opprobrious
1757,TWO,sartorial
1758,TWO,papillon
1759,TWO,burglarious
1760,TWO,slumgullion
1761,TWO,capacity
1762,TWO,nocturnal
1763,TWO,escarpment
1764,TWO,vertigo
1765,TWO,cryptozoa
1766,TWO,valedictorian
1767,TWO,sewage
1768,TWO,redolent
1769,TWO,Celsius
1770,TWO,accumulate
1771,TWO,preponderance
1772,TWO,auspices
1773,TWO,epoxy
1774,TWO,vendage
1775,TWO,dialysis
1776,TWO,deltoidal
1777,TWO,bruxism
1778,TWO,elaborative
1779,TWO,discreetly
1780,TWO,entente
1781,TWO,humidistat
1782,TWO,opulent
1783,TWO,psychoanalysis
1784,TWO,proprietary
1785,TWO,sieve
1786,TWO,boomslang
1787,TWO,sardonic
1788,TWO,paramecium
1789,TWO,calendar
1790,TWO,nascent
1791,TWO,trounce
1792,TWO,circuitous
1793,TWO,braille
1794,TWO,monochrome
1795,TWO,reiterate
1796,TWO,naissant
1797,TWO,hydrophobia
1798,TWO,ingot
1799,TWO,brethren
1800,TWO,inclement
1801,TWO,justiciable
1802,TWO,pageantry
1803,TWO,sandal
1804,TWO,nubuck
1805,TWO,tympanum
1806,TWO,celery
1807,TWO,vernal
1808,TWO,vinegar
1809,TWO,pashmina
1810,TWO,jocularity
1811,TWO,fisticuffs
1812,TWO,idiosyncratic
1813,TWO,aardvark
1814,TWO,fiduciary
1815,TWO,utilitarian
1816,TWO,unfurl
1817,TWO,propinquity
1818,TWO,burgoo
1819,TWO,census
1820,TWO,emulsify
1821,TWO,millivolt
1822,TWO,calculator
1823,TWO,epidermis
1824,TWO,occupancy
1825,TWO,stagflation
1826,TWO,lorikeet
1827,TWO,herringbone
1828,TWO,corduroy
1829,TWO,carriage
1830,TWO,coriander
1831,TWO,brontophobia
1832,TWO,malfeasance
1833,TWO,orchestra
1834,TWO,encore
1835,TWO,abstemious
1836,TWO,amnesty
1837,TWO,macrobiotics
1838,TWO,sequential
1839,TWO,phlox
1840,TWO,hollyhock
1841,TWO,echinoderm
1842,TWO,condensation
1843,TWO,glareous
1844,TWO,intersperse
1845,TWO,tractability
1846,TWO,qualms
1847,TWO,optimum
1848,TWO,aqueduct
1849,TWO,rejuvenate
1850,TWO,numerology
1851,TWO,montage
1852,TWO,mosaic
1853,TWO,pathogen
1854,TWO,ferret
1855,TWO,tubular
1856,TWO,Paleozoic
1857,TWO,compendium
1858,TWO,centipede
1859,TWO,acrostic
1860,TWO,widdershins
1861,TWO,dodecahedron
1862,TWO,funnel
1863,TWO,unmoored
1864,TWO,attendee
1865,TWO,anthropology
1866,TWO,hostile
1867,TWO,rictus
1868,TWO,syndicate
1869,TWO,yardang
1870,TWO,nomenclature
1871,TWO,cruciferous
1872,TWO,subsequent
1873,TWO,vengeance
1874,TWO,chrysalis
1875,TWO,fluctuation
1876,TWO,botany
1877,TWO,macchiato
1878,TWO,whet
1879,TWO,modular
1880,TWO,bethesda
1881,TWO,flabbergast
1882,TWO,Holocaust
1883,TWO,ancillary
1884,TWO,blatant
1885,TWO,kleptocrat
1886,TWO,cartilage
1887,TWO,accolade
1888,TWO,augment
1889,TWO,toile
1890,TWO,pyramid
1891,TWO,neuropathy
1892,TWO,coeval
1893,TWO,connivery
1894,TWO,acoustic
1895,TWO,plaudits
1896,TWO,terminus
1897,TWO,surrealist
1898,TWO,curio
1899,TWO,impresario
1900,TWO,eruption
1901,TWO,serenade
1902,TWO,agitation
1903,TWO,secession
1904,TWO,ombudsman
1905,TWO,bruschetta
1906,TWO,auburn
1907,TWO,heptad
1908,TWO,tremulous
1909,TWO,digression
1910,TWO,hydrant
1911,TWO,dictum
1912,TWO,virtually
1913,TWO,engineer
1914,TWO,scythe
1915,TWO,intricate
1916,TWO,zeppelin
1917,TWO,premonition
1918,TWO,glissando
1919,TWO,pilcrow
1920,TWO,duplicitous
1921,TWO,annotate
1922,TWO,superficiality
1923,TWO,stereotypical
1924,TWO,stomach
1925,TWO,porosity
1926,TWO,protectorate
1927,TWO,vehemence
1928,TWO,marooned
1929,TWO,bergamot
1930,TWO,demonstrative
1931,TWO,tandoori
1932,TWO,placards
1933,TWO,fervorous
1934,TWO,volary
1935,TWO,telepathic
1936,TWO,megalomaniac
1937,TWO,succumb
1938,TWO,corral
1939,TWO,septennial
1940,TWO,volery
1941,TWO,banquet
1942,TWO,posse
1943,TWO,fervently
1944,TWO,credulity
1945,TWO,hypotenuse
1946,TWO,follicle
1947,TWO,upbraid
1948,TWO,declension
1949,TWO,divestiture
1950,TWO,dissonance
1951,TWO,emancipatory
1952,TWO,brochure
1953,TWO,pancreas
1954,TWO,berserk
1955,TWO,roseola
1956,TWO,shoji
1957,TWO,supine
1958,TWO,grotesqueness
1959,TWO,expunge
1960,TWO,cathedral
1961,TWO,installation
1962,TWO,auditorium
1963,TWO,fracas
1964,TWO,privatim
1965,TWO,maize
1966,TWO,deciduous
1967,TWO,harbinger
1968,TWO,reconcilable
1969,TWO,disrepair
1970,TWO,eradicate
1971,TWO,metastasize
1972,TWO,baleen
1973,TWO,raptatorial
1974,TWO,evaluate
1975,TWO,photogenic
1976,TWO,krypton
1977,TWO,quintessential
1978,TWO,Einstein
1979,TWO,sobriety
1980,TWO,mastodon
1981,TWO,rehearsal
1982,TWO,ethanol
1983,TWO,pollutant
1984,TWO,municipal
1985,TWO,manumit
1986,TWO,denticulate
1987,TWO,irritability
1988,TWO,quadriceps
1989,TWO,brouhaha
1990,TWO,adversaria
1991,TWO,dentifrice
1992,TWO,supplicate
1993,TWO,vainglorious
1994,TWO,tachycardia
1995,TWO,pedantry
1996,TWO,turbinado
1997,TWO,collegiality
1998,TWO,torsion
1999,TWO,ataxia
2000,TWO,triceratops
2001,TWO,performance
2002,TWO,equivocate
2003,TWO,mahogany
2004,TWO,documentary
2005,TWO,capillary
2006,TWO,flambé
2007,TWO,clemency
2008,TWO,fission
2009,TWO,moribund
2010,TWO,bromide
2011,TWO,disposition
2012,TWO,patronymic
2013,TWO,backgammon
2014,TWO,boondoggle
2015,TWO,recriminatory
2016,TWO,algae
2017,TWO,remonstrance
2018,TWO,odometer
2019,TWO,intuitable
2020,TWO,phylum
2021,TWO,subaqueous
2022,TWO,reminiscent
2023,TWO,smithereens
2024,TWO,uvula
2025,TWO,divvy
2026,TWO,hypochondria
2027,TWO,recusancy
2028,TWO,menial
2029,TWO,curator
2030,TWO,enumerated
2031,TWO,fatuously
2032,TWO,obstetrician
2033,TWO,retrocedence
2034,TWO,Moroccan
2035,TWO,judicious
2036,TWO,desertification
2037,TWO,fraudulent
2038,TWO,replete
2039,TWO,cauterize
2040,TWO,clearance
2041,TWO,vice versa
2042,TWO,quirky
2043,TWO,necessity
2044,TWO,raucous
2045,TWO,immolate
2046,TWO,assure
2047,TWO,exercise
2048,TWO,arraign
2049,TWO,piety
2050,TWO,Brandywine
2051,TWO,résumé
2052,TWO,compatriots
2053,TWO,civet
2054,TWO,elegant
2055,TWO,veritable
2056,TWO,surreptitious
2057,TWO,extensive
2058,TWO,liaise
2059,TWO,pancetta
2060,TWO,minacious
2061,TWO,sashay
2062,TWO,surplus
2063,TWO,transcend
2064,TWO,quotidian
2065,TWO,waiver
2066,TWO,vindictive
2067,TWO,sciatica
2068,TWO,impediment
2069,TWO,freneticism
2070,TWO,matriculation
2071,TWO,decennial
2072,TWO,implacable
2073,TWO,discomfiture
2074,TWO,revenant
2075,TWO,merino
2076,TWO,revulsive
2077,TWO,dynamite
2078,TWO,logarithmic
2079,TWO,emphysema
2080,TWO,topgallant
2081,TWO,pestilence
2082,TWO,gaucho
2083,TWO,Gemini
2084,TWO,regicide
2085,TWO,stridency
2086,TWO,clandestine
2087,TWO,mordant
2088,TWO,capsule
2089,TWO,retinol
2090,TWO,hubris
2091,TWO,acetone
2092,TWO,genealogical
2093,TWO,posthumous
2094,TWO,tragedian
2095,TWO,corpulent
2096,TWO,hibernaculum
2097,TWO,cerebellum
2098,TWO,pomposity
2099,TWO,QWERTY
2100,TWO,fajitas
2101,TWO,potpourri
2102,TWO,bandicoot
2103,TWO,pantomime
2104,TWO,neonatology
2105,TWO,foosball
2106,TWO,felonious
2107,TWO,pallor
2108,TWO,malinger
2109,TWO,prima donna
2110,TWO,pituitary
2111,TWO,accentuate
2112,TWO,palatial
2113,TWO,Yorkshire
2114,TWO,parliamentary
2115,TWO,praxis
2116,TWO,fleetness
2117,TWO,ascension
2118,TWO,Mecca
2119,TWO,Belgravia
2120,TWO,rebarbative
2121,TWO,Tinseltown
2122,TWO,anonymity
2123,TWO,venue
2124,TWO,albeit
2125,TWO,casserole
2126,TWO,olympiad
2127,TWO,sorrel
2128,TWO,carcinogenic
2129,TWO,microfiche
2130,TWO,vermicide
2131,TWO,semester
2132,TWO,crocodile
2133,TWO,McCoy
2134,TWO,detritus
2135,TWO,quadrilateral
2136,TWO,echelon
2137,TWO,sacrament
2138,TWO,venerable
2139,TWO,histrionics
2140,TWO,anorak
2141,TWO,turpentine
2142,TWO,supremacy
2143,TWO,terra-cotta
2144,TWO,chemise
2145,TWO,cashier
2146,TWO,enviable
2147,TWO,cellophane
2148,TWO,clowder
2149,TWO,moratorium
2150,TWO,campanology
2151,TWO,polysemy
2152,TWO,extrapolate
2153,TWO,indulgent
2154,TWO,occultation
2155,TWO,cognizant
2156,TWO,persuasible
2157,TWO,stampede
2158,TWO,extinguish
2159,TWO,occipital
2160,TWO,Chihuahua
2161,TWO,cognisant
2162,TWO,desultorily
2163,TWO,forfeit
2164,TWO,pilaster
2165,TWO,predicament
2166,TWO,promontory
2167,TWO,languish
2168,TWO,papyrus
2169,TWO,armadillo
2170,TWO,perceptible
2171,TWO,provincial
2172,TWO,shar-pei
2173,TWO,protuberant
2174,TWO,El Niño
2175,TWO,overweening
2176,TWO,dystopia
2177,TWO,antithesis
2178,TWO,narcoleptic
2179,TWO,chortle
2180,TWO,anchorage
2181,TWO,sacrosanct
2182,TWO,muesli
2183,TWO,gouge
2184,TWO,efface
2185,TWO,unscathed
2186,TWO,conundrum
2187,TWO,syringe
2188,TWO,crux
2189,TWO,salivate
2190,TWO,sycophant
2191,TWO,raclette
2192,TWO,debilitate
2193,TWO,eclipse
2194,TWO,wordmonger
2195,TWO,laity
2196,TWO,bellwether
2197,TWO,superstitious
2198,TWO,mittimus
2199,TWO,espadrille
2200,TWO,wobbulator
2201,TWO,indolent
2202,TWO,clarinet
2203,TWO,mawkish
2204,TWO,mellifluous
2205,TWO,corgi
2206,TWO,caffeine
2207,TWO,jimberjawed
2208,TWO,syllabus
2209,TWO,arithmetic
2210,TWO,olfactory
2211,TWO,pliant
2212,TWO,panacea
2213,TWO,toilsome
2214,TWO,animus
2215,TWO,depredation
2216,TWO,en masse
2217,TWO,billiards
2218,TWO,cabaret
2219,TWO,tempestuous
2220,TWO,trillium
2221,TWO,ignominious
2222,TWO,stroganoff
2223,TWO,obstreperous
2224,TWO,froufrou
2225,TWO,univocal
2226,TWO,Dalmatian
2227,TWO,auction
2228,TWO,procrastinate
2229,TWO,frabjous
2230,TWO,eschew
2231,TWO,avarice
2232,TWO,ufology
2233,TWO,assiduous
2234,TWO,purification
2235,TWO,spiracle
2236,TWO,ventricle
2237,TWO,bouclé
2238,TWO,cholera
2239,TWO,diligence
2240,TWO,plantain
2241,TWO,Formica
2242,TWO,inducement
2243,TWO,boucle
2244,TWO,minuscule
2245,TWO,bodega
2246,TWO,aperture
2247,TWO,Mylar
2248,TWO,vanguard
2249,TWO,thoroughbred
2250,TWO,miniscule
2251,TWO,bona fide
2252,TWO,rhythmically
2253,TWO,rustication
2254,TWO,portrait
2255,TWO,potassium
2256,TWO,jeepney
2257,TWO,gustatory
2258,TWO,shazam
2259,TWO,globular
2260,TWO,tepidity
2261,TWO,peculate
2262,TWO,volucrine
2263,TWO,obliterate
2264,TWO,bountiful
2265,TWO,stellular
2266,TWO,meridian
2267,TWO,treatise
2268,TWO,populace
2269,TWO,legalese
2270,TWO,pantheon
2271,TWO,akimbo
2272,TWO,spontaneity
2273,TWO,undergird
2274,TWO,vetiver
2275,TWO,rudiments
2276,TWO,marimba
2277,TWO,derisive
2278,TWO,platinum
2279,TWO,oompah
2280,TWO,parameters
2281,TWO,monitory
2282,TWO,conduit
2283,TWO,ineluctable
2284,TWO,nonnegotiable
2285,TWO,adulation
2286,TWO,inflammable
2287,TWO,equilibrium
2288,TWO,bravado
2289,TWO,eerily
2290,TWO,disparate
2291,TWO,minutia
2292,TWO,pyrotechnics
2293,TWO,roustabout
2294,TWO,beneficent
2295,TWO,funambulist
2296,TWO,artifice
2297,TWO,anticipatory
2298,TWO,mollify
2299,TWO,trifle
2300,TWO,indict
2301,TWO,apotheosis
2302,TWO,cymbals
2303,TWO,chinook
2304,TWO,cohesive
2305,TWO,ambrosial
2306,TWO,epitome
2307,TWO,entrée
2308,TWO,nucleated
2309,TWO,indigent
2310,TWO,stigmata
2311,TWO,simultaneity
2312,TWO,annulment
2313,TWO,homeostasis
2314,TWO,exorbitant
2315,TWO,merganser
2316,TWO,prolix
2317,TWO,gastronome
2318,TWO,vegetarian
2319,TWO,calamari
2320,TWO,reparations
2321,TWO,sternum
2322,TWO,mitochondria
2323,TWO,epithet
2324,TWO,surimi
2325,TWO,prehensile
2326,TWO,constabulary
2327,TWO,par excellence
2328,TWO,onomatopoeia
2329,TWO,encroach
2330,TWO,besmirch
2331,TWO,somatotype
2332,TWO,speculate
2333,TWO,thwartwise
2334,TWO,lavender
2335,TWO,acacia
2336,TWO,trespass
2337,TWO,bizarro
2338,TWO,stratosphere
2339,TWO,tae kwon do
2340,TWO,tensile
2341,TWO,tetanus
2342,TWO,commandeer
2343,TWO,dissemble
2344,TWO,noxious
2345,TWO,fenestrated
2346,TWO,gaudery
2347,TWO,scarlatina
2348,TWO,bonsai
2349,TWO,gallant
2350,TWO,arbitrary
2351,TWO,lugubrious
2352,TWO,luxuriate
2353,TWO,ciao
2354,TWO,university
2355,TWO,intensify
2356,TWO,quasar
2357,TWO,isosceles
2358,TWO,cavalcade
2359,TWO,genome
2360,TWO,celestial
2361,TWO,hurriedly
2362,TWO,Podunk
2363,TWO,hoity-toity
2364,TWO,gladiatorial
2365,TWO,inviolable
2366,TWO,preposterous
2367,TWO,corrosive
2368,TWO,seize
2369,TWO,Mesopotamian
2370,TWO,machination
2371,TWO,contrite
2372,TWO,extant
2373,TWO,afghan
2374,TWO,pathos
2375,TWO,Muzak
2376,TWO,pugnacious
2377,TWO,patrician
2378,TWO,cogently
2379,TWO,odontiasis
2380,TWO,equinox
2381,TWO,vicinity
2382,TWO,peruse
2383,TWO,enervate
2384,TWO,auricular
2385,TWO,stratification
2386,TWO,prosperous
2387,TWO,merely
2388,TWO,alluvial
2389,TWO,turophile
2390,TWO,settee
2391,TWO,tomahawk
2392,TWO,sclerosis
2393,TWO,abominable
2394,TWO,epicurean
2395,TWO,Patagonia
2396,TWO,legitimately
2397,TWO,artesian
2398,TWO,ablaut
2399,TWO,procedure
2400,TWO,derelict
2401,TWO,vanquish
2402,TWO,inoculate
2403,TWO,mendacious
2404,TWO,anabolic
2405,TWO,limpid
2406,TWO,revelation
2407,TWO,ectoplasm
2408,TWO,heleoplankton
2409,TWO,gubernatorial
2410,TWO,pungent
2411,TWO,pagoda
2412,TWO,ottoman
2413,TWO,fiscal
2414,TWO,epitaphs
2415,TWO,multivalent
2416,TWO,mandrill
2417,TWO,establishment
2418,TWO,logographic
2419,TWO,oblige
2420,TWO,solitaire
2421,TWO,artillery
2422,TWO,gibbous
2423,TWO,ruminate
2424,TWO,armistice
2425,TWO,viscount
2426,TWO,dishevel
2427,TWO,quotient
2428,TWO,extracurricular
2429,TWO,sympathy
2430,TWO,cryogenic
2431,TWO,plague
2432,TWO,Limburger
2433,TWO,ricotta
2434,TWO,punctuation
2435,TWO,puniness
2436,TWO,catalyst
2437,TWO,preferential
2438,TWO,tuffet
2439,TWO,guttural
2440,TWO,nautilus
2441,TWO,lingua franca
2442,TWO,thespian
2443,TWO,bazooka
2444,TWO,epact
2445,TWO,atrocious
2446,TWO,thievery
2447,TWO,triforium
2448,TWO,submersible
2449,TWO,complacency
2450,TWO,abstruse
2451,TWO,vivacious
2452,TWO,dragoon
2453,TWO,déjà vu
2454,TWO,extemporaneous
2455,TWO,kraken
2456,TWO,nephrolith
2457,TWO,xenoglossy
2458,TWO,yuzu
2459,TWO,déjà vue
2460,TWO,ungetatable
2461,TWO,stanzaic
2462,TWO,adipose
2463,TWO,smorgasbord
2464,TWO,ritziness
2465,TWO,calabash
2466,TWO,unilaterally
2467,TWO,putrescent
2468,TWO,quorum
2469,TWO,electrode
2470,TWO,gazette
2471,TWO,chute
2472,TWO,ordinance
2473,TWO,nostalgia
2474,TWO,pharynx
2475,TWO,sporadically
2476,TWO,continuum
2477,TWO,shute
2478,TWO,ursine
2479,TWO,dechlorinate
2480,TWO,epistolary
2481,TWO,sudation
2482,TWO,pachyderm
2483,TWO,impermeable
2484,TWO,arduous
2485,TWO,unconscionable
2486,TWO,pursuit
2487,TWO,cytoplasm
2488,TWO,symposium
2489,TWO,trepidation
2490,TWO,carnitas
2491,TWO,Pembroke
2492,TWO,esoteric
2493,TWO,affectionately
2494,TWO,floribunda
2495,TWO,collision
2496,TWO,bulgogi
2497,TWO,liquefaction
2498,TWO,grapheme
2499,TWO,Pulitzer
2500,TWO,salience
2501,TWO,scarab
2502,TWO,fibromyalgia
2503,TWO,palazzo
2504,TWO,trigonometry
2505,TWO,vitreous
2506,TWO,molasses
2507,TWO,veganism
2508,TWO,terrier
2509,TWO,miasma
2510,TWO,alloy
2511,TWO,wraith
2512,TWO,classical
2513,TWO,humerus
2514,TWO,captivated
2515,TWO,concoct
2516,TWO,Belgium
2517,TWO,insulin
2518,TWO,fungible
2519,TWO,vagabonds
2520,TWO,onus
2521,TWO,modicum
2522,TWO,audacious
2523,TWO,phlegmatic
2524,TWO,Gothamite
2525,TWO,variegated
2526,TWO,precursor
2527,TWO,javelin
2528,TWO,exasperate
2529,TWO,spasmodic
2530,TWO,affable
2531,TWO,volition
2532,TWO,mochi
2533,TWO,spoonerism
2534,TWO,Mandarin
2535,TWO,bouquet
2536,TWO,dopamine
2537,TWO,gossamer
2538,TWO,feign
2539,TWO,complicit
2540,TWO,Kelvin
2541,TWO,denizen
2542,TWO,pitiful
2543,TWO,vincible
2544,TWO,dementia
2545,TWO,gyrocopter
2546,TWO,vellum
2547,TWO,duopoly
2548,TWO,ammunition
2549,TWO,factitious
2550,TWO,voilà
2551,TWO,medieval
2552,TWO,enunciate
2553,TWO,alpinist
2554,TWO,pariah
2555,TWO,sculpture
2556,TWO,voila
2557,TWO,mediaeval
2558,TWO,tarsier
2559,TWO,abracadabra
2560,TWO,prodigious
2561,TWO,annuity
2562,TWO,habanero
2563,TWO,licensure
2564,TWO,autodidact
2565,TWO,plethora
2566,TWO,denominator
2567,TWO,quid pro quo
2568,TWO,Francophone
2569,TWO,Herculean
2570,TWO,parable
2571,TWO,rappelled
2572,TWO,prorogue
2573,TWO,curmudgeon
2574,TWO,convivium
2575,TWO,pilgrimages
2576,TWO,rowan
2577,TWO,conceit
2578,TWO,fecund
2579,TWO,cushion
2580,TWO,atrium
2581,TWO,oriel
2582,TWO,tripartite
2583,TWO,tapas
2584,TWO,laceration
2585,TWO,tutelage
2586,TWO,italicization
2587,TWO,preeminent
2588,TWO,Bohemian
2589,TWO,sediment
2590,TWO,nexus
2591,TWO,domiciled
2592,TWO,preliminary
2593,TWO,alfresco
2594,TWO,succinct
2595,TWO,emulate
2596,TWO,decor
2597,TWO,theorem
2598,TWO,echoed
2599,TWO,loquacious
2600,TWO,inquietude
2601,TWO,caveat
2602,TWO,décor
2603,TWO,accrual
2604,TWO,reticulated
2605,TWO,prosthetic
2606,TWO,compunction
2607,TWO,doubloons
2608,TWO,duchy
2609,TWO,grandeur
2610,TWO,authenticate
2611,TWO,latency
2612,TWO,decumbiture
2613,TWO,oscillation
2614,TWO,enzyme
2615,TWO,quandary
2616,TWO,ornithology
2617,TWO,sanctimonious
2618,TWO,racketeer
2619,TWO,Vatican
2620,TWO,dinero
2621,TWO,equanimity
2622,TWO,apropos
2623,TWO,peremptory
2624,TWO,solder
2625,TWO,fucoid
2626,TWO,comestibles
2627,TWO,thermos
2628,TWO,pessimum
2629,TWO,infarction
2630,TWO,interim
2631,TWO,parley
2632,TWO,stenographer
2633,TWO,acrylics
2634,TWO,amateurish
2635,TWO,cedar
2636,TWO,definiendum
2637,TWO,meningitis
2638,TWO,mezzanine
2639,TWO,imminent
2640,TWO,intransigent
2641,TWO,udon
2642,TWO,dandle
2643,TWO,nutation
2644,TWO,lozenge
2645,TWO,hieroglyphics
2646,TWO,intransigeant
2647,TWO,gourd
2648,TWO,effete
2649,TWO,nutria
2650,TWO,tedious
2651,TWO,oculus
2652,TWO,tyrannical
2653,TWO,verbatim
2654,TWO,Antigua
2655,TWO,sedge
2656,TWO,resonate
2657,TWO,dubiously
2658,TWO,pearlescent
2659,TWO,joule
2660,TWO,vaudeville
2661,TWO,capstan
2662,TWO,suspicion
2663,TWO,mariposa
2664,TWO,tautology
2665,TWO,niacin
2666,TWO,frisket
2667,TWO,vicarious
2668,TWO,repudiate
2669,TWO,teleology
2670,TWO,misconstrue
2671,TWO,courage
2672,TWO,brockage
2673,TWO,alate
2674,TWO,emporium
2675,TWO,bowyer
2676,TWO,sagacious
2677,TWO,arabesque
2678,TWO,malapropism
2679,TWO,victimology
2680,TWO,Victorian
2681,TWO,infatuation
2682,TWO,mammalian
2683,TWO,cylindrical
2684,TWO,pelf
2685,TWO,ibex
2686,TWO,forestallment
2687,TWO,abysmal
2688,TWO,tranquil
2689,TWO,tephra
2690,TWO,aqueous
2691,TWO,cudgel
2692,TWO,Iberian
2693,TWO,chambray
2694,TWO,behemoth
2695,TWO,lackadaisical
2696,TWO,Dianthus
2697,TWO,bicameral
2698,TWO,fluency
2699,TWO,rhombus
2700,TWO,equestrian
2701,TWO,silhouette
2702,TWO,olingo
2703,TWO,irrigation
2704,TWO,invective
2705,TWO,revendicate
2706,TWO,nominal
2707,TWO,dismal
2708,TWO,Halifax
2709,TWO,labradoodle
2710,TWO,occur
2711,TWO,jonquil
2712,TWO,draconian
2713,TWO,consortium
2714,TWO,concordance
2715,TWO,portico
2716,TWO,claustrophobia
2717,TWO,pensive
2718,TWO,trebuchet
2719,TWO,tuition
2720,TWO,huerta
2721,TWO,corsage
2722,TWO,idyllic
2723,TWO,quarantine
2724,TWO,ransom
2725,TWO,multifarious
2726,TWO,vascular
2727,TWO,smellfungus
2728,TWO,coralline
2729,TWO,schnitzel
2730,TWO,iambic
2731,TWO,unanimous
2732,TWO,wentletrap
2733,TWO,arboretum
2734,TWO,abhenry
2735,TWO,rialto
2736,TWO,monocle
2737,TWO,soporific
2738,TWO,serrated
2739,TWO,Zamboni
2740,TWO,chromosome
2741,TWO,delphinium
2742,TWO,apocalypse
2743,TWO,tupelo
2744,TWO,poblano
2745,TWO,blarney
2746,TWO,braggart
2747,TWO,obelisk
2748,TWO,cemetery
2749,TWO,cadaverous
2750,TWO,conclave
2751,TWO,diacritic
2752,TWO,relentlessly
2753,TWO,diurnal
2754,TWO,anticoagulant
2755,TWO,prowess
2756,TWO,Gregorian
2757,TWO,mephitic
2758,TWO,opalescence
2759,TWO,prejudice
2760,TWO,euro
2761,TWO,dromedary
2762,TWO,rebuff
2763,TWO,complementary
2764,TWO,polyglot
2765,TWO,bombastic
2766,TWO,Gouda
2767,TWO,squalid
2768,TWO,taverna
2769,TWO,Philistine
2770,TWO,velociraptor
2771,TWO,cistern
2772,TWO,endocrine
2773,TWO,tracheotomy
2774,TWO,illicitly
2775,TWO,dyspeptic
2776,TWO,puree
2777,TWO,exquisite
2778,TWO,presumptuous
2779,TWO,firmament
2780,TWO,cribbage
2781,TWO,inglorious
2782,TWO,manticore
2783,TWO,epsilon
2784,TWO,doubt
2785,TWO,paramountcy
2786,TWO,crith
2787,TWO,louche
2788,TWO,chronometer
2789,TWO,petroglyphs
2790,TWO,unkempt
2791,TWO,sultana
2792,TWO,Namibian
2793,TWO,avatar
2794,TWO,cherubic
2795,TWO,specious
2796,TWO,cursive
2797,TWO,agrarian
2798,TWO,tricenary
2799,TWO,grandiloquent
2800,TWO,wherewithal
2801,TWO,pumice
2802,TWO,binoculars
2803,TWO,collapsar
2804,TWO,triste
2805,TWO,armature
2806,TWO,inquisitor
2807,TWO,zodiac
2808,TWO,apportion
2809,TWO,exhibition
2810,TWO,interred
2811,TWO,maidenhair
2812,TWO,chemistry
2813,TWO,artery
2814,TWO,gurney
2815,TWO,ministrations
2816,TWO,legerity
2817,TWO,aureole
2818,TWO,spinosity
2819,TWO,demerits
2820,TWO,grande dame
2821,TWO,domesticity
2822,TWO,procurement
2823,TWO,Acadians
2824,TWO,prespinous
2825,TWO,diaspora
2826,TWO,verism
2827,TWO,episcopal
2828,TWO,cribo
2829,TWO,Gippsland
2830,TWO,cladistics
2831,TWO,pious
2832,TWO,dramatization
2833,TWO,consecrate
2834,TWO,colubrine
2835,TWO,froward
2836,TWO,gasiform
2837,TWO,borough
2838,TWO,nonconformist
2839,TWO,trituration
2840,TWO,immie
2841,TWO,ensconced
2842,TWO,valuator
2843,TWO,volatile
2844,TWO,château
2845,TWO,neoterism
2846,TWO,aretalogy
2847,TWO,cattalo
2848,TWO,deserter
2849,TWO,gnocchi
2850,TWO,erroneous
2851,TWO,interregnum
2852,TWO,sessile
2853,TWO,catalo
2854,TWO,jankers
2855,TWO,surety
2856,TWO,tam-o
2857,TWO,viaticum
2858,TWO,du jour
2859,TWO,hypogeous
2860,TWO,Evactor
2861,TWO,pileus
2862,TWO,trillado
2863,TWO,homiletics
2864,TWO,lanceolate
2865,TWO,possessive
2866,TWO,fez
2867,TWO,per se
2868,TWO,psalmody
2869,TWO,bowsprit
2870,TWO,venial
2871,TWO,glengarry
2872,TWO,peradventure
2873,TWO,omnilegent
2874,TWO,Charon
2875,TWO,seton
2876,TWO,commissioner
2877,TWO,Ryeland
2878,TWO,princeps
2879,TWO,chupacabra
2880,THREE,cladding
2881,THREE,rummages
2882,THREE,astrologers
2883,THREE,bipolar
2884,THREE,politesse
2885,THREE,arcane
2886,THREE,scallion
2887,THREE,constricting
2888,THREE,devout
2889,THREE,torpid
2890,THREE,chanteuse
2891,THREE,soleil
2892,THREE,stealthily
2893,THREE,inevitable
2894,THREE,shrike
2895,THREE,featherbrained
2896,THREE,arrondissement
2897,THREE,copse
2898,THREE,warden
2899,THREE,engrossed
2900,THREE,Vancouver
2901,THREE,immoderate
2902,THREE,carabinieri
2903,THREE,scabbard
2904,THREE,copious
2905,THREE,strife
2906,THREE,conjure
2907,THREE,arrayed
2908,THREE,tamarisk
2909,THREE,courtiers
2910,THREE,hurtle
2911,THREE,hindmost
2912,THREE,stalagmite
2913,THREE,countenance
2914,THREE,liana
2915,THREE,assuage
2916,THREE,fester
2917,THREE,eviction
2918,THREE,traitorous
2919,THREE,scepter
2920,THREE,sibilant
2921,THREE,adjutant
2922,THREE,intoxicating
2923,THREE,protruding
2924,THREE,condominium
2925,THREE,sceptre
2926,THREE,au revoir
2927,THREE,inexorably
2928,THREE,outlandish
2929,THREE,substantial
2930,THREE,impenetrable
2931,THREE,scourge
2932,THREE,bitumen
2933,THREE,disgorged
2934,THREE,porcupine
2935,THREE,hooey
2936,THREE,intercede
2937,THREE,irreverent
2938,THREE,sacristy
2939,THREE,Algiers
2940,THREE,lurching
2941,THREE,blight
2942,THREE,defector
2943,THREE,apparition
2944,THREE,Salzkammergut
2945,THREE,primavera
2946,THREE,ineffective
2947,THREE,fronds
2948,THREE,livery
2949,THREE,dosages
2950,THREE,frisson
2951,THREE,souterrain
2952,THREE,trough
2953,THREE,authority
2954,THREE,scuttlebutt
2955,THREE,superintendent
2956,THREE,Aachen
2957,THREE,knickerbockers
2958,THREE,parchment
2959,THREE,minimize
2960,THREE,battalion
2961,THREE,exhalation
2962,THREE,oriole
2963,THREE,litany
2964,THREE,leach
2965,THREE,minimise
2966,THREE,chalet
2967,THREE,discord
2968,THREE,Ganges
2969,THREE,unsullied
2970,THREE,wrath
2971,THREE,flamingos
2972,THREE,Lutheran
2973,THREE,clamorous
2974,THREE,niagara
2975,THREE,Carthusian
2976,THREE,corporate
2977,THREE,flamingoes
2978,THREE,roiling
2979,THREE,grimaces
2980,THREE,carrion
2981,THREE,maharaja
2982,THREE,propane
2983,THREE,mechanics
2984,THREE,psychiatrist
2985,THREE,inheritance
2986,THREE,samosas
2987,THREE,maharajah
2988,THREE,dissuade
2989,THREE,bankrupt
2990,THREE,disconcerting
2991,THREE,plumage
2992,THREE,chalice
2993,THREE,Upanishads
2994,THREE,profusion
2995,THREE,insurance
2996,THREE,Jesuit
2997,THREE,epaulet
2998,THREE,necromancer
2999,THREE,Upanisads
3000,THREE,appalling
3001,THREE,dismayed
3002,THREE,fodder
3003,THREE,epaulette
3004,THREE,proffered
3005,THREE,arret
3006,THREE,divulge
3007,THREE,offspring
3008,THREE,sinuously
3009,THREE,propound
3010,THREE,colonel
3011,THREE,marquee
3012,THREE,meditation
3013,THREE,pillage
3014,THREE,irreversible
3015,THREE,chauffeurs
3016,THREE,subaltern
3017,THREE,franchise
3018,THREE,anguish
3019,THREE,barricade
3020,THREE,disconsolate
3021,THREE,Etruscan
3022,THREE,pretentious
3023,THREE,increments
3024,THREE,moustache
3025,THREE,testosterone
3026,THREE,cloisters
3027,THREE,embellishes
3028,THREE,Odin
3029,THREE,mustache
3030,THREE,minivets
3031,THREE,redound
3032,THREE,appropriate
3033,THREE,parishioner
3034,THREE,unprepossessing
3035,THREE,proscenium
3036,THREE,Benedictine
3037,THREE,imaret
3038,THREE,allelopathy
3039,THREE,cinerarium
3040,THREE,hierurgical
3041,THREE,kathakali
3042,THREE,onychorrhexis
3043,THREE,cornichon
3044,THREE,capoeira
3045,THREE,polemic
3046,THREE,melee
3047,THREE,cozen
3048,THREE,paraffin
3049,THREE,devastavit
3050,THREE,agnolotti
3051,THREE,paladin
3052,THREE,emolument
3053,THREE,oxalis
3054,THREE,vigneron
3055,THREE,Mediterranean
3056,THREE,ballabile
3057,THREE,totipotency
3058,THREE,ikebana
3059,THREE,myeloma
3060,THREE,tannined
3061,THREE,longevous
3062,THREE,draegerman
3063,THREE,agnomen
3064,THREE,exaugural
3065,THREE,lebensraum
3066,THREE,spiedini
3067,THREE,digerati
3068,THREE,prescient
3069,THREE,Bauhaus
3070,THREE,gaillardia
3071,THREE,mufti
3072,THREE,anhinga
3073,THREE,solecism
3074,THREE,Fribourg
3075,THREE,sacerdotal
3076,THREE,caryatid
3077,THREE,dirigible
3078,THREE,jai alai
3079,THREE,hypertrophy
3080,THREE,proselytizer
3081,THREE,skeuomorph
3082,THREE,heliacal
3083,THREE,surcease
3084,THREE,Rastafarian
3085,THREE,ravigote
3086,THREE,proselytiser
3087,THREE,binturong
3088,THREE,schefflera
3089,THREE,ascetic
3090,THREE,succussion
3091,THREE,inchoate
3092,THREE,tenon
3093,THREE,mamushi
3094,THREE,contrapposto
3095,THREE,oolite
3096,THREE,avifauna
3097,THREE,judoka
3098,THREE,nubilous
3099,THREE,lipophilic
3100,THREE,temblor
3101,THREE,revanche
3102,THREE,joropo
3103,THREE,vaccary
3104,THREE,iatrogenic
3105,THREE,codicil
3106,THREE,insouciance
3107,THREE,megrims
3108,THREE,toxicosis
3109,THREE,Adelaide
3110,THREE,onychitis
3111,THREE,coulomb
3112,THREE,catarrh
3113,THREE,podagra
3114,THREE,colporteur
3115,THREE,unwonted
3116,THREE,roux
3117,THREE,violaceous
3118,THREE,quattrocento
3119,THREE,palaver
3120,THREE,colporter
3121,THREE,tazza
3122,THREE,tuatara
3123,THREE,Rorschach
3124,THREE,millegrain
3125,THREE,luthier
3126,THREE,agitprop
3127,THREE,damson
3128,THREE,chicle
3129,THREE,arthralgia
3130,THREE,canaille
3131,THREE,yttriferous
3132,THREE,Achernar
3133,THREE,pelisse
3134,THREE,sulcus
3135,THREE,desman
3136,THREE,verisimilitude
3137,THREE,vermeil
3138,THREE,cassock
3139,THREE,succade
3140,THREE,thalamus
3141,THREE,jacaranda
3142,THREE,Keynesian
3143,THREE,Ouagadougou
3144,THREE,meringue
3145,THREE,tumulus
3146,THREE,gyttja
3147,THREE,huapango
3148,THREE,akaryote
3149,THREE,bibliopegist
3150,THREE,mackinaw
3151,THREE,dorsiflexor
3152,THREE,jibboom
3153,THREE,predilection
3154,THREE,azulejo
3155,THREE,plagiarism
3156,THREE,sambal
3157,THREE,profiterole
3158,THREE,vestigial
3159,THREE,entomophagy
3160,THREE,hauberk
3161,THREE,holobenthic
3162,THREE,yuloh
3163,THREE,valetudinary
3164,THREE,Orwellian
3165,THREE,paronomasia
3166,THREE,bouillon
3167,THREE,boutonniere
3168,THREE,hermeneutics
3169,THREE,aristoi
3170,THREE,gimbaled
3171,THREE,facsimile
3172,THREE,tarpaulin
3173,THREE,anodyne
3174,THREE,tikkun
3175,THREE,vireo
3176,THREE,gimballed
3177,THREE,renminbi
3178,THREE,cephalopod
3179,THREE,saccharide
3180,THREE,macaque
3181,THREE,rococo
3182,THREE,cabaletta
3183,THREE,interferon
3184,THREE,pulchritude
3185,THREE,boulevardier
3186,THREE,lassitude
3187,THREE,lachsschinken
3188,THREE,hesped
3189,THREE,sedulous
3190,THREE,pekoe
3191,THREE,quokka
3192,THREE,oeuvre
3193,THREE,wakame
3194,THREE,umami
3195,THREE,velouté
3196,THREE,patois
3197,THREE,lidocaine
3198,THREE,altazimuth
3199,THREE,bathos
3200,THREE,persiflage
3201,THREE,Aesopian
3202,THREE,Rubicon
3203,THREE,contretemps
3204,THREE,Castilian
3205,THREE,nihilism
3206,THREE,toreador
3207,THREE,frigate
3208,THREE,bourgeois
3209,THREE,a posteriori
3210,THREE,trichinosis
3211,THREE,ustion
3212,THREE,vermicelli
3213,THREE,enoptromancy
3214,THREE,aerophilatelic
3215,THREE,scaberulous
3216,THREE,ecclesiology
3217,THREE,sumpsimus
3218,THREE,frangipane
3219,THREE,satiety
3220,THREE,ankh
3221,THREE,anaglyphy
3222,THREE,teppanyaki
3223,THREE,morel
3224,THREE,reseau
3225,THREE,perorate
3226,THREE,contumelious
3227,THREE,reconnoiter
3228,THREE,cicatrize
3229,THREE,abeyance
3230,THREE,moulage
3231,THREE,danseur
3232,THREE,vicissitudes
3233,THREE,reconnoitre
3234,THREE,somnolent
3235,THREE,rongeur
3236,THREE,interpellate
3237,THREE,chevalier
3238,THREE,lilliputian
3239,THREE,realpolitik
3240,THREE,intonaco
3241,THREE,mountebank
3242,THREE,genuflect
3243,THREE,taurine
3244,THREE,Sbrinz
3245,THREE,colloque
3246,THREE,realia
3247,THREE,grison
3248,THREE,toroidal
3249,THREE,speleothem
3250,THREE,sepulchral
3251,THREE,bruja
3252,THREE,niveau
3253,THREE,phulkari
3254,THREE,bialy
3255,THREE,euripus
3256,THREE,sangfroid
3257,THREE,upsilon
3258,THREE,rouille
3259,THREE,garrulous
3260,THREE,appurtenances
3261,THREE,samarium
3262,THREE,pasilla
3263,THREE,sakura
3264,THREE,rescissible
3265,THREE,paroxysm
3266,THREE,corsair
3267,THREE,variscite
3268,THREE,maringouin
3269,THREE,buccal
3270,THREE,Jungian
3271,THREE,communiqué
3272,THREE,zabaglione
3273,THREE,bolide
3274,THREE,argot
3275,THREE,zocalo
3276,THREE,Groenendael
3277,THREE,Chantilly
3278,THREE,velamen
3279,THREE,vervain
3280,THREE,vicenary
3281,THREE,aficionado
3282,THREE,facile
3283,THREE,jacquard
3284,THREE,sporran
3285,THREE,chanoyu
3286,THREE,ajimez
3287,THREE,afficionado
3288,THREE,chrysolite
3289,THREE,sorghum
3290,THREE,clematis
3291,THREE,hamadryad
3292,THREE,pompeii
3293,THREE,piscivorous
3294,THREE,execrable
3295,THREE,guilloche
3296,THREE,kente
3297,THREE,calumny
3298,THREE,oviparous
3299,THREE,benison
3300,THREE,hangul
3301,THREE,appositive
3302,THREE,ranine
3303,THREE,escabeche
3304,THREE,mangonel
3305,THREE,gagaku
3306,THREE,cartouches
3307,THREE,dirndl
3308,THREE,riparian
3309,THREE,ad hominem
3310,THREE,coalescence
3311,THREE,amygdala
3312,THREE,Nicoise
3313,THREE,latke
3314,THREE,accoutrement
3315,THREE,oubliette
3316,THREE,Plantagenet
3317,THREE,scurrilous
3318,THREE,Niçoise
3319,THREE,martinet
3320,THREE,accouterment
3321,THREE,béchamel
3322,THREE,bauxite
3323,THREE,flèche
3324,THREE,julienne
3325,THREE,asterion
3326,THREE,radicchio
3327,THREE,repoussage
3328,THREE,kakapo
3329,THREE,tetrachoric
3330,THREE,moiety
3331,THREE,hypallage
3332,THREE,dudgeon
3333,THREE,otacoustic
3334,THREE,pelagial
3335,THREE,sforzando
3336,THREE,pastitsio
3337,THREE,solenoid
3338,THREE,nitid
3339,THREE,naranjilla
3340,THREE,ague
3341,THREE,thalassic
3342,THREE,modiste
3343,THREE,veridical
3344,THREE,Basenji
3345,THREE,elegiac
3346,THREE,largesses
3347,THREE,frazil
3348,THREE,deuterium
3349,THREE,threnody
3350,THREE,concinnate
3351,THREE,pâtissier
3352,THREE,fulgent
3353,THREE,rapprochement
3354,THREE,Icarian
3355,THREE,Jacobean
3356,THREE,Stradivarius
3357,THREE,patissier
3358,THREE,olecranon
3359,THREE,glacis
3360,THREE,pappardelle
3361,THREE,ballotage
3362,THREE,synecdoche
3363,THREE,Yeatsian
3364,THREE,toreutics
3365,THREE,ahimsa
3366,THREE,Sahel
3367,THREE,ocotillo
3368,THREE,tulsi
3369,THREE,surfeit
3370,THREE,mascarpone
3371,THREE,kanji
3372,THREE,bibelot
3373,THREE,dubitante
3374,THREE,sebaceous
3375,THREE,limicolous
3376,THREE,rissole
3377,THREE,weltschmerz
3378,THREE,telegnosis
3379,THREE,disciform
3380,THREE,papeterie
3381,THREE,girandole
3382,THREE,seneschal
3383,THREE,jalousie
3384,THREE,loupe
3385,THREE,mizuna
3386,THREE,litigious
3387,THREE,googol
3388,THREE,pinniped
3389,THREE,ichthyology
3390,THREE,oleiculture
3391,THREE,trichotillomania
3392,THREE,phytophilous
3393,THREE,étagère
3394,THREE,wahine
3395,THREE,pruritus
3396,THREE,loess
3397,THREE,huipil
3398,THREE,meunière
3399,THREE,anechoic
3400,THREE,grissino
3401,THREE,dactylic
3402,THREE,löss
3403,THREE,mustelid
3404,THREE,hilum
3405,THREE,leonine
3406,THREE,coterie
3407,THREE,affogato
3408,THREE,ruelle
3409,THREE,prestidigitation
3410,THREE,fanfaronade
3411,THREE,laulau
3412,THREE,sylph
3413,THREE,scrivener
3414,THREE,Ushuaia
3415,THREE,soupçon
3416,THREE,malachite
3417,THREE,Gruyère
3418,THREE,katsura
3419,THREE,dysrhythmia
3420,THREE,redingote
3421,THREE,diphtheria
3422,THREE,urticaria
3423,THREE,proprioceptive
3424,THREE,diastole
3425,THREE,dragée
3426,THREE,adscititious
3427,THREE,bdelloid
3428,THREE,capsaicin
3429,THREE,oppugn
3430,THREE,mediobrome
3431,THREE,choucroute
3432,THREE,hummock
3433,THREE,nugatory
3434,THREE,ptosis
3435,THREE,macropterous
3436,THREE,demurrage
3437,THREE,hsaing-waing
3438,THREE,internecine
3439,THREE,commorients
3440,THREE,pejerrey
3441,THREE,euphonious
3442,THREE,tristeza
3443,THREE,stevedore
3444,THREE,duxelles
3445,THREE,immiscible
3446,THREE,horologist
3447,THREE,retinoscopy
3448,THREE,trigeminal
3449,THREE,harangue
3450,THREE,mesial
3451,THREE,Feldenkrais
3452,THREE,Ficus
3453,THREE,spodumene
3454,THREE,hyssop
3455,THREE,exsect
3456,THREE,unguiculate
3457,THREE,bailiwick
3458,THREE,agelicism
3459,THREE,leberwurst
3460,THREE,naumachia
3461,THREE,champignon
3462,THREE,amaryllis
3463,THREE,bozzetto
3464,THREE,subrident
3465,THREE,daguerreotype
3466,THREE,focaccia
3467,THREE,bahuvrihi
3468,THREE,reveille
3469,THREE,coiffure
3470,THREE,ethylene
3471,THREE,yakitori
3472,THREE,pahoehoe
3473,THREE,panjandrum
3474,THREE,regnal
3475,THREE,repartee
3476,THREE,flaneur
3477,THREE,pejorate
3478,THREE,Kjeldahl
3479,THREE,catachresis
3480,THREE,attaché
3481,THREE,chimera
3482,THREE,Ponzi
3483,THREE,Aitutakian
3484,THREE,rubefacient
3485,THREE,tiffin
3486,THREE,rafflesia
3487,THREE,chimaera
3488,THREE,teneramente
3489,THREE,parterre
3490,THREE,halcyon
3491,THREE,colcannon
3492,THREE,ranunculus
3493,THREE,avgolemono
3494,THREE,styptic
3495,THREE,rondeau
3496,THREE,corrigenda
3497,THREE,tournedos
3498,THREE,pistou
3499,THREE,exiguous
3500,THREE,sopapilla
3501,THREE,atlatl
3502,THREE,Zanni
3503,THREE,ormolu
3504,THREE,scintillation
3505,THREE,presentient
3506,THREE,nictitate
3507,THREE,allochroous
3508,THREE,nonage
3509,THREE,blottesque
3510,THREE,Bolognese
3511,THREE,renvoi
3512,THREE,boutade
3513,THREE,ennui
3514,THREE,beurre
3515,THREE,consommé
3516,THREE,farrago
3517,THREE,kichel
3518,THREE,towhee
3519,THREE,caisson
3520,THREE,jicama
3521,THREE,consomme
3522,THREE,coup de grace
3523,THREE,semaphore
3524,THREE,escritoire
3525,THREE,cheongsam
3526,THREE,sturnine
3527,THREE,ullage
3528,THREE,tourelle
3529,THREE,gambol
3530,THREE,affenpinscher
3531,THREE,graticule
3532,THREE,octonocular
3533,THREE,zortzico
3534,THREE,notturno
3535,THREE,angiitis
3536,THREE,gudgeon
3537,THREE,gyascutus
3538,THREE,parallax
3539,THREE,teratism
3540,THREE,ginglymus
3541,THREE,Teutonic
3542,THREE,beaumontage
3543,THREE,cygnet
3544,THREE,antenatus
3545,THREE,flagellum
3546,THREE,hemorrhage
3547,THREE,Conestoga
3548,THREE,galoot
3549,THREE,supercilious
3550,THREE,trouvaille
3551,THREE,panegyric
3552,THREE,tapetum
3553,THREE,zeitgeist
3554,THREE,desiccate
3555,THREE,dysphasia
3556,THREE,glazier
3557,THREE,hoi polloi
3558,THREE,golem
3559,THREE,heinousness
3560,THREE,aporia
3561,THREE,kugel
3562,THREE,kinesiology
3563,THREE,sirenian
3564,THREE,krewe
3565,THREE,nacelle
3566,THREE,moraine
3567,THREE,topazolite
3568,THREE,exogenous
3569,THREE,nescience
3570,THREE,toque
3571,THREE,rupicolous
3572,THREE,hirsute
3573,THREE,trompe l
3574,THREE,aniseikonia
3575,THREE,blatherskite
3576,THREE,avuncular
3577,THREE,Pythagorean
3578,THREE,shubunkin
3579,THREE,ailette
3580,THREE,guayabera
3581,THREE,consigliere
3582,THREE,habiliments
3583,THREE,kepi
3584,THREE,hepatectomy
3585,THREE,fetticus
3586,THREE,realgar
3587,THREE,adiabatic
3588,THREE,rubato
3589,THREE,bulgur
3590,THREE,bloviate
3591,THREE,rocaille
3592,THREE,anaphylaxis
3593,THREE,camembert
3594,THREE,gentilitial
3595,THREE,bulghur
3596,THREE,seine
3597,THREE,couverture
3598,THREE,bobolink
3599,THREE,ecchymosis
3600,THREE,obnebulate
3601,THREE,ushabti
3602,THREE,galapago
3603,THREE,lemniscus
3604,THREE,diluent
3605,THREE,oppidan
3606,THREE,allonym
3607,THREE,puchero
3608,THREE,au courant
3609,THREE,ad nauseam
3610,THREE,urushiol
3611,THREE,decastich
3612,THREE,croquembouche
3613,THREE,nival
3614,THREE,crepuscular
3615,THREE,ganache
3616,THREE,andouille
3617,THREE,Naugahyde
3618,THREE,kobold
3619,THREE,ascites
3620,THREE,theca
3621,THREE,sauger
3622,THREE,otiose
3623,THREE,lefse
3624,THREE,mendicity
3625,THREE,Véronique
3626,THREE,croustade
3627,THREE,kanban
3628,THREE,megacephalic
3629,THREE,beccafico
3630,THREE,castellated
3631,THREE,Veronique
3632,THREE,kipuka
3633,THREE,toccata
3634,THREE,souchong
3635,THREE,amphistylar
3636,THREE,toponymic
3637,THREE,planetesimal
3638,THREE,noumenon
3639,THREE,pertinacity
3640,THREE,poltroon
3641,THREE,saturnine
3642,THREE,boudin
3643,THREE,taoiseach
3644,THREE,chicanery
3645,THREE,gasthaus
3646,THREE,Freudian
3647,THREE,zaibatsu
3648,THREE,bucatini
3649,THREE,obeisant
3650,THREE,vilipend
3651,THREE,transmontane
3652,THREE,floruit
3653,THREE,titian
3654,THREE,reboation
3655,THREE,whippoorwill
3656,THREE,vitiate
3657,THREE,laterigrade
3658,THREE,Bunyanesque
3659,THREE,tokonoma
3660,THREE,haupia
3661,THREE,Keplerian
3662,THREE,pneumatocyst
3663,THREE,xerogel
3664,THREE,cachexia
3665,THREE,ululate
3666,THREE,cordillera
3667,THREE,codswallop
3668,THREE,fortissimo
3669,THREE,vizierial
3670,THREE,connoisseur
3671,THREE,sororal
3672,THREE,zazen
3673,THREE,hauteur
3674,THREE,portmanteau
3675,THREE,crescive
3676,THREE,ferruginous
3677,THREE,epideictic
3678,THREE,cabochon
3679,THREE,camarilla
3680,THREE,coaxation
3681,THREE,tryptophan
3682,THREE,gendarme
3683,THREE,embolus
3684,THREE,après
3685,THREE,nidicolous
3686,THREE,ardoise
3687,THREE,neophyte
3688,THREE,demulcent
3689,THREE,caveola
3690,THREE,zydeco
3691,THREE,oxyacetylene
3692,THREE,farouche
3693,THREE,buffa
3694,THREE,goosander
3695,THREE,farina
3696,THREE,consanguine
3697,THREE,queue
3698,THREE,farfalle
3699,THREE,clavichord
3700,THREE,kwashiorkor
3701,THREE,heuristic
3702,THREE,bibimbap
3703,THREE,hellebore
3704,THREE,ogival
3705,THREE,de rigueur
3706,THREE,lecithin
3707,THREE,nudibranch
3708,THREE,aquiclude
3709,THREE,transhumance
3710,THREE,stretto
3711,THREE,secant
3712,THREE,cetology
3713,THREE,triquetra
3714,THREE,demitasse
3715,THREE,phloem
3716,THREE,coccygeal
3717,THREE,comanchero
3718,THREE,plenipotentiary
3719,THREE,paramahamsa
3720,THREE,tomalley
3721,THREE,lacustrine
3722,THREE,Diplodocus
3723,THREE,meiosis
3724,THREE,foudroyant
3725,THREE,duello
3726,THREE,bouffant
3727,THREE,ageusia
3728,THREE,tachyon
3729,THREE,gules
3730,THREE,sesquipedalian
3731,THREE,fjeld
3732,THREE,bas-relief
3733,THREE,pillor
3734,THREE,piccata
3735,THREE,nimiety
3736,THREE,expugnable
3737,THREE,tomography
3738,THREE,rhizome
3739,THREE,deleterious
3740,THREE,isagoge
3741,THREE,lokelani
3742,THREE,profligacy
3743,THREE,effleurage
3744,THREE,Wensleydale
3745,THREE,ikat
3746,THREE,élan
3747,THREE,psoriasis
3748,THREE,yosenabe
3749,THREE,chastushka
3750,THREE,erubescent
3751,THREE,pylorus
3752,THREE,breviloquence
3753,THREE,bavardage
3754,THREE,funori
3755,THREE,bergère
3756,THREE,estovers
3757,THREE,erythroblast
3758,THREE,kalimba
3759,THREE,coulibiac
3760,THREE,piloncillo
3761,THREE,Erewhonian
3762,THREE,rembrandt
3763,THREE,maillot
3764,THREE,illative
3765,THREE,xyloglyphy
3766,THREE,xiphias
3767,THREE,rhyton
3768,THREE,bonspiel
3769,THREE,epenthesis
3770,THREE,betony
3771,THREE,Aramaic
3772,THREE,étouffée
3773,THREE,orogeny
3774,THREE,hackamore
3775,THREE,hinoki
3776,THREE,bêtise
3777,THREE,anathema
3778,THREE,etouffee
3779,THREE,Pepysian
3780,THREE,blancmange
3781,THREE,nonpareil
3782,THREE,transience
3783,THREE,basilica
3784,THREE,degauss
3785,THREE,esplanade
3786,THREE,simulacrum
3787,THREE,nyctinasty
3788,THREE,frison
3789,THREE,rajpramukh
3790,THREE,tussock
3791,THREE,gesellschaft
3792,THREE,cnidarian
3793,THREE,pointelle
3794,THREE,flavedo
3795,THREE,Chalcolithic
3796,THREE,lanolated
3797,THREE,tamari
3798,THREE,capotasto
3799,THREE,vinaigrette
3800,THREE,maquillage
3801,THREE,rinceau
3802,THREE,linnet
3803,THREE,arenaceous
3804,THREE,Panagia
3805,THREE,tinnient
3806,THREE,mortadella
3807,THREE,filar
3808,THREE,embouchure
3809,THREE,panettone
3810,THREE,nockerl
3811,THREE,aioli
3812,THREE,stanchion
3813,THREE,bhangra
3814,THREE,plangency
3815,THREE,tmesis
3816,THREE,rhabdoid
3817,THREE,pochoir
3818,THREE,spirulina
3819,THREE,risorgimento
3820,THREE,apocryphal
3821,THREE,clerihew
3822,THREE,apodyterium
3823,THREE,glyceraldehyde
3824,THREE,eleemosynary
3825,THREE,agalma
3826,THREE,tamarack
3827,THREE,tsukupin
3828,THREE,apoplexy
3829,THREE,hagiographer
3830,THREE,force majeure
3831,THREE,analgesia
3832,THREE,puerilely
3833,THREE,katakana
3834,THREE,verdure
3835,THREE,syncope
3836,THREE,ossicle
3837,THREE,dengue
3838,THREE,obloquy
3839,THREE,Parmentier
3840,THREE,fait accompli
3841,THREE,icosahedron
3842,THREE,anemone
3843,THREE,cantatrice
3844,THREE,dhole
3845,THREE,rugose
3846,THREE,dreikanter
3847,THREE,goanna
3848,THREE,alpargata
3849,THREE,emollient
3850,THREE,budgerigar
3851,THREE,brume
3852,THREE,penicillin
3853,THREE,wassail
3854,THREE,disembogue
3855,THREE,parquet
3856,THREE,budgereegah
3857,THREE,hiortdahlite
3858,THREE,pendeloque
3859,THREE,ammonite
3860,THREE,luculent
3861,THREE,dhurrie
3862,THREE,budgerygah
3863,THREE,extravasate
3864,THREE,beelzebub
3865,THREE,tanager
3866,THREE,expatiate
3867,THREE,lapidary
3868,THREE,outré
3869,THREE,incunabula
3870,THREE,rhinorrhagia
3871,THREE,foley
3872,THREE,wasteweir
3873,THREE,encarnadine
3874,THREE,Tchefuncte
3875,THREE,cioppino
3876,THREE,gabarit
3877,THREE,syzygy
3878,THREE,diamanté
3879,THREE,dulcinea
3880,THREE,becquerel
3881,THREE,inglenook
3882,THREE,guerite
3883,THREE,Beethovenian
3884,THREE,sphygmometer
3885,THREE,nainsook
3886,THREE,darnel
3887,THREE,efflux
3888,THREE,gallivat
3889,THREE,tatterdemalion
3890,THREE,kibitzer
3891,THREE,querida
3892,THREE,giallolino
3893,THREE,frugivore
3894,THREE,charcuterie
3895,THREE,susurrus
3896,THREE,kibbitzer
3897,THREE,paillard
3898,THREE,krausen
3899,THREE,lobscouse
3900,THREE,zugzwang
3901,THREE,bienvenue
3902,THREE,auteur
3903,THREE,gazoz
3904,THREE,Castalia
3905,THREE,senecio
3906,THREE,triskelion
3907,THREE,bienvenu
3908,THREE,labefaction
3909,THREE,Glaswegian
3910,THREE,nahcolite
3911,THREE,jasmone
3912,THREE,crokinole
3913,THREE,potwalloper
3914,THREE,ibidem
3915,THREE,stannum
3916,THREE,telamon
3917,THREE,hawok
3918,THREE,anicca
3919,THREE,kaffeeklatsch
3920,THREE,estival
3921,THREE,putsch
3922,THREE,uraeus
3923,THREE,fructiferous
3924,THREE,batamote
3925,THREE,peregrination
3926,THREE,aestival
3927,THREE,tralatitious
3928,THREE,teledu
3929,THREE,martinoe
3930,THREE,yabbies
3931,THREE,paraquat
3932,THREE,loup-garou
3933,THREE,denouement
3934,THREE,gattine
3935,THREE,lierre
3936,THREE,salmagundi
3937,THREE,prana
3938,THREE,empennage
3939,THREE,hortatory
3940,THREE,mele
3941,THREE,porwigle
3942,THREE,salmagundy
3943,THREE,sinciput
3944,THREE,lysozyme
3945,THREE,maquette
3946,THREE,Marathi
3947,THREE,portugais
3948,THREE,hutia
3949,THREE,abattoir
3950,THREE,grimthorpe
3951,THREE,obliviscence
3952,THREE,nuciform
3953,THREE,ligas
3954,THREE,jutia
3955,THREE,glossopetrae
3956,THREE,thaumaturge
3957,THREE,autophagy
3958,THREE,grandrelle
3959,THREE,Osloite
3960,THREE,Deseret
3961,THREE,diktat
3962,THREE,pinioned
3963,THREE,Airedale
3964,THREE,bordereaux
3965,THREE,sciolistic
3966,THREE,Djibouti
3967,THREE,llanero
3968,THREE,fouetté
3969,THREE,potager
3970,THREE,rambla
3971,THREE,seraya
3972,THREE,Tegucigalpa
3973,THREE,Machiavellian
3974,THREE,venenate
3975,THREE,malleolus
3976,THREE,tullibee
3977,THREE,janthina
3978,THREE,Llullaillaco
3979,THREE,glaucomatous
3980,THREE,badinage
3981,THREE, marcel
3982,THREE,guichet
3983,THREE,Skeltonic
3984,THREE,Pyxis
3985,THREE,haori
3986,THREE,saccadic
3987,THREE,croquignole
3988,THREE,Guarnerius
3989,THREE,balata
3990,THREE,rheostat
3991,THREE,mignonette
3992,THREE,dolmen
3993,THREE,unakite
3994,THREE,balbriggan
3995,THREE,hariolation
3996,THREE,coadjutor
3997,THREE,griot
3998,THREE,azotea
3999,THREE,affeer
4000,THREE,thylacine
4001,THREE,chiffonade
4002,THREE,vexillologist
4003,THREE,gabbro
4004,THREE,pomology
4005,THREE,cenote
4006,THREE,haricot
4007,THREE,halala
4008,THREE,gegenschein
4009,THREE,Svengali
4010,THREE,griffonage
4011,THREE,Luddite
4012,THREE,halalah
4013,THREE,hebdomadal
4014,THREE,escheator
4015,THREE,fossiliferous
4016,THREE,wickiup
4017,THREE,corybantic
4018,THREE,gypsophila
4019,THREE,dogana
4020,THREE,calefacient
4021,THREE,nisse
4022,THREE,chasuble
4023,THREE,koh-i-noor
4024,THREE,toorie
4025,THREE,obdurate
4026,THREE,impugn
4027,THREE,furuncle
4028,THREE,nocive
4029,THREE,exchequer
4030,THREE,nunchaku
4031,THREE,brouillon
4032,THREE,pongee
4033,THREE,cataphora
4034,THREE,habeas corpus
4035,THREE,senryu
4036,THREE,derecho
4037,THREE,acoel
4038,THREE,blastema
4039,THREE,kerril
4040,THREE,cormorant
4041,THREE,solipsist
4042,THREE,acral
4043,THREE,trochee
4044,THREE,pudibund
4045,THREE,gnomon
4046,THREE,sinophile
4047,THREE,Koine
4048,THREE,diapason
4049,THREE,toril
4050,THREE,pinetum
4051,THREE,harmattan
4052,THREE,weka
4053,THREE,deliquesce
4054,THREE,ryas
4055,THREE,brucellosis
4056,THREE,incarnadine
4057,THREE,haplography
4058,THREE,aperçu
4059,THREE,terai
4060,Undefined,insisted
4061,Undefined,knickerbocker
4062,ONE,punting
4063,ONE,seal
4064,ONE,ash
4065,ONE,filters
4066,ONE,beeswax
4067,ONE,holler
4068,ONE,crowd
4069,ONE,twirled
4070,ONE,flame
4071,ONE,cone
4072,ONE,social
4073,ONE,billboard
4074,ONE,secret
4075,ONE,admit
4076,ONE,grits
4077,ONE,never
4078,ONE,behold
4079,ONE,chicken
4080,ONE,fumble
4081,ONE,grown-ups
4082,ONE,cliff
4083,ONE,silly
4084,ONE,mix
4085,ONE,puppets
4086,ONE,pond
4087,ONE,pieces
4088,ONE,hem
4089,ONE,Monday
4090,ONE,drool
4091,ONE,waited
4092,ONE,health
4093,ONE,brass
4094,ONE,candles
4095,ONE,grub
4096,ONE,understand
4097,ONE,finish
4098,ONE,pardon
4099,ONE,onshore
4100,ONE,brim
4101,ONE,hook
4102,ONE,sound
4103,ONE,cheer
4104,ONE,shake
4105,ONE,stunts
4106,ONE,plot
4107,ONE,number
4108,ONE,benches
4109,ONE,twisty
4110,ONE,kiddo
4111,ONE,deny
4112,ONE,desk
4113,ONE,cooking
4114,ONE,shrugged
4115,ONE,chips
4116,ONE,proof
4117,ONE,jolly
4118,ONE,bobcat
4119,ONE,amazed
4120,ONE,still
4121,ONE,scoop
4122,ONE,gorp
4123,ONE,powder
4124,ONE,polo
4125,ONE,collect
4126,ONE,pranks
4127,ONE,rover
4128,ONE,town
4129,ONE,walnut
4130,ONE,roller
4131,ONE,local
4132,ONE,smiled
4133,ONE,forgive
4134,ONE,bingo
4135,ONE,sawdust
4136,ONE,stark
4137,ONE,proper
4138,ONE,peach
4139,ONE,ribbon
4140,ONE,clever
4141,ONE,flustered
4142,ONE,drum
4143,ONE,basement
4144,ONE,pie
4145,ONE,shoo
4146,ONE,inside
4147,ONE,barber
4148,ONE,snarl
4149,ONE,ripple
4150,ONE,size
4151,ONE,greedy
4152,ONE,reply
4153,ONE,chimes
4154,ONE,argue
4155,ONE,feats
4156,ONE,hall
4157,ONE,beam
4158,ONE,frozen
4159,ONE,cabin
4160,ONE,loppers
4161,ONE,plumbing
4162,ONE,jangled
4163,ONE,crew
4164,ONE,special
4165,ONE,faint
4166,ONE,petal
4167,ONE,stubborn
4168,ONE,chain
4169,ONE,crate
4170,ONE,film
4171,ONE,manger
4172,ONE,giant
4173,ONE,adrift
4174,ONE,workhorse
4175,ONE,hotel
4176,ONE,results
4177,ONE,peppermint
4178,ONE,sniffle
4179,ONE,sweeten
4180,ONE,antennas
4181,ONE,stray
4182,ONE,soda
4183,ONE,broth
4184,ONE,mouth
4185,ONE,neon
4186,ONE,honest
4187,ONE,fragrance
4188,ONE,jamboree
4189,ONE,dollars
4190,ONE,deodorant
4191,ONE,skeleton
4192,ONE,hospitality
4193,ONE,dojo
4194,ONE,weakness
4195,ONE,necklace
4196,ONE,conductor
4197,ONE,priority
4198,ONE,explanation
4199,ONE,garment
4200,ONE,third
4201,ONE,thimblerig
4202,ONE,ladybug
4203,ONE,ovation
4204,ONE,landmark
4205,ONE,bebop
4206,ONE,sonar
4207,ONE,peerless
4208,ONE,nuisance
4209,ONE,beverage
4210,ONE,flute
4211,ONE,saga
4212,ONE,stench
4213,ONE,skateboard
4214,ONE,lookout
4215,ONE,yarn
4216,ONE,manifesto
4217,ONE,blouse
4218,ONE,hubbub
4219,ONE,imitative
4220,ONE,relish
4221,ONE,premium
4222,ONE,famished
4223,ONE,propaganda
4224,ONE,sinus
4225,ONE,ecotourism
4226,ONE,foxes
4227,ONE,trait
4228,ONE,cancel
4229,ONE,ragamuffin
4230,ONE,swallow
4231,ONE,flooey
4232,ONE,ingredient
4233,ONE,recyclable
4234,ONE,ginger
4235,ONE,generosity
4236,ONE,turnip
4237,ONE,lifetime
4238,ONE,religious
4239,ONE,tirade
4240,ONE,integrity
4241,ONE,timidly
4242,ONE,materialize
4243,ONE,arcade
4244,ONE,bargain
4245,ONE,winsome
4246,ONE,manufacture
4247,ONE,around
4248,ONE,trencher
4249,ONE,bellyache
4250,ONE,wan
4251,ONE,compilation
4252,ONE,keyhole
4253,ONE,faculty
4254,ONE,dandruff
4255,ONE,seldom
4256,ONE,spelunker
4257,ONE,widget
4258,ONE,impostor
4259,ONE,major
4260,ONE,goblet
4261,ONE,imposter
4262,ONE,methodology
4263,ONE,gander
4264,ONE,glimpse
4265,ONE,weevil
4266,ONE,slipshod
4267,ONE,magnate
4268,ONE,innermost
4269,ONE,pencil
4270,ONE,hangnail
4271,ONE,aromatherapy
4272,ONE,granola
4273,ONE,novelist
4274,ONE,peekaboo
4275,ONE,monarch
4276,ONE,sourly
4277,ONE,beckon
4278,ONE,jargon
4279,ONE,serpentine
4280,ONE,rhinestone
4281,ONE,incendiary
4282,ONE,whiff
4283,ONE,taco
4284,ONE,mundane
4285,ONE,velcro
4286,ONE,organic
4287,ONE,melodramatic
4288,ONE,magnificent
4289,ONE,award
4290,ONE,mugwump
4291,ONE,sirloin
4292,ONE,flexible
4293,ONE,parsley
4294,ONE,rascal
4295,ONE,ravine
4296,ONE,perplex
4297,ONE,qualitative
4298,ONE,sticky
4299,ONE,hamstring
4300,ONE,vacuum
4301,ONE,reliable
4302,ONE,snore
4303,ONE,ladle
4304,ONE,surefire
4305,ONE,enchantment
4306,ONE,apple
4307,ONE,mellow
4308,ONE,nacho
4309,ONE,yankee
4310,ONE,problem
4311,ONE,acorn
4312,ONE,cutlery
4313,ONE,ambitious
4314,ONE,monumental
4315,ONE,basilisk
4316,ONE,Unnamed
4317,TWO,Unnamed
4318,THREE,Unnamed
4319,TWO,gallop
4320,TWO,luggage
4321,TWO,pulse
4322,TWO,utensils
4323,TWO,wily
4324,TWO,gabled
4325,TWO,dinosaur
4326,TWO,ramparts
4327,TWO,cottage
4328,TWO,depot
4329,TWO,rookie
4330,TWO,settle
4331,TWO,brought
4332,TWO,vinyl
4333,TWO,garland
4334,TWO,incident
4335,TWO,transparencies
4336,TWO,somber
4337,TWO,ancient
4338,TWO,anemometers
4339,TWO,gnaw
4340,TWO,brambles
4341,TWO,hazmat
4342,TWO,sombre
4343,TWO,earthquake
4344,TWO,dainty
4345,TWO,comfort
4346,TWO,trifecta
4347,TWO,Antarctic
4348,TWO,tampered
4349,TWO,tapestry
4350,TWO,buckle
4351,TWO,caroling
4352,TWO,shingle
4353,TWO,perfume
4354,TWO,loyal
4355,TWO,delivery
4356,TWO,vividly
4357,TWO,carolling
4358,TWO,mason
4359,TWO,plaiting
4360,TWO,remarkable
4361,TWO,attagirl
4362,TWO,briny
4363,TWO,foolishness
4364,TWO,avoid
4365,TWO,writers
4366,TWO,joists
4367,TWO,salamanders
4368,TWO,pavement
4369,TWO,constellation
4370,TWO,static
4371,TWO,series
4372,TWO,scrambling
4373,TWO,disembark
4374,TWO,garnet
4375,TWO,sundering
4376,TWO,samples
4377,TWO,audience
4378,TWO,inspector
4379,TWO,usual
4380,TWO,furrow
4381,TWO,juncture
4382,TWO,modern
4383,TWO,insubstantial
4384,TWO,distressed
4385,TWO,challenge
4386,TWO,sprawl
4387,TWO,exploits
4388,TWO,chalk
4389,TWO,staggered
4390,TWO,smudge
4391,TWO,cahoots
4392,TWO,museum
4393,TWO,rabble-rouser
4394,TWO,concentrate
4395,TWO,assistance
4396,TWO,throttle
4397,TWO,oozing
4398,TWO,wren
4399,TWO,profound
4400,TWO,proud
4401,TWO,sanitized
4402,TWO,perfection
4403,TWO,Mars
4404,TWO,legend
4405,TWO,wreath
4406,TWO,expiration
4407,TWO,diminished
4408,TWO,capable
4409,TWO,pelican
4410,TWO,transistor
4411,TWO,profile
4412,TWO,batteries
4413,TWO,organist
4414,TWO,gadgets
4415,TWO,drastic
4416,TWO,amplify
4417,TWO,untoward
4418,TWO,centuries
4419,TWO,operator
4420,TWO,channel
4421,TWO,yoga
4422,TWO,security
4423,TWO,memorial
4424,TWO,differed
4425,TWO,Louisiana
4426,TWO,chisel
4427,TWO,burlap
4428,TWO,refrain
4429,TWO,industrial
4430,TWO,fearsome
4431,TWO,perpetual
4432,TWO,chimney
4433,TWO,blazer
4434,TWO,tactics
4435,TWO,barrier
4436,TWO,fiercest
4437,TWO,blustery
4438,TWO,minnow
4439,TWO,trombone
4440,TWO,shepherd
4441,TWO,gratingly
4442,TWO,residence
4443,TWO,molars
4444,TWO,domain
4445,TWO,trembling
4446,TWO,Angus
4447,TWO,brayed
4448,TWO,abated
4449,TWO,arrange
4450,TWO,shuffle
4451,TWO,calmed
4452,TWO,mulish
4453,TWO,Harlem
4454,TWO,scattering
4455,TWO,dissolved
4456,TWO,carpenter
4457,TWO,police
4458,TWO,rivalry
4459,TWO,messenger
4460,TWO,toppled
4461,TWO,extremely
4462,TWO,pruners
4463,TWO,certain
4464,TWO,siblings
4465,TWO,beacons
4466,TWO,vane
4467,TWO,plastic
4468,TWO,parcel
4469,TWO,barograph
4470,TWO,chestnut
4471,TWO,generation
4472,TWO,vortices
4473,TWO,multiplication
4474,TWO,squawk
4475,TWO,charred
4476,TWO,minivan
4477,TWO,coverage
4478,TWO,turbulent
4479,TWO,middle
4480,TWO,Sheetrock
4481,TWO,Pakistan
4482,TWO,plaid
4483,TWO,deters
4484,TWO,obstacles
4485,TWO,reasonable
4486,TWO,trowel
4487,TWO,pressure
4488,TWO,tissue
4489,TWO,Nepal
4490,TWO,continental
4491,TWO,closet
4492,TWO,nervous
4493,TWO,surmised
4494,TWO,scoundrel
4495,TWO,disinfectant
4496,TWO,deportment
4497,TWO,investigation
4498,TWO,spirit
4499,TWO,teak
4500,TWO,amino
4501,TWO,campaign
4502,TWO,exhibits
4503,TWO,accident
4504,TWO,equator
4505,TWO,transit
4506,TWO,menthol
4507,TWO,starvation
4508,TWO,agricultural
4509,TWO,discussion
4510,TWO,evidence
4511,TWO,cannonade
4512,TWO,Tabasco
4513,TWO,gamma
4514,TWO,momentous
4515,TWO,confused
4516,TWO,solar
4517,TWO,appetite
4518,TWO,obvious
4519,TWO,spleen
4520,TWO,disturbance
4521,TWO,microwave
4522,TWO,explore
4523,TWO,distance
4524,TWO,tarry
4525,TWO,mutate
4526,TWO,confection
4527,TWO,fault
4528,TWO,entity
4529,TWO,commonplace
4530,TWO,autographs
4531,TWO,colonists
4532,TWO,archives
4533,TWO,gingerbread
4534,TWO,withers
4535,TWO,prudence
4536,TWO,commotion
4537,TWO,hunky-dory
4538,TWO,petite
4539,TWO,assembly
4540,TWO,vacancy
4541,TWO,dispute
4542,TWO,station
4543,TWO,sheriff
4544,TWO,beatboxing
4545,TWO,episode
4546,TWO,gesticulate
4547,TWO,dovecote
4548,TWO,cardiopathy
4549,TWO,vanity
4550,TWO,rhubarb
4551,TWO,nymphal
4552,TWO,neutron
4553,TWO,grammarian
4554,TWO,epigram
4555,TWO,empirical
4556,TWO,marmoset
4557,TWO,havoc
4558,TWO,panache
4559,TWO,figurative
4560,TWO,lucrative
4561,TWO,malacology
4562,TWO,bardolatry
4563,TWO,saskatoon
4564,TWO,scrimshaw
4565,TWO,enmity
4566,TWO,pterodactyl
4567,TWO,undulating
4568,TWO,inculcate
4569,TWO,circumscribe
4570,TWO,nimbostratus
4571,TWO,ensemble
4572,TWO,vertebral
4573,TWO,bassoon
4574,TWO,racial
4575,TWO,preamble
4576,TWO,acrimony
4577,TWO,feasibility
4578,TWO,certitude
4579,TWO,jurisdiction
4580,TWO,mimeograph
4581,TWO,mycology
4582,TWO,territory
4583,TWO,antelope
4584,TWO,ultimatum
4585,TWO,mansard
4586,TWO,ambidexterity
4587,TWO,Stilton
4588,TWO,mortgage
4589,TWO,barracks
4590,TWO,exhaust
4591,TWO,rendition
4592,TWO,baroque
4593,TWO,calories
4594,TWO,gonzo
4595,TWO,sortition
4596,TWO,strengthen
4597,TWO,ballistic
4598,TWO,ostracism
4599,TWO,nattily
4600,TWO,hasten
4601,TWO,tincture
4602,TWO,bossa nova
4603,TWO,gosling
4604,TWO,rationale
4605,TWO,optometry
4606,TWO,betrothal
4607,TWO,niche
4608,TWO,laminate
4609,TWO,paragon
4610,TWO,laborious
4611,TWO,foliage
4612,TWO,sententious
4613,TWO,tribunal
4614,TWO,apostate
4615,TWO,brazenness
4616,TWO,zealous
4617,TWO,analogize
4618,TWO,concomitant
4619,TWO,plundered
4620,TWO,beautician
4621,TWO,portcullis
4622,TWO,guineas
4623,TWO,sundry
4624,TWO,multitude
4625,TWO,covetous
4626,TWO,urbanely
4627,TWO,conglomerate
4628,TWO,salutary
4629,TWO,enthalpy
4630,TWO,flippancy
4631,TWO,lanai
4632,TWO,baklava
4633,TWO,indubitable
4634,TWO,Beefalo
4635,TWO,truculence
4636,TWO,sequester
4637,TWO,hyacinth
4638,TWO,baklawa
4639,TWO,obituary
4640,TWO,pavlova
4641,TWO,quagmire
4642,TWO,sufficiency
4643,TWO,segmentate
4644,TWO,ipso facto
4645,TWO,obsidian
4646,TWO,malleable
4647,TWO,masseuse
4648,TWO,wayward
4649,TWO,convalesce
4650,TWO,coupon
4651,TWO,bidialectal
4652,TWO,idiolect
4653,TWO,Hippocratic
4654,TWO,yeoman
4655,TWO,vagary
4656,TWO,signatory
4657,TWO,officiant
4658,TWO,irascible
4659,TWO,warrior
4660,TWO,Websterian
4661,TWO,devoid
4662,TWO,aspirate
4663,TWO,annexation
4664,TWO,brachiopods
4665,TWO,grievance
4666,TWO,promulgate
4667,TWO,senator
4668,TWO,animalier
4669,TWO,macaroon
4670,TWO,solemn
4671,TWO,salinity
4672,TWO,angular
4673,TWO,endogenous
4674,THREE,lacrosse
4675,THREE,calamitous
4676,THREE,apprentice
4677,THREE,badminton
4678,THREE,Madagascar
4679,THREE,commodore
4680,THREE,McIntosh
4681,THREE,dropsonde
4682,THREE,reluctant
4683,THREE,bayonet
4684,THREE,exposure
4685,THREE,playwright
4686,THREE,ignoble
4687,THREE,proclamation
4688,THREE,heritage
4689,THREE,currycomb
4690,THREE,parachuted
4691,THREE,senile
4692,THREE,diaphoresis
4693,THREE,hokum
4694,THREE,sojourner
4695,THREE,haughty
4696,THREE,periodically
4697,THREE,laryngitis
4698,THREE,kurta
4699,THREE,colossal
4700,THREE,derogatory
4701,THREE,hesitate
4702,THREE,intriguing
4703,THREE,proximo
4704,THREE,Hyperion
4705,THREE,coltan
4706,THREE,palsy
4707,THREE,opportunity
4708,THREE,absorptive
4709,THREE,guerrilla
4710,THREE,Geiger
4711,THREE,squadron
4712,THREE,Lascaux
4713,THREE,Apollo
4714,THREE,incomprehensible
4715,THREE,guerilla
4716,THREE,thermohaline
4717,THREE,marinate
4718,THREE,synesthesia
4719,THREE,accordance
4720,THREE,Merrimack
4721,THREE,Giza
4722,THREE,gannet
4723,THREE,anagrams
4724,THREE,synaesthesia
4725,THREE,atmospheric
4726,THREE,Sinai
4727,THREE,fixity
4728,THREE,palladium
4729,THREE,verandas
4730,THREE,nefarious
4731,THREE,levees
4732,THREE,asparagus
4733,THREE,jodhpurs
4734,THREE,brevet
4735,THREE,verandahs
4736,THREE,halogens
4737,THREE,precariously
4738,THREE,solace
4739,THREE,hydrargyrum
4740,THREE,pamphlet
4741,THREE,Himalayan
4742,THREE,gallium
4743,THREE,proportionate
4744,THREE,argyria
4745,THREE,carborane
4746,THREE,palindrome
4747,THREE,aspersions
4748,THREE,smelters
4749,THREE,suffused
4750,THREE,guanine
4751,THREE,denouncement
4752,THREE,visite
4753,THREE,culminate
4754,THREE,hymnal
4755,THREE,accelerates
4756,THREE,xylyl
4757,THREE,Columbia
4758,THREE,satsuma
4759,THREE,helium
4760,THREE,tartaric
4761,THREE,coincidence
4762,THREE,therapeutic
4763,THREE,misdemeanor
4764,THREE,stirrups
4765,THREE,steeplechasing
4766,THREE,bindi
4767,THREE,prestigious
4768,THREE,tumultuous
4769,THREE,Connemara
4770,THREE,Teflon
4771,THREE,Haitian
4772,THREE,emphatic
4773,THREE,misdemeanour
4774,THREE,abundance
4775,THREE,bantam
4776,THREE,divan
4777,THREE,contaminated
4778,THREE,adumbrate
4779,THREE,cyrillic
4780,THREE,dauerlauf
4781,THREE,depilatory
4782,THREE,Adélie
4783,THREE,emanant
4784,THREE,bucolic
4785,THREE,manteau
4786,THREE,carte blanche
4787,THREE,milieu
4788,THREE,framboise
4789,THREE,bodhran
4790,THREE,woad
4791,THREE,littoral
4792,THREE,seiche
4793,THREE,terpsichore
4794,THREE,jacana
4795,THREE,carmagnole
4796,THREE,strychnine
4797,THREE,sommelier
4798,THREE,encina
4799,THREE,pissaladière
4800,THREE,pikas
4801,THREE,encephalitis
4802,THREE,nilpotent
4803,THREE,examen
4804,THREE,ritenuto
4805,THREE,latitudinarian
4806,THREE,plumassier
4807,THREE,effrontery
4808,THREE,voltammetry
4809,THREE,maxillae
4810,THREE,pastiche
4811,THREE,rathskeller
4812,THREE,pseudonymous
4813,THREE,almoner
4814,THREE,asphyxiate
4815,THREE,gentian
4816,THREE,caldera
4817,THREE,spondylitis
4818,THREE,synod
4819,THREE,querulous
4820,THREE,sequoia
4821,THREE,pompadour
4822,THREE,hircine
4823,THREE,immure
4824,THREE,quatrefoil
4825,THREE,rheumatic
4826,THREE,theodicy
4827,THREE,pasquinade
4828,THREE,risibility
4829,THREE,politeia
4830,THREE,Valkyrian
4831,THREE,Daliesque
4832,THREE,canard
4833,THREE,zymurgy
4834,THREE,prognosticate
4835,THREE,Lisztian
4836,THREE,histolysis
4837,THREE,gorgon
4838,THREE,gerundial
4839,THREE,penurious
4840,THREE,polydactyly
4841,THREE,ensilage
4842,THREE,Magellan
4843,THREE,bireme
4844,THREE,cabal
4845,THREE,Reykjavík
4846,THREE,aposematic
4847,THREE,sotto voce
4848,THREE,moussaka
4849,THREE,bijouterie
4850,THREE,inesculent
4851,THREE,serricorn
4852,THREE,inveighed
4853,THREE,cicerone
4854,THREE,Nereid
4855,THREE,mostaccioli
4856,THREE,pusillanimous
4857,THREE,oyez
4858,THREE,azedarach
4859,THREE,quidnunc
4860,THREE,Huguenot
4861,THREE,elision
4862,THREE,genoise
4863,THREE,acequia
4864,THREE,arachnophagous
4865,THREE,adrenergic
4866,THREE,pirouetted
4867,THREE,habitué
4868,THREE,imbroglio
4869,THREE,bestial
4870,THREE,habitue
4871,THREE,embroglio
4872,THREE,hallux
4873,THREE,kalanchoe
4874,THREE,ochlocracy
4875,THREE,jabot
4876,THREE,warison
4877,THREE,brioche
4878,THREE,saponaceous
4879,THREE,carapace
4880,THREE,Foley
