,Difficulty Level,Words
0,ONE,punting
1,ONE,seal
2,ONE,ash
3,ONE,filters
4,ONE,beeswax
5,ONE,holler
6,ONE,crowd
7,ONE,twirled
8,ONE,flame
9,ONE,cone
10,ONE,social
11,ONE,billboard
12,ONE,secret
13,ONE,admit
14,ONE,grits
15,ONE,never
16,ONE,behold
17,ONE,chicken
18,ONE,fumble
19,ONE,grown-ups
20,ONE,cliff
21,ONE,silly
22,ONE,mix
23,ONE,puppets
24,ONE,pond
25,ONE,pieces
26,ONE,hem
27,ONE,Monday
28,ONE,drool
29,ONE,waited
30,ONE,health
31,ONE,brass
32,ONE,candles
33,ONE,grub
34,ONE,understand
35,ONE,finish
36,ONE,pardon
37,ONE,onshore
38,ONE,brim
39,ONE,hook
40,ONE,sound
41,ONE,cheer
42,ONE,shake
43,ONE,stunts
44,ONE,plot
45,ONE,number
46,ONE,benches
47,ONE,twisty
48,ONE,kiddo
49,ONE,deny
50,ONE,desk
51,ONE,cooking
52,ONE,shrugged
53,ONE,chips
54,ONE,proof
55,ONE,jolly
56,ONE,bobcat
57,ONE,amazed
58,ONE,still
59,ONE,scoop
60,ONE,gorp
61,ONE,powder
62,ONE,polo
63,ONE,collect
64,ONE,pranks
65,ONE,rover
66,ONE,town
67,ONE,walnut
68,ONE,roller
69,ONE,local
70,ONE,smiled
71,ONE,forgive
72,ONE,bingo
73,ONE,sawdust
74,ONE,stark
75,ONE,proper
76,ONE,peach
77,ONE,ribbon
78,ONE,clever
79,ONE,flustered
80,ONE,drum
81,ONE,basement
82,ONE,pie
83,ONE,shoo
84,ONE,inside
85,ONE,barber
86,ONE,snarl
87,ONE,ripple
88,ONE,size
89,ONE,greedy
90,ONE,reply
91,ONE,chimes
92,ONE,argue
93,ONE,feats
94,ONE,hall
95,ONE,beam
96,ONE,frozen
97,ONE,cabin
98,ONE,loppers
99,ONE,plumbing
100,ONE,jangled
101,ONE,crew
102,ONE,special
103,ONE,faint
104,ONE,petal
105,ONE,stubborn
106,ONE,chain
107,ONE,crate
108,ONE,film
109,ONE,manger
110,ONE,giant
111,ONE,adrift
112,ONE,workhorse
113,ONE,hotel
114,ONE,results
115,ONE,peppermint
116,ONE,sniffle
117,ONE,sweeten
118,ONE,antennas
119,ONE,stray
120,ONE,soda
121,ONE,broth
122,ONE,mouth
123,ONE,neon
124,ONE,honest
126,ONE,gradual
127,ONE,bedlam
128,ONE,gargantuan
129,ONE,gimmick
130,ONE,monopolize
131,ONE,target
132,ONE,ferocious
133,ONE,shortfall
134,ONE,salsa
135,ONE,flannel
136,ONE,water
137,ONE,angora
138,ONE,frequently
139,ONE,cowlick
140,ONE,chaotic
141,ONE,cucumber
142,ONE,marathon
143,ONE,snippet
144,ONE,permission
145,ONE,opinionated
146,ONE,shrimp
147,ONE,McMansion
148,ONE,omission
149,ONE,ascribe
150,ONE,towel
151,ONE,slogan
152,ONE,mandate
153,ONE,janitor
154,ONE,newbie
155,ONE,hodgepodge
156,ONE,sundae
157,ONE,triumphant
158,ONE,turret
159,ONE,lionize
160,ONE,spreadsheet
161,ONE,verbiage
162,ONE,ornament
163,ONE,parenthetic
164,ONE,pigeon
165,ONE,headdress
166,ONE,badger
167,ONE,nephew
168,ONE,rooster
169,ONE,listener
170,ONE,satellite
171,ONE,fragrance
172,ONE,fortification
173,ONE,imbibe
174,ONE,scold
175,ONE,guardian
176,ONE,parasite
177,ONE,pear
178,ONE,hydra
179,ONE,savvy
180,ONE,organza
181,ONE,dwindled
182,ONE,favorite
183,ONE,system
184,ONE,grouse
185,ONE,reckon
186,ONE,fragile
187,ONE,fraught
188,ONE,favourite
189,ONE,pedigree
190,ONE,manta
191,ONE,boorish
192,ONE,galaxy
193,ONE,sturdy
194,ONE,cascade
195,ONE,empty
196,ONE,astonish
197,ONE,tarmac
198,ONE,complaint
199,ONE,treadmill
200,ONE,dandelion
201,ONE,amulet
202,ONE,fashionista
203,ONE,iteration
204,ONE,curries
205,ONE,originate
206,ONE,famous
207,ONE,guess
208,ONE,stubble
209,ONE,nurture
210,ONE,tennis
211,ONE,forfend
212,ONE,pristine
213,ONE,magician
214,ONE,genius
215,ONE,volcano
216,ONE,grumbling
217,ONE,forefend
218,ONE,golden
219,ONE,carrot
220,ONE,nuance
221,ONE,forensics
222,ONE,garlic
223,ONE,eavesdrop
224,ONE,modesty
225,ONE,meteor
226,ONE,stencil
227,ONE,miraculous
228,ONE,hula
229,ONE,January
230,ONE,amphibian
231,ONE,distraught
232,ONE,penguin
233,ONE,trendy
234,ONE,reactionary
235,ONE,scruple
236,ONE,jealousy
237,ONE,freight
238,ONE,freckle
239,ONE,permafrost
240,ONE,muscular
241,ONE,moxie
242,ONE,remedial
243,ONE,honeybee
244,ONE,blooper
245,ONE,iceberg
246,ONE,drizzle
247,ONE,winnow
248,ONE,vouch
249,ONE,blemish
250,ONE,misconception
251,ONE,cactus
252,ONE,accurate
253,ONE,incentive
254,ONE,trivia
255,ONE,crumpet
256,ONE,lambkin
257,ONE,nationalism
258,ONE,studio
259,ONE,admirer
260,ONE,shoulder
261,ONE,blizzard
262,ONE,chowder
263,ONE,leeway
264,ONE,illusionist
265,ONE,emotional
266,ONE,zebra
267,ONE,squirm
268,ONE,sunflower
269,ONE,pilferer
270,ONE,genetic
271,ONE,chia
272,ONE,butterscotch
273,ONE,harmonious
274,ONE,lambasted
275,ONE,rollicking
276,ONE,levity
277,ONE,raspberry
278,ONE,apron
279,ONE,lawyer
280,ONE,volumetric
281,ONE,quart
282,ONE,moisture
283,ONE,bogus
284,ONE,beagle
285,ONE,valiant
286,ONE,flattery
287,ONE,lactose
288,ONE,toughness
289,ONE,recoup
290,ONE,kidney
291,ONE,purse
292,ONE,simmer
293,ONE,domineering
294,ONE,tasteless
295,ONE,bookworm
296,ONE,wistful
297,ONE,raisin
298,ONE,whisk
299,ONE,onion
300,ONE,astute
301,ONE,veteran
302,ONE,raven
303,ONE,trumpet
304,ONE,bathtub
305,ONE,abandon
306,ONE,turtle
307,ONE,erase
308,ONE,fructose
309,ONE,bias
310,ONE,fantastically
311,ONE,jamboree
312,ONE,Pinkerton
313,ONE,handcuffs
314,ONE,Amazon
315,ONE,lettuce
316,ONE,failure
317,ONE,junior
318,ONE,fortune
319,ONE,spinal
320,ONE,companion
321,ONE,shamrock
322,ONE,tolerable
323,ONE,hamlet
324,ONE,sluggard
325,ONE,demolition
326,ONE,panorama
327,ONE,Americana
328,ONE,mosquito
329,ONE,jubilant
330,ONE,thawed
331,ONE,mince
332,ONE,puzzles
333,ONE,dollars
334,ONE,deodorant
335,ONE,skeleton
336,ONE,uncle
337,ONE,bubbly
338,ONE,scumble
339,ONE,hospitality
340,ONE,dojo
341,ONE,weakness
342,ONE,dawdle
343,ONE,graham
344,ONE,extinct
345,ONE,necklace
346,ONE,conductor
347,ONE,priority
348,ONE,mogul
349,ONE,headlong
350,ONE,jersey
351,ONE,explanation
352,ONE,garment
353,ONE,third
354,ONE,troll
355,ONE,timber
356,ONE,trapezoid
357,ONE,thimblerig
358,ONE,ladybug
359,ONE,ovation
360,ONE,kindred
361,ONE,medallion
362,ONE,dillydally
363,ONE,landmark
364,ONE,bebop
365,ONE,sonar
366,ONE,tantrum
367,ONE,maximum
368,ONE,haggle
369,ONE,peerless
370,ONE,nuisance
371,ONE,beverage
372,ONE,science
373,ONE,clover
374,ONE,sword
375,ONE,flute
376,ONE,saga
377,ONE,stench
378,ONE,cement
379,ONE,casino
380,ONE,mastiff
381,ONE,skateboard
382,ONE,lookout
383,ONE,yarn
384,ONE,venomous
385,ONE,distinctive
386,ONE,cooperate
387,ONE,manifesto
388,ONE,blouse
389,ONE,hubbub
390,ONE,plaintiff
391,ONE,mister
392,ONE,merchandise
393,ONE,imitative
394,ONE,relish
395,ONE,premium
396,ONE,mayhem
397,ONE,warning
398,ONE,gauntlet
399,ONE,famished
400,ONE,propaganda
401,ONE,sinus
402,ONE,thicket
403,ONE,useful
404,ONE,apology
405,ONE,ecotourism
406,ONE,foxes
407,ONE,trait
408,ONE,gymnastics
409,ONE,difficult
410,ONE,carnival
411,ONE,cancel
412,ONE,ragamuffin
413,ONE,swallow
414,ONE,island
415,ONE,mischief
416,ONE,buffoonery
417,ONE,flooey
418,ONE,ingredient
419,ONE,recyclable
420,ONE,peacenik
421,ONE,talent
422,ONE,intellectual
423,ONE,ginger
424,ONE,generosity
425,ONE,turnip
426,ONE,ounce
427,ONE,kiwi
428,ONE,tickled
429,ONE,lifetime
430,ONE,religious
431,ONE,tirade
432,ONE,memorandum
433,ONE,publish
434,ONE,domino
435,ONE,integrity
436,ONE,timidly
437,ONE,materialize
438,ONE,bother
439,ONE,mutter
440,ONE,ignite
441,ONE,arcade
442,ONE,bargain
443,ONE,winsome
444,ONE,missile
445,ONE,sedentary
446,ONE,legacy
447,ONE,manufacture
448,ONE,around
449,ONE,trencher
450,ONE,munchkin
451,ONE,divine
452,ONE,splurge
453,ONE,bellyache
454,ONE,wan
455,ONE,compilation
456,ONE,banana
457,ONE,lexicon
458,ONE,neigh
459,ONE,keyhole
460,ONE,faculty
461,ONE,dandruff
462,ONE,furnace
463,ONE,bristle
464,ONE,cabbage
465,ONE,seldom
466,ONE,spelunker
467,ONE,widget
468,ONE,foothills
469,ONE,daresay
470,ONE,erode
471,ONE,impostor
472,ONE,major
473,ONE,goblet
474,ONE,tongue
475,ONE,owlishly
476,ONE,formalize
477,ONE,imposter
478,ONE,methodology
479,ONE,gander
480,ONE,caterpillar
481,ONE,criminal
482,ONE,formalise
483,ONE,glimpse
484,ONE,weevil
485,ONE,slipshod
486,ONE,wasp
487,ONE,recipient
488,ONE,anyway
489,ONE,magnate
490,ONE,innermost
491,ONE,pencil
492,ONE,kudos
493,ONE,strong
494,ONE,isolation
495,ONE,hangnail
496,ONE,aromatherapy
497,ONE,granola
498,ONE,alpha
499,ONE,canteen
500,ONE,measly
501,ONE,novelist
502,ONE,peekaboo
503,ONE,monarch
504,ONE,shebang
505,ONE,aviation
506,ONE,apprehensive
507,ONE,sourly
508,ONE,beckon
509,ONE,jargon
510,ONE,tibia
511,ONE,lucky
512,ONE,zither
513,ONE,serpentine
514,ONE,rhinestone
515,ONE,incendiary
516,ONE,hazelnut
517,ONE,rocket
518,ONE,whiff
519,ONE,taco
520,ONE,mundane
521,ONE,velcro
522,ONE,votive
523,ONE,reflect
524,ONE,organic
525,ONE,melodramatic
526,ONE,magnificent
527,ONE,award
528,ONE,lantern
529,ONE,scent
530,ONE,mugwump
531,ONE,sirloin
532,ONE,flexible
533,ONE,parsley
534,ONE,rascal
535,ONE,quack
536,ONE,amigo
537,ONE,holiday
538,ONE,porridge
539,ONE,myself
540,ONE,ravine
541,ONE,spider
542,ONE,bestow
543,ONE,indigo
544,ONE,eyelet
545,ONE,marine
546,ONE,perplex
547,ONE,weather
548,ONE,gung ho
549,ONE,forage
550,ONE,yeti
551,ONE,cloudy
552,ONE,qualitative
553,ONE,twinge
554,ONE,umbrella
555,ONE,tooth
556,ONE,groove
557,ONE,cricket
558,ONE,sticky
559,ONE,poncho
560,ONE,synthetic
561,ONE,dauntlessly
562,ONE,estimate
563,ONE,motto
564,ONE,hamstring
565,ONE,hooligan
566,ONE,cloying
567,ONE,faucet
568,ONE,cattail
569,ONE,torch
570,ONE,vacuum
571,ONE,decade
572,ONE,olive
573,ONE,scheme
574,ONE,paraphrase
575,ONE,pamper
576,ONE,reliable
577,ONE,forbidden
578,ONE,truth
579,ONE,cough
580,ONE,heartthrob
581,ONE,pleasant
582,ONE,snore
583,ONE,jumbo
584,ONE,balderdash
585,ONE,straw
586,ONE,cheek
587,ONE,robin
588,ONE,ladle
589,ONE,mortal
590,ONE,infringe
591,ONE,hooves
592,ONE,daughter
593,ONE,historical
594,ONE,surefire
595,ONE,bugaboo
596,ONE,interloper
597,ONE,shadow
598,ONE,laser
599,ONE,rules
600,ONE,enchantment
601,ONE,standard
602,ONE,routine
603,ONE,meekness
604,ONE,invoke
605,ONE,geometric
606,ONE,apple
607,ONE,yearn
608,ONE,privacy
609,ONE,squall
610,ONE,upshot
611,ONE,villa
612,ONE,mellow
613,ONE,primatologist
614,ONE,decision
615,ONE,squawl
616,ONE,climate
617,ONE,midriff
618,ONE,nacho
619,ONE,voluntary
620,ONE,farfetched
621,ONE,omen
622,ONE,yankee
623,ONE,teaspoon
624,ONE,problem
625,ONE,furious
626,ONE,linen
627,ONE,militant
628,ONE,dim sum
629,ONE,worrywart
630,ONE,acorn
631,ONE,wombat
632,ONE,piratical
633,ONE,civics
634,ONE,moose
635,ONE,developer
636,ONE,cutlery
637,ONE,marginalize
638,ONE,pigsty
639,ONE,locker
640,ONE,cuckoo
641,ONE,shopaholic
642,ONE,ambitious
643,ONE,swipe
644,ONE,misery
645,ONE,jabberwocky
646,ONE,dilemma
647,ONE,magma
648,ONE,monumental
649,ONE,eternity
650,ONE,months
651,ONE,detention
652,ONE,outrageous
653,ONE,briefcase
654,ONE,basilisk
655,ONE,imagery
656,ONE,guffaw
657,ONE,sparkle
658,ONE,silver
659,ONE,deputy
660,ONE,lamentable
661,ONE,pastel
662,ONE,caravan
663,ONE,calico
664,ONE,fedora
665,ONE,mangrove
666,ONE,brilliant
667,ONE,twice
668,ONE,culinary
669,ONE,theme
670,ONE,wildcat
671,ONE,enfranchise
672,ONE,competitive
673,ONE,megahertz
674,ONE,boycott
675,ONE,literacy
676,ONE,monstrosity
677,ONE,kiln
678,ONE,lounge
679,ONE,gnash
680,ONE,calzone
681,ONE,loathe
682,ONE,sofa
683,ONE,webisode
684,ONE,supper
685,ONE,knuckle
686,ONE,bawl
687,ONE,axle
688,ONE,eggplant
689,ONE,kangaroo
690,ONE,explosive
691,ONE,bribery
692,ONE,circle
693,ONE,glimmer
694,ONE,kosher
695,ONE,Romeo
696,ONE,cajole
697,ONE,glucose
698,ONE,respect
699,ONE,vacation
700,ONE,minority
701,ONE,emerge
702,ONE,bauble
703,ONE,mower
704,ONE,introverted
705,ONE,napkin
706,ONE,default
707,ONE,twitchy
708,ONE,happenstance
709,ONE,campus
710,ONE,fuddy-duddy
711,ONE,overrun
712,ONE,heroic
713,ONE,arrogant
714,ONE,tussle
715,ONE,infant
716,ONE,pulley
717,ONE,yellowfin
718,ONE,bombard
719,ONE,normative
720,ONE,inched
721,ONE,thunderbolt
722,ONE,Kodiak
723,ONE,clodhopper
724,ONE,furtive
725,ONE,homework
726,ONE,dimension
727,ONE,despicable
728,ONE,misinterpret
729,ONE,crayon
730,ONE,journal
731,ONE,mildew
732,ONE,ugliness
733,ONE,elderly
734,ONE,twee
735,ONE,bakery
736,ONE,tulip
737,ONE,pattern
738,ONE,coffee
739,ONE,envoy
740,ONE,dough
741,ONE,nourish
742,ONE,knack
743,ONE,Unnamed
744,ONE,botch
745,ONE,postpone
746,ONE,emperor
747,ONE,vulpine
748,ONE,satisfactory
749,ONE,migraine
750,ONE,receptacle
751,ONE,wafer
752,ONE,utterable
753,ONE,aloha
754,ONE,barefoot
755,ONE,oasis
756,ONE,bagpipe
757,ONE,software
758,ONE,leniency
759,ONE,entrance
760,ONE,trope
761,ONE,navigator
762,ONE,bonfire
763,ONE,factoid
764,ONE,frivolous
765,ONE,kindergarten
766,ONE,knock
767,ONE,humane
768,ONE,abruptly
769,ONE,marvelous
770,ONE,potato
771,ONE,restaurant
772,ONE,whittle
773,ONE,polenta
774,ONE,bushel
775,ONE,marvellous
776,ONE,wholehearted
777,ONE,functionary
778,ONE,joyful
779,ONE,delicacy
780,ONE,skedaddle
781,ONE,evince
782,ONE,metadata
783,ONE,dodge
784,ONE,genuine
785,ONE,noggin
786,ONE,toddler
787,ONE,season
788,ONE,farewell
789,ONE,iota
790,ONE,recluse
791,ONE,background
792,ONE,everglades
793,ONE,horizon
794,ONE,hypnotic
795,ONE,gelato
796,ONE,shield
797,ONE,thistle
798,ONE,pellet
799,ONE,arborio
800,ONE,jewel
801,ONE,hankering
802,ONE,tiger
804,ONE,klutz
805,ONE,cartoon
806,ONE,tangible
807,ONE,esteem
808,ONE,romaine
810,TWO,gallop
811,TWO,luggage
812,TWO,pulse
813,TWO,utensils
814,TWO,wily
815,TWO,gabled
816,TWO,dinosaur
817,TWO,ramparts
818,TWO,cottage
819,TWO,depot
820,TWO,rookie
821,TWO,settle
822,TWO,brought
823,TWO,vinyl
824,TWO,garland
825,TWO,incident
826,TWO,transparencies
827,TWO,somber
828,TWO,ancient
829,TWO,anemometers
830,TWO,gnaw
831,TWO,brambles
832,TWO,hazmat
833,TWO,sombre
834,TWO,earthquake
835,TWO,dainty
836,TWO,comfort
837,TWO,trifecta
838,TWO,Antarctic
839,TWO,tampered
840,TWO,tapestry
841,TWO,buckle
842,TWO,caroling
843,TWO,shingle
844,TWO,perfume
845,TWO,loyal
846,TWO,delivery
847,TWO,vividly
848,TWO,carolling
849,TWO,mason
850,TWO,plaiting
851,TWO,remarkable
852,TWO,attagirl
853,TWO,briny
854,TWO,foolishness
855,TWO,avoid
856,TWO,writers
857,TWO,joists
858,TWO,salamanders
859,TWO,pavement
860,TWO,constellation
861,TWO,static
862,TWO,series
863,TWO,scrambling
864,TWO,disembark
865,TWO,garnet
866,TWO,sundering
867,TWO,samples
868,TWO,audience
869,TWO,inspector
870,TWO,usual
871,TWO,furrow
872,TWO,juncture
873,TWO,modern
874,TWO,insubstantial
875,TWO,distressed
876,TWO,challenge
877,TWO,sprawl
878,TWO,exploits
879,TWO,chalk
880,TWO,staggered
881,TWO,smudge
882,TWO,cahoots
883,TWO,museum
884,TWO,rabble-rouser
885,TWO,concentrate
886,TWO,assistance
887,TWO,throttle
888,TWO,oozing
889,TWO,wren
890,TWO,profound
891,TWO,proud
892,TWO,sanitized
893,TWO,perfection
894,TWO,Mars
895,TWO,legend
896,TWO,wreath
897,TWO,expiration
898,TWO,diminished
899,TWO,capable
900,TWO,pelican
901,TWO,transistor
902,TWO,profile
903,TWO,batteries
904,TWO,organist
905,TWO,gadgets
906,TWO,drastic
907,TWO,amplify
908,TWO,untoward
909,TWO,centuries
910,TWO,operator
911,TWO,channel
912,TWO,yoga
913,TWO,security
914,TWO,memorial
915,TWO,differed
916,TWO,Louisiana
917,TWO,chisel
918,TWO,burlap
919,TWO,refrain
920,TWO,industrial
921,TWO,fearsome
922,TWO,perpetual
923,TWO,chimney
924,TWO,blazer
925,TWO,tactics
926,TWO,barrier
927,TWO,fiercest
928,TWO,blustery
929,TWO,minnow
930,TWO,trombone
931,TWO,shepherd
932,TWO,gratingly
933,TWO,residence
934,TWO,molars
935,TWO,domain
936,TWO,trembling
937,TWO,Angus
938,TWO,brayed
939,TWO,abated
940,TWO,arrange
941,TWO,shuffle
942,TWO,calmed
943,TWO,mulish
944,TWO,Harlem
945,TWO,scattering
946,TWO,dissolved
947,TWO,carpenter
948,TWO,police
949,TWO,rivalry
950,TWO,messenger
951,TWO,toppled
952,TWO,extremely
953,TWO,pruners
954,TWO,certain
955,TWO,siblings
956,TWO,beacons
957,TWO,vane
958,TWO,plastic
959,TWO,parcel
960,TWO,barograph
961,TWO,chestnut
962,TWO,generation
963,TWO,vortices
964,TWO,multiplication
965,TWO,squawk
966,TWO,charred
967,TWO,minivan
968,TWO,coverage
969,TWO,turbulent
970,TWO,middle
971,TWO,Sheetrock
972,TWO,Pakistan
973,TWO,plaid
974,TWO,deters
975,TWO,obstacles
976,TWO,reasonable
977,TWO,trowel
978,TWO,pressure
979,TWO,tissue
980,TWO,Nepal
981,TWO,continental
982,TWO,closet
983,TWO,nervous
984,TWO,surmised
985,TWO,scoundrel
986,TWO,disinfectant
987,TWO,deportment
988,TWO,investigation
989,TWO,spirit
990,TWO,teak
991,TWO,amino
992,TWO,campaign
993,TWO,exhibits
994,TWO,accident
995,TWO,equator
996,TWO,transit
997,TWO,menthol
998,TWO,starvation
999,TWO,agricultural
1000,TWO,discussion
1001,TWO,evidence
1002,TWO,cannonade
1003,TWO,Tabasco
1004,TWO,gamma
1005,TWO,momentous
1006,TWO,confused
1007,TWO,solar
1008,TWO,appetite
1009,TWO,obvious
1010,TWO,spleen
1011,TWO,disturbance
1012,TWO,microwave
1013,TWO,explore
1014,TWO,distance
1015,TWO,tarry
1016,TWO,mutate
1017,TWO,confection
1018,TWO,fault
1019,TWO,entity
1020,TWO,commonplace
1021,TWO,autographs
1022,TWO,colonists
1023,TWO,archives
1024,TWO,gingerbread
1025,TWO,withers
1026,TWO,prudence
1027,TWO,commotion
1028,TWO,hunky-dory
1029,TWO,petite
1030,TWO,assembly
1031,TWO,vacancy
1032,TWO,dispute
1033,TWO,station
1034,TWO,sheriff
1035,TWO,beatboxing
1036,TWO,episode
1038,TWO,hexagonal
1039,TWO,unabated
1040,TWO,banal
1041,TWO,fondant
1042,TWO,opponency
1043,TWO,primitive
1044,TWO,litmus
1045,TWO,petrifying
1046,TWO,seismologist
1047,TWO,cupola
1048,TWO,referendum
1049,TWO,fabulist
1050,TWO,seethe
1051,TWO,specimen
1052,TWO,spectacles
1053,TWO,herbaceous
1054,TWO,quaver
1055,TWO,comportment
1056,TWO,antiquarian
1057,TWO,interlocutor
1058,TWO,innovator
1059,TWO,tentativeness
1060,TWO,rabbinic
1061,TWO,taciturn
1062,TWO,phalanges
1063,TWO,machete
1064,TWO,bursary
1065,TWO,pachinko
1066,TWO,lapel
1067,TWO,sophomoric
1068,TWO,bachelorette
1069,TWO,dulcet
1070,TWO,hallowed
1071,TWO,decrepitude
1072,TWO,mackerel
1073,TWO,laureate
1074,TWO,frontier
1075,TWO,salubrious
1076,TWO,apogee
1077,TWO,redux
1078,TWO,callow
1079,TWO,Goliath
1080,TWO,unctuous
1081,TWO,rotisserie
1082,TWO,hiatus
1083,TWO,dramaturgy
1084,TWO,biscuit
1085,TWO,splenetic
1086,TWO,fluoride
1087,TWO,paneer
1088,TWO,freesia
1089,TWO,murmuration
1090,TWO,flourish
1091,TWO,legato
1092,TWO,moorage
1093,TWO,panir
1094,TWO,exoneration
1095,TWO,Clydesdale
1096,TWO,beatific
1097,TWO,slovenly
1098,TWO,Minotaur
1099,TWO,omnibus
1100,TWO,duvet
1101,TWO,phonics
1102,TWO,repository
1103,TWO,aerobics
1104,TWO,intermezzo
1105,TWO,biscotti
1106,TWO,turpitude
1107,TWO,calisthenics
1108,TWO,dissipate
1109,TWO,paisley
1110,TWO,edification
1111,TWO,calibrate
1112,TWO,platitude
1113,TWO,obediential
1114,TWO,accomplice
1115,TWO,contrariwise
1116,TWO,vacuousness
1117,TWO,appellation
1118,TWO,nobiliary
1119,TWO,odiferous
1120,TWO,kerchief
1121,TWO,petroleum
1122,TWO,epilepsy
1123,TWO,duodenum
1124,TWO,commerce
1125,TWO,combination
1126,TWO,whimsical
1127,TWO,regalia
1128,TWO,importunate
1129,TWO,valorous
1130,TWO,keratitis
1131,TWO,torrent
1132,TWO,stamina
1133,TWO,incinerate
1134,TWO,recuperation
1135,TWO,isotopic
1136,TWO,honorific
1137,TWO,arsenic
1138,TWO,criteria
1139,TWO,flagon
1140,TWO,citronella
1141,TWO,carpal
1142,TWO,kookaburra
1143,TWO,invertebrate
1144,TWO,reprieve
1145,TWO,incoherent
1146,TWO,palliative
1147,TWO,quizzical
1148,TWO,napoleon
1149,TWO,bandanna
1150,TWO,consequent
1151,TWO,tercentenary
1152,TWO,abhorrence
1153,TWO,heliotrope
1154,TWO,superlative
1155,TWO,bandana
1156,TWO,contusion
1157,TWO,vituperative
1158,TWO,personnel
1159,TWO,squander
1160,TWO,oxygenate
1161,TWO,manipulable
1162,TWO,mulligan
1163,TWO,churlish
1164,TWO,vexatious
1165,TWO,prenuptial
1166,TWO,annihilate
1167,TWO,axiomatic
1168,TWO,sabermetrics
1169,TWO,riviera
1170,TWO,faux
1171,TWO,succulent
1172,TWO,sarcophagus
1173,TWO,indefatigable
1174,TWO,elocution
1175,TWO,laconic
1176,TWO,sophisticated
1177,TWO,bedraggled
1178,TWO,surrogate
1179,TWO,ulterior
1180,TWO,dowager
1181,TWO,excision
1182,TWO,nebulous
1183,TWO,rectitude
1184,TWO,terabyte
1185,TWO,oligarchy
1186,TWO,comparison
1187,TWO,emblazoned
1188,TWO,genus
1189,TWO,uranium
1190,TWO,uncouth
1191,TWO,pianola
1192,TWO,diaphanous
1193,TWO,bric-a-brac
1194,TWO,legionnaire
1195,TWO,inundate
1196,TWO,onerous
1197,TWO,dignify
1198,TWO,agoraphobia
1199,TWO,longitude
1200,TWO,sternutation
1201,TWO,wunderkind
1202,TWO,macrocosm
1203,TWO,allegiance
1204,TWO,buffet
1205,TWO,maverick
1206,TWO,subcutaneous
1207,TWO,filial
1208,TWO,bulbous
1209,TWO,basaltic
1210,TWO,tortoise
1211,TWO,retrograde
1212,TWO,alacrity
1213,TWO,wearisome
1214,TWO,umpirage
1215,TWO,scorpion
1216,TWO,surmountable
1217,TWO,partridge
1218,TWO,choreographer
1219,TWO,visage
1220,TWO,heredity
1221,TWO,planetarium
1222,TWO,endure
1223,TWO,insignia
1224,TWO,leguminous
1225,TWO,fascinator
1226,TWO,philharmonic
1227,TWO,ecstatic
1228,TWO,bonobo
1229,TWO,binomial
1230,TWO,ceramics
1231,TWO,testimony
1232,TWO,endorphin
1233,TWO,cinnamon
1234,TWO,abrogate
1235,TWO,luminance
1236,TWO,mimetic
1237,TWO,beaucoup
1238,TWO,pharmacy
1239,TWO,pharaoh
1240,TWO,effusive
1241,TWO,adjective
1242,TWO,elucidate
1243,TWO,myoglobin
1244,TWO,approbatory
1245,TWO,macular
1246,TWO,epoch
1247,TWO,leisure
1248,TWO,spatula
1249,TWO,frugal
1250,TWO,catalepsy
1251,TWO,simpatico
1252,TWO,dumbwaiter
1253,TWO,vague
1254,TWO,triglycerides
1255,TWO,achromatic
1256,TWO,labyrinthine
1257,TWO,adhesion
1258,TWO,allergenic
1259,TWO,wharf
1260,TWO,stalwart
1261,TWO,miscible
1262,TWO,notoriety
1263,TWO,rennet
1264,TWO,vocabulary
1265,TWO,altercation
1266,TWO,bumptious
1267,TWO,soprano
1268,TWO,subterranean
1269,TWO,pinnacle
1270,TWO,vassal
1271,TWO,fratority
1272,TWO,farcical
1273,TWO,cutis
1274,TWO,aubergine
1275,TWO,avalanche
1276,TWO,panary
1277,TWO,cataclysmic
1278,TWO,ghastly
1279,TWO,hyrax
1280,TWO,jalapeño
1281,TWO,cadge
1282,TWO,tangerine
1283,TWO,metatarsal
1284,TWO,parkour
1285,TWO,truncheon
1286,TWO,attributive
1287,TWO,exodus
1288,TWO,pervasive
1289,TWO,bereavement
1290,TWO,fealty
1291,TWO,educand
1292,TWO,plutonomy
1293,TWO,philosophize
1294,TWO,haphazard
1295,TWO,carbohydrates
1296,TWO,perilous
1297,TWO,Realtor
1298,TWO,lobotomy
1299,TWO,Requiem
1300,TWO,legislature
1301,TWO,sesame
1302,TWO,steroid
1303,TWO,billabong
1304,TWO,assumption
1305,TWO,glitterati
1306,TWO,shenanigans
1307,TWO,palatable
1308,TWO,gullibility
1309,TWO,bariatrics
1310,TWO,entrepreneur
1311,TWO,transference
1312,TWO,inclusion
1313,TWO,gratis
1314,TWO,tarantula
1315,TWO,throughout
1316,TWO,besieged
1317,TWO,uveal
1318,TWO,physicists
1319,TWO,nonvolatile
1320,TWO,cantankerous
1321,TWO,propulsion
1322,TWO,placoderm
1323,TWO,candelabrum
1324,TWO,tempura
1325,TWO,juvenilia
1326,TWO,vitriolic
1327,TWO,assailant
1328,TWO,hermitage
1329,TWO,vacillate
1330,TWO,reggae
1331,TWO,fomentation
1332,TWO,crinoline
1333,TWO,charioteer
1334,TWO,permutation
1335,TWO,phenotype
1336,TWO,futility
1337,TWO,reprisal
1338,TWO,debris
1339,TWO,solicit
1340,TWO,conference
1341,TWO,transposable
1342,TWO,untenable
1343,TWO,astrobleme
1344,TWO,armaments
1345,TWO,melismatic
1346,TWO,woebegone
1347,TWO,thrasonical
1348,TWO,feudalism
1349,TWO,sabotage
1350,TWO,versatile
1351,TWO,spurious
1352,TWO,resplendence
1353,TWO,trepanation
1354,TWO,malevolent
1355,TWO,absolution
1356,TWO,subtlety
1357,TWO,tempeh
1358,TWO,aphasia
1359,TWO,Holstein
1360,TWO,posada
1361,TWO,rutabaga
1362,TWO,hangar
1363,TWO,statistician
1364,TWO,environs
1365,TWO,quadrillion
1366,TWO,acquiesce
1367,TWO,espousal
1368,TWO,verbena
1369,TWO,ibuprofen
1370,TWO,celebratory
1371,TWO,tardigrade
1372,TWO,apothecary
1373,TWO,virulence
1374,TWO,zirconium
1375,TWO,injurious
1376,TWO,cornucopia
1377,TWO,varsity
1378,TWO,summary
1379,TWO,allocable
1380,TWO,ventriloquy
1381,TWO,anglophile
1382,TWO,prominent
1383,TWO,scholarship
1384,TWO,brogue
1385,TWO,effraction
1386,TWO,circumflex
1387,TWO,defiant
1388,TWO,archetype
1389,TWO,filbert
1390,TWO,suet
1391,TWO,limousine
1392,TWO,calligram
1393,TWO,substitute
1394,TWO,travails
1395,TWO,Galahad
1396,TWO,koto
1397,TWO,drupiferous
1398,TWO,eczema
1399,TWO,quiddity
1400,TWO,antipathy
1401,TWO,jadeite
1402,TWO,jingoism
1403,TWO,organelle
1404,TWO,theomachy
1405,TWO,karst
1406,TWO,leviathan
1407,TWO,peripheral
1408,TWO,satchel
1409,TWO,osprey
1410,TWO,fibula
1411,TWO,Brigadoon
1412,TWO,alpaca
1413,TWO,elevator
1414,TWO,evanescent
1415,TWO,elusive
1416,TWO,aberration
1417,TWO,vestibule
1418,TWO,duress
1419,TWO,chaperonage
1420,TWO,diverge
1421,TWO,disproportionate
1422,TWO,necrotic
1423,TWO,ballyhooed
1424,TWO,eucalyptus
1425,TWO,frittata
1426,TWO,exemplar
1427,TWO,cayenne
1428,TWO,eminent
1429,TWO,arpeggio
1430,TWO,rambunctious
1431,TWO,vandalize
1432,TWO,marsupial
1433,TWO,tabernacle
1434,TWO,demographics
1435,TWO,lupine
1436,TWO,ingenuous
1437,TWO,chancellor
1438,TWO,trefoil
1439,TWO,phosphorescent
1440,TWO,Jurassic
1441,TWO,resuscitate
1442,TWO,phonetician
1443,TWO,pauper
1444,TWO,designer
1445,TWO,anxiety
1446,TWO,conch
1447,TWO,matrimony
1448,TWO,geocaching
1449,TWO,affront
1450,TWO,jettison
1451,TWO,tableau
1452,TWO,singultus
1453,TWO,errata
1454,TWO,instigate
1455,TWO,element
1456,TWO,Promethean
1457,TWO,sheldrake
1458,TWO,impromptu
1459,TWO,stipulate
1460,TWO,obscure
1461,TWO,desolate
1462,TWO,embassy
1463,TWO,suitable
1464,TWO,oracle
1465,TWO,naïveté
1466,TWO,transcription
1467,TWO,truncate
1468,TWO,contemptuous
1469,TWO,cenotaph
1470,TWO,condemn
1471,TWO,naiveté
1472,TWO,muchacha
1473,TWO,pedicure
1474,TWO,okapi
1475,TWO,Plumeria
1476,TWO,scenographer
1477,TWO,cadence
1478,TWO,steppe
1479,TWO,caftan
1480,TWO,welterweight
1481,TWO,perpetrator
1482,TWO,neuroticism
1483,TWO,fido
1484,TWO,palpitant
1485,TWO,kaftan
1486,TWO,scrooge
1487,TWO,cinematic
1488,TWO,cannoli
1489,TWO,vehicular
1490,TWO,nonchalance
1491,TWO,ingratiate
1492,TWO,morose
1493,TWO,wallaby
1494,TWO,platoon
1495,TWO,sabbatical
1496,TWO,realm
1497,TWO,sousaphone
1498,TWO,osmosis
1499,TWO,contrivance
1500,TWO,solstice
1501,TWO,ermine
1502,TWO,estuary
1503,TWO,amalgam
1504,TWO,flimflammer
1505,TWO,suffrage
1506,TWO,swannery
1507,TWO,pugilist
1508,TWO,technician
1509,TWO,carnage
1510,TWO,astringent
1511,TWO,thyme
1512,TWO,probative
1513,TWO,tapioca
1514,TWO,dietetic
1515,TWO,turmeric
1516,TWO,mademoiselle
1517,TWO,phlebotomy
1518,TWO,oblique
1519,TWO,festooned
1520,TWO,homage
1521,TWO,zoolatry
1522,TWO,nouveau
1523,TWO,anemic
1524,TWO,buoyancy
1525,TWO,tectonic
1526,TWO,cumulus
1527,TWO,ricochet
1528,TWO,heterochromia
1529,TWO,anaemic
1530,TWO,situation
1531,TWO,wizened
1532,TWO,essential
1533,TWO,hackneyed
1534,TWO,consul
1535,TWO,depravity
1536,TWO,lumbar
1537,TWO,tomfoolery
1538,TWO,seraphic
1539,TWO,vespertine
1540,TWO,hermetically
1541,TWO,effervescent
1542,TWO,topiary
1543,TWO,harrumph
1544,TWO,cameist
1545,TWO,brusque
1546,TWO,excursion
1547,TWO,soirée
1548,TWO,reverberant
1549,TWO,embezzlement
1550,TWO,scrumptiously
1551,TWO,brusk
1552,TWO,dreadlocks
1553,TWO,soiree
1554,TWO,yeanling
1555,TWO,fallacy
1556,TWO,toploftical
1557,TWO,erstwhile
1558,TWO,theriatrics
1559,TWO,churros
1560,TWO,homicide
1561,TWO,asylum
1562,TWO,noctambulist
1563,TWO,lolled
1564,TWO,cumbersome
1565,TWO,diadem
1566,TWO,graphologist
1567,TWO,remuneration
1568,TWO,visibility
1569,TWO,osteopath
1570,TWO,affluent
1571,TWO,larceny
1572,TWO,principality
1573,TWO,expostulate
1574,TWO,ligament
1575,TWO,kaiser
1576,TWO,chastise
1577,TWO,acetaminophen
1578,TWO,Nostradamus
1579,TWO,integument
1580,TWO,plenitude
1581,TWO,imperious
1582,TWO,colic
1583,TWO,parochial
1584,TWO,taxonomic
1585,TWO,Hebrides
1586,TWO,illustrious
1587,TWO,Egyptian
1588,TWO,atomic
1589,TWO,earnestly
1590,TWO,beret
1591,TWO,macaw
1592,TWO,symmetrical
1593,TWO,foible
1594,TWO,fêng shui
1595,TWO,gaffe
1596,TWO,talisman
1597,TWO,perspicacious
1598,TWO,pendulous
1599,TWO,lousicide
1600,TWO,acuity
1601,TWO,gaff
1602,TWO,impecunious
1603,TWO,reimbursable
1604,TWO,analepsis
1605,TWO,ewer
1606,TWO,subliminal
1607,TWO,ostensibly
1608,TWO,reciprocity
1609,TWO,jambalaya
1610,TWO,mitigative
1611,TWO,curfew
1612,TWO,charismatic
1613,TWO,gesticulate
1614,TWO,molecule
1615,TWO,geriatric
1616,TWO,pyrite
1617,TWO,schism
1618,TWO,phoenix
1619,TWO,gingivitis
1620,TWO,millennial
1621,TWO,striation
1622,TWO,sacrifice
1623,TWO,dilapidated
1624,TWO,bastion
1625,TWO,patience
1626,TWO,ineffable
1627,TWO,Appaloosa
1628,TWO,consternation
1629,TWO,peony
1630,TWO,edamame
1631,TWO,quittance
1632,TWO,abnegation
1633,TWO,ramifications
1634,TWO,escalator
1635,TWO,urgency
1636,TWO,porcelain
1637,TWO,tenement
1638,TWO,beguile
1639,TWO,temerity
1640,TWO,impasto
1641,TWO,bifurcate
1642,TWO,deglaciation
1643,TWO,soothsayer
1644,TWO,centenary
1645,TWO,egress
1646,TWO,antagonistic
1647,TWO,drivel
1648,TWO,recruit
1649,TWO,varicose
1650,TWO,adage
1651,TWO,Neapolitan
1652,TWO,caricature
1653,TWO,evaporation
1654,TWO,garniture
1655,TWO,indemnity
1656,TWO,cicada
1657,TWO,chintzy
1658,TWO,emerald
1659,TWO,bittern
1660,TWO,twilight
1661,TWO,cyanosis
1662,TWO,mauve
1663,TWO,genteel
1664,TWO,liege
1665,TWO,flotsam
1666,TWO,proletarian
1667,TWO,regurgitate
1668,TWO,emeritus
1669,TWO,requisition
1670,TWO,wilco
1671,TWO,discombobulate
1672,TWO,vantage
1673,TWO,stegosaur
1674,TWO,suture
1675,TWO,stimuli
1676,TWO,germane
1677,TWO,scrutiny
1678,TWO,discountenance
1679,TWO,statuesque
1680,TWO,obfuscate
1681,TWO,schooner
1682,TWO,bacteriolytic
1683,TWO,concatenate
1684,TWO,stupefy
1685,TWO,nectarine
1686,TWO,casualty
1687,TWO,declamatory
1688,TWO,rhododendron
1689,TWO,impeachable
1690,TWO,irrevocable
1691,TWO,galvanize
1692,TWO,perseverance
1693,TWO,embryo
1694,TWO,ineptitude
1695,TWO,residue
1696,TWO,trellis
1697,TWO,agonistic
1698,TWO,apparatus
1699,TWO,languorous
1700,TWO,academese
1701,TWO,halibut
1702,TWO,juxtapose
1703,TWO,rosin
1704,TWO,myopic
1705,TWO,stevia
1706,TWO,registrar
1707,TWO,spectrometer
1708,TWO,hydrangea
1709,TWO,burial
1710,TWO,ebullience
1711,TWO,phycology
1712,TWO,alma mater
1713,TWO,circadian
1714,TWO,slalom
1715,TWO,bulwark
1716,TWO,clairvoyance
1717,TWO,malaise
1718,TWO,comedienne
1719,TWO,servitude
1720,TWO,corollary
1721,TWO,iridescent
1722,TWO,impetus
1723,TWO,staid
1724,TWO,cutaneous
1725,TWO,traverse
1726,TWO,étude
1727,TWO,quince
1728,TWO,affianced
1729,TWO,acerbity
1730,TWO,gnarled
1731,TWO,tungsten
1732,TWO,cranium
1733,TWO,cyclone
1734,TWO,archaism
1735,TWO,inimical
1736,TWO,hydroponic
1737,TWO,vineyard
1738,TWO,equivalent
1739,TWO,usurper
1740,TWO,commodious
1741,TWO,kaleidoscope
1742,TWO,combustible
1743,TWO,interrogative
1744,TWO,portentous
1745,TWO,phraseology
1746,TWO,austere
1747,TWO,gluttonous
1748,TWO,factorial
1749,TWO,scullery
1750,TWO,nepotism
1751,TWO,caramel
1752,TWO,severance
1753,TWO,gypsum
1754,TWO,dolma
1755,TWO,tiramisu
1756,TWO,truffle
1757,TWO,pecuniary
1758,TWO,financier
1759,TWO,polypeptide
1760,TWO,sapphire
1761,TWO,exaggerate
1762,TWO,varicella
1763,TWO,cornea
1764,TWO,wildebeest
1765,TWO,wushu
1766,TWO,prevenient
1767,TWO,enoki
1768,TWO,tonsillitis
1769,TWO,resilience
1770,TWO,asado
1771,TWO,contradictory
1772,TWO,Edenic
1773,TWO,profundity
1774,TWO,thoracic
1775,TWO,apiary
1776,TWO,limpa
1777,TWO,penitentiary
1778,TWO,tributary
1779,TWO,mantra
1780,TWO,proviso
1781,TWO,ronin
1782,TWO,adolescence
1783,TWO,umbrage
1784,TWO,laudatory
1785,TWO,escarole
1786,TWO,netiquette
1787,TWO,tropical
1788,TWO,menagerie
1789,TWO,crustaceans
1790,TWO,jitney
1791,TWO,nanotechnology
1792,TWO,paucity
1793,TWO,pontiff
1794,TWO,hallucinate
1795,TWO,bubonic
1796,TWO,wattage
1797,TWO,bureau
1798,TWO,doldrums
1799,TWO,omniscient
1800,TWO,opprobrious
1801,TWO,sartorial
1802,TWO,papillon
1803,TWO,burglarious
1804,TWO,slumgullion
1805,TWO,capacity
1806,TWO,nocturnal
1807,TWO,escarpment
1808,TWO,vertigo
1809,TWO,cryptozoa
1810,TWO,valedictorian
1811,TWO,sewage
1812,TWO,redolent
1813,TWO,Celsius
1814,TWO,accumulate
1815,TWO,preponderance
1816,TWO,auspices
1817,TWO,epoxy
1818,TWO,vendage
1819,TWO,dialysis
1820,TWO,deltoidal
1821,TWO,bruxism
1822,TWO,elaborative
1823,TWO,discreetly
1824,TWO,entente
1825,TWO,humidistat
1826,TWO,opulent
1827,TWO,psychoanalysis
1828,TWO,proprietary
1829,TWO,sieve
1830,TWO,boomslang
1831,TWO,sardonic
1832,TWO,paramecium
1833,TWO,calendar
1834,TWO,nascent
1835,TWO,trounce
1836,TWO,circuitous
1837,TWO,braille
1838,TWO,monochrome
1839,TWO,reiterate
1840,TWO,naissant
1841,TWO,hydrophobia
1842,TWO,veracity
1843,TWO,vignette
1844,TWO,facade
1845,TWO,remorseful
1846,TWO,adieu
1847,TWO,ingot
1848,TWO,marionette
1849,TWO,adjudicate
1850,TWO,façade
1851,TWO,cybernetics
1852,TWO,tenaciously
1853,TWO,nubuck
1854,TWO,jocularity
1855,TWO,fisticuffs
1856,TWO,idiosyncratic
1857,TWO,aardvark
1858,TWO,fiduciary
1859,TWO,utilitarian
1860,TWO,unfurl
1861,TWO,propinquity
1862,TWO,burgoo
1863,TWO,census
1864,TWO,emulsify
1865,TWO,millivolt
1866,TWO,calculator
1867,TWO,epidermis
1868,TWO,occupancy
1869,TWO,stagflation
1870,TWO,lorikeet
1871,TWO,herringbone
1872,TWO,corduroy
1873,TWO,carriage
1874,TWO,coriander
1875,TWO,brontophobia
1876,TWO,malfeasance
1877,TWO,orchestra
1878,TWO,encore
1879,TWO,abstemious
1880,TWO,amnesty
1881,TWO,macrobiotics
1882,TWO,sequential
1883,TWO,phlox
1884,TWO,hollyhock
1885,TWO,echinoderm
1886,TWO,condensation
1887,TWO,glareous
1888,TWO,intersperse
1889,TWO,tractability
1890,TWO,qualms
1891,TWO,optimum
1892,TWO,aqueduct
1893,TWO,rejuvenate
1894,TWO,numerology
1895,TWO,montage
1896,TWO,mosaic
1897,TWO,pathogen
1898,TWO,ferret
1899,TWO,tubular
1900,TWO,Paleozoic
1901,TWO,compendium
1902,TWO,centipede
1903,TWO,acrostic
1904,TWO,widdershins
1905,TWO,dodecahedron
1906,TWO,funnel
1907,TWO,unmoored
1908,TWO,attendee
1909,TWO,anthropology
1910,TWO,hostile
1911,TWO,rictus
1912,TWO,syndicate
1913,TWO,yardang
1914,TWO,nomenclature
1915,TWO,cruciferous
1916,TWO,subsequent
1917,TWO,vengeance
1918,TWO,chrysalis
1919,TWO,fluctuation
1920,TWO,botany
1921,TWO,macchiato
1922,TWO,whet
1923,TWO,modular
1924,TWO,bethesda
1925,TWO,flabbergast
1926,TWO,Holocaust
1927,TWO,ancillary
1928,TWO,blatant
1929,TWO,kleptocrat
1930,TWO,cartilage
1931,TWO,accolade
1932,TWO,augment
1933,TWO,toile
1934,TWO,pyramid
1935,TWO,neuropathy
1936,TWO,coeval
1937,TWO,connivery
1938,TWO,acoustic
1939,TWO,plaudits
1940,TWO,terminus
1941,TWO,surrealist
1942,TWO,curio
1943,TWO,impresario
1944,TWO,eruption
1945,TWO,serenade
1946,TWO,agitation
1947,TWO,secession
1948,TWO,ombudsman
1949,TWO,bruschetta
1950,TWO,auburn
1951,TWO,heptad
1952,TWO,tremulous
1953,TWO,digression
1954,TWO,hydrant
1955,TWO,dictum
1956,TWO,virtually
1957,TWO,engineer
1958,TWO,scythe
1959,TWO,intricate
1960,TWO,zeppelin
1961,TWO,premonition
1962,TWO,glissando
1963,TWO,pilcrow
1964,TWO,duplicitous
1965,TWO,annotate
1966,TWO,superficiality
1967,TWO,stereotypical
1968,TWO,stomach
1969,TWO,porosity
1970,TWO,protectorate
1971,TWO,vehemence
1972,TWO,marooned
1973,TWO,bergamot
1974,TWO,demonstrative
1975,TWO,tandoori
1976,TWO,placards
1977,TWO,fervorous
1978,TWO,volary
1979,TWO,telepathic
1980,TWO,megalomaniac
1981,TWO,succumb
1982,TWO,corral
1983,TWO,septennial
1984,TWO,volery
1985,TWO,banquet
1986,TWO,posse
1987,TWO,fervently
1988,TWO,credulity
1989,TWO,hypotenuse
1990,TWO,follicle
1991,TWO,upbraid
1992,TWO,declension
1993,TWO,divestiture
1994,TWO,dissonance
1995,TWO,emancipatory
1996,TWO,brochure
1997,TWO,pancreas
1998,TWO,berserk
1999,TWO,roseola
2000,TWO,shoji
2001,TWO,supine
2002,TWO,grotesqueness
2003,TWO,expunge
2004,TWO,cathedral
2005,TWO,installation
2006,TWO,auditorium
2007,TWO,fracas
2008,TWO,privatim
2009,TWO,maize
2010,TWO,deciduous
2011,TWO,harbinger
2012,TWO,reconcilable
2013,TWO,disrepair
2014,TWO,eradicate
2015,TWO,metastasize
2016,TWO,baleen
2017,TWO,raptatorial
2018,TWO,evaluate
2019,TWO,photogenic
2020,TWO,krypton
2021,TWO,quintessential
2022,TWO,Einstein
2023,TWO,sobriety
2024,TWO,mastodon
2025,TWO,rehearsal
2026,TWO,ethanol
2027,TWO,pollutant
2028,TWO,municipal
2029,TWO,manumit
2030,TWO,denticulate
2031,TWO,irritability
2032,TWO,quadriceps
2033,TWO,brouhaha
2034,TWO,adversaria
2035,TWO,dentifrice
2036,TWO,supplicate
2037,TWO,vainglorious
2038,TWO,tachycardia
2039,TWO,pedantry
2040,TWO,turbinado
2041,TWO,collegiality
2042,TWO,torsion
2043,TWO,ataxia
2044,TWO,triceratops
2045,TWO,performance
2046,TWO,brethren
2047,TWO,inclement
2048,TWO,justiciable
2049,TWO,pageantry
2050,TWO,sandal
2051,TWO,equivocate
2052,TWO,tympanum
2053,TWO,celery
2054,TWO,vernal
2055,TWO,vinegar
2056,TWO,pashmina
2057,TWO,fission
2058,TWO,boondoggle
2059,TWO,recriminatory
2060,TWO,algae
2061,TWO,remonstrance
2062,TWO,odometer
2063,TWO,intuitable
2064,TWO,phylum
2065,TWO,subaqueous
2066,TWO,reminiscent
2067,TWO,smithereens
2068,TWO,uvula
2069,TWO,divvy
2070,TWO,hypochondria
2071,TWO,recusancy
2072,TWO,menial
2073,TWO,curator
2074,TWO,enumerated
2075,TWO,fatuously
2076,TWO,obstetrician
2077,TWO,retrocedence
2078,TWO,Moroccan
2079,TWO,judicious
2080,TWO,desertification
2081,TWO,fraudulent
2082,TWO,replete
2083,TWO,cauterize
2084,TWO,clearance
2085,TWO,vice versa
2086,TWO,quirky
2087,TWO,necessity
2088,TWO,raucous
2089,TWO,immolate
2090,TWO,assure
2091,TWO,exercise
2092,TWO,arraign
2093,TWO,piety
2094,TWO,Brandywine
2095,TWO,résumé
2096,TWO,compatriots
2097,TWO,civet
2098,TWO,elegant
2099,TWO,veritable
2100,TWO,surreptitious
2101,TWO,extensive
2102,TWO,liaise
2103,TWO,pancetta
2104,TWO,minacious
2105,TWO,sashay
2106,TWO,surplus
2107,TWO,transcend
2108,TWO,quotidian
2109,TWO,waiver
2110,TWO,vindictive
2111,TWO,sciatica
2112,TWO,impediment
2113,TWO,freneticism
2114,TWO,matriculation
2115,TWO,decennial
2116,TWO,implacable
2117,TWO,discomfiture
2118,TWO,revenant
2119,TWO,merino
2120,TWO,revulsive
2121,TWO,dynamite
2122,TWO,logarithmic
2123,TWO,emphysema
2124,TWO,topgallant
2125,TWO,pestilence
2126,TWO,gaucho
2127,TWO,Gemini
2128,TWO,regicide
2129,TWO,stridency
2130,TWO,clandestine
2131,TWO,mordant
2132,TWO,capsule
2133,TWO,retinol
2134,TWO,hubris
2135,TWO,acetone
2136,TWO,genealogical
2137,TWO,posthumous
2138,TWO,tragedian
2139,TWO,corpulent
2140,TWO,hibernaculum
2141,TWO,cerebellum
2142,TWO,pomposity
2143,TWO,QWERTY
2144,TWO,fajitas
2145,TWO,potpourri
2146,TWO,bandicoot
2147,TWO,pantomime
2148,TWO,neonatology
2149,TWO,foosball
2150,TWO,felonious
2151,TWO,pallor
2152,TWO,malinger
2153,TWO,prima donna
2154,TWO,pituitary
2155,TWO,accentuate
2156,TWO,palatial
2157,TWO,Yorkshire
2158,TWO,parliamentary
2159,TWO,praxis
2160,TWO,fleetness
2161,TWO,ascension
2162,TWO,Mecca
2163,TWO,Belgravia
2164,TWO,rebarbative
2165,TWO,Tinseltown
2166,TWO,anonymity
2167,TWO,venue
2168,TWO,albeit
2169,TWO,casserole
2170,TWO,olympiad
2171,TWO,sorrel
2172,TWO,carcinogenic
2173,TWO,microfiche
2174,TWO,vermicide
2175,TWO,semester
2176,TWO,crocodile
2177,TWO,McCoy
2178,TWO,detritus
2179,TWO,quadrilateral
2180,TWO,echelon
2181,TWO,sacrament
2182,TWO,venerable
2183,TWO,histrionics
2184,TWO,anorak
2185,TWO,turpentine
2186,TWO,supremacy
2187,TWO,terra-cotta
2188,TWO,chemise
2189,TWO,cashier
2190,TWO,enviable
2191,TWO,cellophane
2192,TWO,clowder
2193,TWO,moratorium
2194,TWO,campanology
2195,TWO,polysemy
2196,TWO,extrapolate
2197,TWO,indulgent
2198,TWO,occultation
2199,TWO,cognizant
2200,TWO,persuasible
2201,TWO,stampede
2202,TWO,extinguish
2203,TWO,occipital
2204,TWO,Chihuahua
2205,TWO,cognisant
2206,TWO,desultorily
2207,TWO,forfeit
2208,TWO,pilaster
2209,TWO,predicament
2210,TWO,promontory
2211,TWO,languish
2212,TWO,papyrus
2213,TWO,armadillo
2214,TWO,perceptible
2215,TWO,provincial
2216,TWO,shar-pei
2217,TWO,protuberant
2218,TWO,El Niño
2219,TWO,overweening
2220,TWO,dystopia
2221,TWO,antithesis
2222,TWO,narcoleptic
2223,TWO,chortle
2224,TWO,anchorage
2225,TWO,sacrosanct
2226,TWO,muesli
2227,TWO,gouge
2228,TWO,efface
2229,TWO,unscathed
2230,TWO,conundrum
2231,TWO,syringe
2232,TWO,crux
2233,TWO,salivate
2234,TWO,sycophant
2235,TWO,raclette
2236,TWO,debilitate
2237,TWO,eclipse
2238,TWO,wordmonger
2239,TWO,laity
2240,TWO,bellwether
2241,TWO,superstitious
2242,TWO,mittimus
2243,TWO,espadrille
2244,TWO,wobbulator
2245,TWO,indolent
2246,TWO,clarinet
2247,TWO,mawkish
2248,TWO,mellifluous
2249,TWO,corgi
2250,TWO,mahogany
2251,TWO,documentary
2252,TWO,capillary
2253,TWO,flambé
2254,TWO,clemency
2255,TWO,caffeine
2256,TWO,moribund
2257,TWO,bromide
2258,TWO,disposition
2259,TWO,patronymic
2260,TWO,backgammon
2261,TWO,panacea
2262,TWO,cabaret
2263,TWO,tempestuous
2264,TWO,trillium
2265,TWO,ignominious
2266,TWO,stroganoff
2267,TWO,obstreperous
2268,TWO,froufrou
2269,TWO,univocal
2270,TWO,Dalmatian
2271,TWO,auction
2272,TWO,procrastinate
2273,TWO,frabjous
2274,TWO,eschew
2275,TWO,avarice
2276,TWO,ufology
2277,TWO,assiduous
2278,TWO,purification
2279,TWO,spiracle
2280,TWO,ventricle
2281,TWO,bouclé
2282,TWO,cholera
2283,TWO,diligence
2284,TWO,plantain
2285,TWO,Formica
2286,TWO,inducement
2287,TWO,boucle
2288,TWO,minuscule
2289,TWO,bodega
2290,TWO,aperture
2291,TWO,Mylar
2292,TWO,vanguard
2293,TWO,thoroughbred
2294,TWO,miniscule
2295,TWO,bona fide
2296,TWO,rhythmically
2297,TWO,rustication
2298,TWO,portrait
2299,TWO,potassium
2300,TWO,jeepney
2301,TWO,gustatory
2302,TWO,dovecote
2303,TWO,globular
2304,TWO,tepidity
2305,TWO,peculate
2306,TWO,volucrine
2307,TWO,obliterate
2308,TWO,bountiful
2309,TWO,stellular
2310,TWO,meridian
2311,TWO,treatise
2312,TWO,populace
2313,TWO,legalese
2314,TWO,pantheon
2315,TWO,akimbo
2316,TWO,spontaneity
2317,TWO,undergird
2318,TWO,vetiver
2319,TWO,rudiments
2320,TWO,marimba
2321,TWO,derisive
2322,TWO,platinum
2323,TWO,oompah
2324,TWO,parameters
2325,TWO,monitory
2326,TWO,conduit
2327,TWO,ineluctable
2328,TWO,nonnegotiable
2329,TWO,adulation
2330,TWO,inflammable
2331,TWO,equilibrium
2332,TWO,bravado
2333,TWO,eerily
2334,TWO,disparate
2335,TWO,minutia
2336,TWO,pyrotechnics
2337,TWO,roustabout
2338,TWO,beneficent
2339,TWO,funambulist
2340,TWO,artifice
2341,TWO,anticipatory
2342,TWO,mollify
2343,TWO,trifle
2344,TWO,indict
2345,TWO,apotheosis
2346,TWO,cymbals
2347,TWO,chinook
2348,TWO,cohesive
2349,TWO,ambrosial
2350,TWO,epitome
2351,TWO,entrée
2352,TWO,nucleated
2353,TWO,indigent
2354,TWO,stigmata
2355,TWO,simultaneity
2356,TWO,annulment
2357,TWO,homeostasis
2358,TWO,exorbitant
2359,TWO,merganser
2360,TWO,prolix
2361,TWO,gastronome
2362,TWO,vegetarian
2363,TWO,calamari
2364,TWO,reparations
2365,TWO,sternum
2366,TWO,mitochondria
2367,TWO,epithet
2368,TWO,surimi
2369,TWO,prehensile
2370,TWO,constabulary
2371,TWO,par excellence
2372,TWO,onomatopoeia
2373,TWO,encroach
2374,TWO,besmirch
2375,TWO,somatotype
2376,TWO,speculate
2377,TWO,thwartwise
2378,TWO,lavender
2379,TWO,acacia
2380,TWO,trespass
2381,TWO,bizarro
2382,TWO,stratosphere
2383,TWO,tae kwon do
2384,TWO,tensile
2385,TWO,tetanus
2386,TWO,commandeer
2387,TWO,dissemble
2388,TWO,noxious
2389,TWO,fenestrated
2390,TWO,gaudery
2391,TWO,scarlatina
2392,TWO,bonsai
2393,TWO,gallant
2394,TWO,arbitrary
2395,TWO,lugubrious
2396,TWO,luxuriate
2397,TWO,ciao
2398,TWO,university
2399,TWO,intensify
2400,TWO,quasar
2401,TWO,isosceles
2402,TWO,cavalcade
2403,TWO,genome
2404,TWO,celestial
2405,TWO,hurriedly
2406,TWO,Podunk
2407,TWO,hoity-toity
2408,TWO,gladiatorial
2409,TWO,inviolable
2410,TWO,preposterous
2411,TWO,corrosive
2412,TWO,seize
2413,TWO,Mesopotamian
2414,TWO,machination
2415,TWO,contrite
2416,TWO,extant
2417,TWO,afghan
2418,TWO,pathos
2419,TWO,Muzak
2420,TWO,pugnacious
2421,TWO,patrician
2422,TWO,cogently
2423,TWO,odontiasis
2424,TWO,equinox
2425,TWO,vicinity
2426,TWO,peruse
2427,TWO,enervate
2428,TWO,auricular
2429,TWO,stratification
2430,TWO,prosperous
2431,TWO,merely
2432,TWO,alluvial
2433,TWO,turophile
2434,TWO,settee
2435,TWO,tomahawk
2436,TWO,sclerosis
2437,TWO,abominable
2438,TWO,epicurean
2439,TWO,Patagonia
2440,TWO,legitimately
2441,TWO,artesian
2442,TWO,ablaut
2443,TWO,procedure
2444,TWO,derelict
2445,TWO,vanquish
2446,TWO,inoculate
2447,TWO,mendacious
2448,TWO,anabolic
2449,TWO,limpid
2450,TWO,revelation
2451,TWO,ectoplasm
2452,TWO,heleoplankton
2453,TWO,gubernatorial
2454,TWO,jimberjawed
2455,TWO,syllabus
2456,TWO,arithmetic
2457,TWO,olfactory
2458,TWO,pliant
2459,TWO,pungent
2460,TWO,toilsome
2461,TWO,animus
2462,TWO,depredation
2463,TWO,en masse
2464,TWO,billiards
2465,TWO,mandrill
2466,TWO,gibbous
2467,TWO,ruminate
2468,TWO,armistice
2469,TWO,viscount
2470,TWO,dishevel
2471,TWO,quotient
2472,TWO,extracurricular
2473,TWO,sympathy
2474,TWO,cryogenic
2475,TWO,plague
2476,TWO,Limburger
2477,TWO,ricotta
2478,TWO,punctuation
2479,TWO,puniness
2480,TWO,catalyst
2481,TWO,preferential
2482,TWO,tuffet
2483,TWO,guttural
2484,TWO,nautilus
2485,TWO,lingua franca
2486,TWO,thespian
2487,TWO,bazooka
2488,TWO,epact
2489,TWO,atrocious
2490,TWO,thievery
2491,TWO,triforium
2492,TWO,submersible
2493,TWO,complacency
2494,TWO,abstruse
2495,TWO,vivacious
2496,TWO,dragoon
2497,TWO,déjà vu
2498,TWO,extemporaneous
2499,TWO,kraken
2500,TWO,nephrolith
2501,TWO,xenoglossy
2502,TWO,yuzu
2503,TWO,déjà vue
2504,TWO,ungetatable
2505,TWO,stanzaic
2506,TWO,adipose
2507,TWO,smorgasbord
2508,TWO,ritziness
2509,TWO,calabash
2510,TWO,unilaterally
2511,TWO,putrescent
2512,TWO,quorum
2513,TWO,electrode
2514,TWO,gazette
2515,TWO,chute
2516,TWO,ordinance
2517,TWO,nostalgia
2518,TWO,pharynx
2519,TWO,sporadically
2520,TWO,continuum
2521,TWO,shute
2522,TWO,ursine
2523,TWO,dechlorinate
2524,TWO,epistolary
2525,TWO,sudation
2526,TWO,pachyderm
2527,TWO,impermeable
2528,TWO,arduous
2529,TWO,unconscionable
2530,TWO,pursuit
2531,TWO,cytoplasm
2532,TWO,symposium
2533,TWO,trepidation
2534,TWO,carnitas
2535,TWO,Pembroke
2536,TWO,esoteric
2537,TWO,affectionately
2538,TWO,floribunda
2539,TWO,collision
2540,TWO,bulgogi
2541,TWO,liquefaction
2542,TWO,grapheme
2543,TWO,Pulitzer
2544,TWO,salience
2545,TWO,scarab
2546,TWO,fibromyalgia
2547,TWO,palazzo
2548,TWO,trigonometry
2549,TWO,vitreous
2550,TWO,molasses
2551,TWO,veganism
2552,TWO,terrier
2553,TWO,miasma
2554,TWO,alloy
2555,TWO,wraith
2556,TWO,classical
2557,TWO,humerus
2558,TWO,captivated
2559,TWO,concoct
2560,TWO,Belgium
2561,TWO,insulin
2562,TWO,fungible
2563,TWO,vagabonds
2564,TWO,onus
2565,TWO,modicum
2566,TWO,audacious
2567,TWO,phlegmatic
2568,TWO,Gothamite
2569,TWO,variegated
2570,TWO,precursor
2571,TWO,javelin
2572,TWO,exasperate
2573,TWO,spasmodic
2574,TWO,affable
2575,TWO,volition
2576,TWO,mochi
2577,TWO,spoonerism
2578,TWO,Mandarin
2579,TWO,bouquet
2580,TWO,dopamine
2581,TWO,gossamer
2582,TWO,feign
2583,TWO,complicit
2584,TWO,Kelvin
2585,TWO,denizen
2586,TWO,pitiful
2587,TWO,vincible
2588,TWO,dementia
2589,TWO,gyrocopter
2590,TWO,vellum
2591,TWO,duopoly
2592,TWO,ammunition
2593,TWO,factitious
2594,TWO,voilà
2595,TWO,medieval
2596,TWO,enunciate
2597,TWO,alpinist
2598,TWO,pariah
2599,TWO,sculpture
2600,TWO,voila
2601,TWO,mediaeval
2602,TWO,tarsier
2603,TWO,abracadabra
2604,TWO,prodigious
2605,TWO,annuity
2606,TWO,habanero
2607,TWO,licensure
2608,TWO,autodidact
2609,TWO,plethora
2610,TWO,denominator
2611,TWO,quid pro quo
2612,TWO,Francophone
2613,TWO,Herculean
2614,TWO,parable
2615,TWO,rappelled
2616,TWO,prorogue
2617,TWO,curmudgeon
2618,TWO,convivium
2619,TWO,pilgrimages
2620,TWO,rowan
2621,TWO,conceit
2622,TWO,fecund
2623,TWO,cushion
2624,TWO,atrium
2625,TWO,oriel
2626,TWO,tripartite
2627,TWO,tapas
2628,TWO,laceration
2629,TWO,tutelage
2630,TWO,italicization
2631,TWO,preeminent
2632,TWO,Bohemian
2633,TWO,sediment
2634,TWO,nexus
2635,TWO,domiciled
2636,TWO,preliminary
2637,TWO,alfresco
2638,TWO,succinct
2639,TWO,emulate
2640,TWO,decor
2641,TWO,theorem
2642,TWO,echoed
2643,TWO,loquacious
2644,TWO,inquietude
2645,TWO,caveat
2646,TWO,décor
2647,TWO,accrual
2648,TWO,reticulated
2649,TWO,prosthetic
2650,TWO,compunction
2651,TWO,doubloons
2652,TWO,duchy
2653,TWO,grandeur
2654,TWO,authenticate
2655,TWO,latency
2656,TWO,decumbiture
2657,TWO,oscillation
2658,TWO,pagoda
2659,TWO,ottoman
2660,TWO,fiscal
2661,TWO,epitaphs
2662,TWO,multivalent
2663,TWO,enzyme
2664,TWO,establishment
2665,TWO,logographic
2666,TWO,oblige
2667,TWO,solitaire
2668,TWO,artillery
2669,TWO,dinero
2670,TWO,comestibles
2671,TWO,thermos
2672,TWO,pessimum
2673,TWO,infarction
2674,TWO,interim
2675,TWO,cardiopathy
2676,TWO,stenographer
2677,TWO,acrylics
2678,TWO,amateurish
2679,TWO,cedar
2680,TWO,definiendum
2681,TWO,vanity
2682,TWO,mezzanine
2683,TWO,imminent
2684,TWO,intransigent
2685,TWO,udon
2686,TWO,rhubarb
2687,TWO,nymphal
2688,TWO,lozenge
2689,TWO,hieroglyphics
2690,TWO,intransigeant
2691,TWO,gourd
2692,TWO,neutron
2693,TWO,grammarian
2694,TWO,tedious
2695,TWO,oculus
2696,TWO,tyrannical
2697,TWO,verbatim
2698,TWO,epigram
2699,TWO,empirical
2700,TWO,resonate
2701,TWO,dubiously
2702,TWO,pearlescent
2703,TWO,joule
2704,TWO,marmoset
2705,TWO,havoc
2706,TWO,suspicion
2707,TWO,mariposa
2708,TWO,tautology
2709,TWO,niacin
2710,TWO,panache
2711,TWO,figurative
2712,TWO,repudiate
2713,TWO,teleology
2714,TWO,misconstrue
2715,TWO,courage
2716,TWO,lucrative
2717,TWO,malacology
2718,TWO,emporium
2719,TWO,bowyer
2720,TWO,sagacious
2721,TWO,arabesque
2722,TWO,bardolatry
2723,TWO,saskatoon
2724,TWO,Victorian
2725,TWO,infatuation
2726,TWO,mammalian
2727,TWO,cylindrical
2728,TWO,scrimshaw
2729,TWO,enmity
2730,TWO,forestallment
2731,TWO,abysmal
2732,TWO,tranquil
2733,TWO,tephra
2734,TWO,pterodactyl
2735,TWO,undulating
2736,TWO,Iberian
2737,TWO,chambray
2738,TWO,behemoth
2739,TWO,lackadaisical
2740,TWO,inculcate
2741,TWO,circumscribe
2742,TWO,fluency
2743,TWO,rhombus
2744,TWO,equestrian
2745,TWO,silhouette
2746,TWO,nimbostratus
2747,TWO,ensemble
2748,TWO,invective
2749,TWO,revendicate
2750,TWO,nominal
2751,TWO,dismal
2752,TWO,vertebral
2753,TWO,bassoon
2754,TWO,occur
2755,TWO,jonquil
2756,TWO,draconian
2757,TWO,consortium
2758,TWO,racial
2759,TWO,preamble
2760,TWO,claustrophobia
2761,TWO,pensive
2762,TWO,trebuchet
2763,TWO,tuition
2764,TWO,acrimony
2765,TWO,feasibility
2766,TWO,idyllic
2767,TWO,quarantine
2768,TWO,ransom
2769,TWO,multifarious
2770,TWO,certitude
2771,TWO,jurisdiction
2772,TWO,coralline
2773,TWO,schnitzel
2774,TWO,iambic
2775,TWO,unanimous
2776,TWO,mimeograph
2777,TWO,mycology
2778,TWO,abhenry
2779,TWO,rialto
2780,TWO,monocle
2781,TWO,soporific
2782,TWO,territory
2783,TWO,antelope
2784,TWO,chromosome
2785,TWO,delphinium
2786,TWO,apocalypse
2787,TWO,tupelo
2788,TWO,ultimatum
2789,TWO,mansard
2790,TWO,braggart
2791,TWO,obelisk
2792,TWO,cemetery
2793,TWO,cadaverous
2794,TWO,ambidexterity
2795,TWO,Stilton
2796,TWO,relentlessly
2797,TWO,diurnal
2798,TWO,anticoagulant
2799,TWO,prowess
2800,TWO,mortgage
2801,TWO,barracks
2802,TWO,opalescence
2803,TWO,prejudice
2804,TWO,euro
2805,TWO,dromedary
2806,TWO,exhaust
2807,TWO,rendition
2808,TWO,polyglot
2809,TWO,bombastic
2810,TWO,Gouda
2811,TWO,squalid
2812,TWO,baroque
2813,TWO,calories
2814,TWO,velociraptor
2815,TWO,cistern
2816,TWO,endocrine
2817,TWO,tracheotomy
2818,TWO,gonzo
2819,TWO,sortition
2820,TWO,puree
2821,TWO,exquisite
2822,TWO,presumptuous
2823,TWO,firmament
2824,TWO,strengthen
2825,TWO,ballistic
2826,TWO,manticore
2827,TWO,epsilon
2828,TWO,doubt
2829,TWO,paramountcy
2830,TWO,ostracism
2831,TWO,nattily
2832,TWO,chronometer
2833,TWO,petroglyphs
2834,TWO,unkempt
2835,TWO,sultana
2836,TWO,hasten
2837,TWO,tincture
2838,TWO,cherubic
2839,TWO,specious
2840,TWO,cursive
2841,TWO,agrarian
2842,TWO,bossa nova
2843,TWO,gosling
2844,TWO,wherewithal
2845,TWO,pumice
2846,TWO,binoculars
2847,TWO,collapsar
2848,TWO,rationale
2849,TWO,optometry
2850,TWO,inquisitor
2851,TWO,zodiac
2852,TWO,apportion
2853,TWO,exhibition
2854,TWO,betrothal
2855,TWO,niche
2856,TWO,chemistry
2857,TWO,artery
2858,TWO,gurney
2859,TWO,ministrations
2860,TWO,laminate
2861,TWO,paragon
2862,TWO,quandary
2863,TWO,ornithology
2864,TWO,sanctimonious
2865,TWO,racketeer
2866,TWO,laborious
2867,TWO,foliage
2868,TWO,equanimity
2869,TWO,apropos
2870,TWO,peremptory
2871,TWO,solder
2872,TWO,sententious
2873,TWO,tribunal
2874,TWO,apostate
2875,TWO,brazenness
2876,TWO,zealous
2877,TWO,analogize
2878,TWO,concomitant
2879,TWO,Unnamed
2880,TWO,plundered
2881,TWO,beautician
2882,TWO,portcullis
2883,TWO,guineas
2884,TWO,sundry
2886,TWO,multitude
2887,TWO,covetous
2888,TWO,urbanely
2889,TWO,conglomerate
2890,TWO,salutary
2892,TWO,enthalpy
2893,TWO,flippancy
2894,TWO,lanai
2895,TWO,baklava
2896,TWO,indubitable
2897,TWO,Beefalo
2898,TWO,truculence
2899,TWO,sequester
2900,TWO,hyacinth
2901,TWO,baklawa
2902,TWO,obituary
2903,TWO,pavlova
2904,TWO,quagmire
2905,TWO,sufficiency
2906,TWO,segmentate
2907,TWO,ipso facto
2908,TWO,obsidian
2909,TWO,malleable
2910,TWO,masseuse
2911,TWO,wayward
2912,TWO,convalesce
2913,TWO,coupon
2914,TWO,bidialectal
2915,TWO,idiolect
2916,TWO,Hippocratic
2917,TWO,yeoman
2918,TWO,vagary
2919,TWO,signatory
2920,TWO,officiant
2921,TWO,irascible
2922,TWO,warrior
2923,TWO,Websterian
2924,TWO,devoid
2925,TWO,aspirate
2926,TWO,annexation
2928,TWO,brachiopods
2929,TWO,grievance
2930,TWO,promulgate
2931,TWO,senator
2932,TWO,animalier
2934,TWO,macaroon
2935,TWO,solemn
2936,TWO,salinity
2937,TWO,angular
2938,TWO,endogenous
2940,THREE,lacrosse
2941,THREE,calamitous
2942,THREE,apprentice
2943,THREE,badminton
2944,THREE,Madagascar
2945,THREE,commodore
2946,THREE,McIntosh
2947,THREE,dropsonde
2948,THREE,reluctant
2949,THREE,bayonet
2950,THREE,exposure
2951,THREE,playwright
2952,THREE,ignoble
2953,THREE,proclamation
2954,THREE,heritage
2955,THREE,currycomb
2956,THREE,parachuted
2957,THREE,senile
2958,THREE,diaphoresis
2959,THREE,hokum
2960,THREE,sojourner
2961,THREE,haughty
2962,THREE,periodically
2963,THREE,laryngitis
2964,THREE,kurta
2965,THREE,colossal
2966,THREE,derogatory
2967,THREE,hesitate
2968,THREE,intriguing
2969,THREE,proximo
2970,THREE,Hyperion
2971,THREE,coltan
2972,THREE,palsy
2973,THREE,opportunity
2974,THREE,absorptive
2975,THREE,guerrilla
2976,THREE,Geiger
2977,THREE,squadron
2978,THREE,Lascaux
2979,THREE,Apollo
2980,THREE,incomprehensible
2981,THREE,guerilla
2982,THREE,thermohaline
2983,THREE,marinate
2984,THREE,synesthesia
2985,THREE,accordance
2986,THREE,Merrimack
2987,THREE,Giza
2988,THREE,gannet
2989,THREE,anagrams
2990,THREE,synaesthesia
2991,THREE,atmospheric
2992,THREE,Sinai
2993,THREE,fixity
2994,THREE,palladium
2995,THREE,verandas
2996,THREE,nefarious
2997,THREE,levees
2998,THREE,asparagus
2999,THREE,jodhpurs
3000,THREE,brevet
3001,THREE,verandahs
3002,THREE,halogens
3003,THREE,precariously
3004,THREE,solace
3005,THREE,hydrargyrum
3006,THREE,pamphlet
3007,THREE,Himalayan
3008,THREE,gallium
3009,THREE,proportionate
3010,THREE,argyria
3011,THREE,carborane
3012,THREE,palindrome
3013,THREE,aspersions
3014,THREE,smelters
3015,THREE,suffused
3016,THREE,guanine
3017,THREE,denouncement
3018,THREE,visite
3019,THREE,culminate
3020,THREE,hymnal
3021,THREE,accelerates
3022,THREE,xylyl
3023,THREE,Columbia
3024,THREE,satsuma
3025,THREE,helium
3026,THREE,tartaric
3027,THREE,coincidence
3028,THREE,therapeutic
3029,THREE,misdemeanor
3030,THREE,stirrups
3031,THREE,steeplechasing
3032,THREE,bindi
3033,THREE,prestigious
3034,THREE,tumultuous
3035,THREE,
3036,THREE,Connemara
3037,THREE,Teflon
3038,THREE,Haitian
3039,THREE,emphatic
3041,THREE,misdemeanour
3042,THREE,abundance
3043,THREE,bantam
3044,THREE,divan
3045,THREE,contaminated
3048,THREE,imaret
3049,THREE,allelopathy
3050,THREE,polemic
3051,THREE,adumbrate
3052,THREE,cyrillic
3053,THREE,dauerlauf
3054,THREE,cornichon
3055,THREE,capoeira
3056,THREE,paladin
3057,THREE,depilatory
3058,THREE,Adélie
3059,THREE,emanant
3060,THREE,devastavit
3061,THREE,agnolotti
3062,THREE,totipotency
3063,THREE,bucolic
3064,THREE,manteau
3065,THREE,carte blanche
3066,THREE,Mediterranean
3067,THREE,ballabile
3068,THREE,agnomen
3069,THREE,milieu
3070,THREE,framboise
3071,THREE,bodhran
3072,THREE,longevous
3073,THREE,draegerman
3074,THREE,Bauhaus
3075,THREE,woad
3076,THREE,littoral
3077,THREE,seiche
3078,THREE,digerati
3079,THREE,prescient
3080,THREE,sacerdotal
3081,THREE,terpsichore
3082,THREE,jacana
3083,THREE,carmagnole
3084,THREE,solecism
3085,THREE,Fribourg
3086,THREE,skeuomorph
3087,THREE,strychnine
3088,THREE,sommelier
3089,THREE,encina
3090,THREE,hypertrophy
3091,THREE,proselytizer
3092,THREE,binturong
3093,THREE,pissaladière
3094,THREE,pikas
3095,THREE,encephalitis
3096,THREE,ravigote
3097,THREE,proselytiser
3098,THREE,mamushi
3099,THREE,nilpotent
3100,THREE,examen
3101,THREE,ritenuto
3102,THREE,inchoate
3103,THREE,tenon
3104,THREE,lipophilic
3105,THREE,latitudinarian
3106,THREE,plumassier
3107,THREE,effrontery
3108,THREE,judoka
3109,THREE,nubilous
3110,THREE,codicil
3111,THREE,voltammetry
3112,THREE,maxillae
3113,THREE,pastiche
3114,THREE,vaccary
3115,THREE,iatrogenic
3116,THREE,coulomb
3117,THREE,rathskeller
3118,THREE,pseudonymous
3119,THREE,almoner
3120,THREE,Adelaide
3121,THREE,onychitis
3122,THREE,violaceous
3123,THREE,asphyxiate
3124,THREE,gentian
3125,THREE,caldera
3126,THREE,unwonted
3127,THREE,roux
3128,THREE,Rorschach
3129,THREE,spondylitis
3130,THREE,synod
3131,THREE,querulous
3132,THREE,tazza
3133,THREE,tuatara
3134,THREE,arthralgia
3135,THREE,sequoia
3136,THREE,pompadour
3137,THREE,hircine
3138,THREE,damson
3139,THREE,chicle
3140,THREE,desman
3141,THREE,immure
3142,THREE,quatrefoil
3143,THREE,rheumatic
3144,THREE,pelisse
3145,THREE,sulcus
3146,THREE,jacaranda
3147,THREE,theodicy
3148,THREE,pasquinade
3149,THREE,risibility
3150,THREE,succade
3151,THREE,thalamus
3152,THREE,huapango
3153,THREE,politeia
3154,THREE,Valkyrian
3155,THREE,Daliesque
3156,THREE,tumulus
3157,THREE,gyttja
3158,THREE,predilection
3159,THREE,canard
3160,THREE,zymurgy
3161,THREE,prognosticate
3162,THREE,dorsiflexor
3163,THREE,jibboom
3164,THREE,entomophagy
3165,THREE,Lisztian
3166,THREE,histolysis
3167,THREE,gorgon
3168,THREE,profiterole
3169,THREE,vestigial
3170,THREE,paronomasia
3171,THREE,gerundial
3172,THREE,penurious
3173,THREE,polydactyly
3174,THREE,valetudinary
3175,THREE,Orwellian
3176,THREE,facsimile
3177,THREE,ensilage
3178,THREE,Magellan
3179,THREE,bireme
3180,THREE,aristoi
3181,THREE,gimbaled
3182,THREE,renminbi
3183,THREE,cabal
3184,THREE,Reykjavík
3185,THREE,aposematic
3186,THREE,vireo
3187,THREE,cabaletta
3188,THREE,interferon
3189,THREE,sotto voce
3190,THREE,moussaka
3191,THREE,bijouterie
3192,THREE,rococo
3193,THREE,hesped
3194,THREE,sedulous
3195,THREE,inesculent
3196,THREE,serricorn
3197,THREE,inveighed
3198,THREE,lachsschinken
3199,THREE,umami
3200,THREE,velouté
3201,THREE,cicerone
3202,THREE,Nereid
3203,THREE,mostaccioli
3204,THREE,wakame
3205,THREE,persiflage
3206,THREE,Aesopian
3207,THREE,pusillanimous
3208,THREE,oyez
3209,THREE,azedarach
3210,THREE,bathos
3211,THREE,toreador
3212,THREE,frigate
3213,THREE,quidnunc
3214,THREE,Huguenot
3215,THREE,elision
3216,THREE,nihilism
3217,THREE,vermicelli
3218,THREE,enoptromancy
3219,THREE,genoise
3220,THREE,acequia
3221,THREE,danseur
3222,THREE,ustion
3223,THREE,frangipane
3224,THREE,satiety
3225,THREE,arachnophagous
3226,THREE,adrenergic
3227,THREE,chevalier
3228,THREE,sumpsimus
3229,THREE,reseau
3230,THREE,perorate
3231,THREE,pirouetted
3232,THREE,habitué
3233,THREE,taurine
3234,THREE,morel
3235,THREE,moulage
3236,THREE,imbroglio
3237,THREE,bestial
3238,THREE,habitue
3239,THREE,hierurgical
3240,THREE,abeyance
3241,THREE,interpellate
3242,THREE,embroglio
3243,THREE,hallux
3244,THREE,kalanchoe
3245,THREE,melee
3246,THREE,rongeur
3247,THREE,genuflect
3248,THREE,ochlocracy
3249,THREE,jabot
3250,THREE,warison
3251,THREE,emolument
3252,THREE,mountebank
3253,THREE,cinerarium
3254,THREE,brioche
3255,THREE,saponaceous
3256,THREE,carapace
3257,THREE,ikebana
3258,THREE,exaugural
3259,THREE,myeloma
3260,THREE,vigneron
3261,THREE,phulkari
3262,THREE,bialy
3263,THREE,euripus
3264,THREE,gaillardia
3265,THREE,lebensraum
3266,THREE,tannined
3267,THREE,garrulous
3268,THREE,appurtenances
3269,THREE,samarium
3270,THREE,caryatid
3271,THREE,mufti
3272,THREE,spiedini
3273,THREE,paroxysm
3274,THREE,corsair
3275,THREE,variscite
3276,THREE,heliacal
3277,THREE,dirigible
3278,THREE,anhinga
3279,THREE,communiqué
3280,THREE,zabaglione
3281,THREE,bolide
3282,THREE,schefflera
3283,THREE,surcease
3284,THREE,jai alai
3285,THREE,Chantilly
3286,THREE,velamen
3287,THREE,vervain
3288,THREE,contrapposto
3289,THREE,ascetic
3290,THREE,Rastafarian
3291,THREE,jacquard
3292,THREE,sporran
3293,THREE,chanoyu
3294,THREE,temblor
3295,THREE,oolite
3296,THREE,succussion
3297,THREE,sorghum
3298,THREE,clematis
3299,THREE,hamadryad
3300,THREE,insouciance
3301,THREE,revanche
3302,THREE,avifauna
3303,THREE,guilloche
3304,THREE,kente
3305,THREE,calumny
3306,THREE,catarrh
3307,THREE,megrims
3308,THREE,joropo
3309,THREE,appositive
3310,THREE,ranine
3311,THREE,escabeche
3312,THREE,quattrocento
3313,THREE,podagra
3314,THREE,toxicosis
3315,THREE,dirndl
3316,THREE,riparian
3317,THREE,ad hominem
3318,THREE,millegrain
3319,THREE,palaver
3320,THREE,colporteur
3321,THREE,latke
3322,THREE,accoutrement
3323,THREE,oubliette
3324,THREE,canaille
3325,THREE,luthier
3326,THREE,colporter
3327,THREE,martinet
3328,THREE,accouterment
3329,THREE,béchamel
3330,THREE,verisimilitude
3331,THREE,yttriferous
3332,THREE,agitprop
3333,THREE,asterion
3334,THREE,radicchio
3335,THREE,repoussage
3336,THREE,Keynesian
3337,THREE,vermeil
3338,THREE,Achernar
3339,THREE,hypallage
3340,THREE,dudgeon
3341,THREE,otacoustic
3342,THREE,akaryote
3343,THREE,Ouagadougou
3344,THREE,cassock
3345,THREE,solenoid
3346,THREE,nitid
3347,THREE,naranjilla
3348,THREE,azulejo
3349,THREE,bibliopegist
3350,THREE,meringue
3351,THREE,veridical
3352,THREE,Basenji
3353,THREE,elegiac
3354,THREE,hauberk
3355,THREE,plagiarism
3356,THREE,mackinaw
3357,THREE,threnody
3358,THREE,concinnate
3359,THREE,pâtissier
3360,THREE,bouillon
3361,THREE,holobenthic
3362,THREE,sambal
3363,THREE,Jacobean
3364,THREE,Stradivarius
3365,THREE,patissier
3366,THREE,tarpaulin
3367,THREE,boutonniere
3368,THREE,yuloh
3369,THREE,ballotage
3370,THREE,synecdoche
3371,THREE,Yeatsian
3372,THREE,cephalopod
3373,THREE,anodyne
3374,THREE,hermeneutics
3375,THREE,ocotillo
3376,THREE,tulsi
3377,THREE,surfeit
3378,THREE,pulchritude
3379,THREE,saccharide
3380,THREE,tikkun
3381,THREE,dubitante
3382,THREE,sebaceous
3383,THREE,limicolous
3384,THREE,pekoe
3385,THREE,boulevardier
3386,THREE,macaque
3387,THREE,disciform
3388,THREE,papeterie
3389,THREE,girandole
3390,THREE,patois
3391,THREE,quokka
3392,THREE,lassitude
3393,THREE,mizuna
3394,THREE,litigious
3395,THREE,googol
3396,THREE,Rubicon
3397,THREE,lidocaine
3398,THREE,oeuvre
3399,THREE,trichotillomania
3400,THREE,phytophilous
3401,THREE,étagère
3402,THREE,bourgeois
3403,THREE,contretemps
3404,THREE,altazimuth
3405,THREE,huipil
3406,THREE,meunière
3407,THREE,anechoic
3408,THREE,aerophilatelic
3409,THREE,a posteriori
3410,THREE,Castilian
3411,THREE,mustelid
3412,THREE,hilum
3413,THREE,leonine
3414,THREE,ankh
3415,THREE,scaberulous
3416,THREE,trichinosis
3417,THREE,prestidigitation
3418,THREE,fanfaronade
3419,THREE,laulau
3420,THREE,contumelious
3421,THREE,anaglyphy
3422,THREE,ecclesiology
3423,THREE,soupçon
3424,THREE,malachite
3425,THREE,Gruyère
3426,THREE,vicissitudes
3427,THREE,reconnoiter
3428,THREE,teppanyaki
3429,THREE,diphtheria
3430,THREE,urticaria
3431,THREE,proprioceptive
3432,THREE,lilliputian
3433,THREE,reconnoitre
3434,THREE,cicatrize
3435,THREE,bdelloid
3436,THREE,capsaicin
3437,THREE,oppugn
3438,THREE,Sbrinz
3439,THREE,realpolitik
3440,THREE,somnolent
3441,THREE,nugatory
3442,THREE,ptosis
3443,THREE,macropterous
3444,THREE,kathakali
3445,THREE,colloque
3446,THREE,intonaco
3447,THREE,commorients
3448,THREE,pejerrey
3449,THREE,euphonious
3450,THREE,cozen
3451,THREE,onychorrhexis
3452,THREE,realia
3453,THREE,immiscible
3454,THREE,horologist
3455,THREE,retinoscopy
3456,THREE,oxalis
3457,THREE,paraffin
3458,THREE,grison
3459,THREE,toroidal
3460,THREE,speleothem
3461,THREE,sepulchral
3462,THREE,sangfroid
3463,THREE,sakura
3464,THREE,Jungian
3465,THREE,repartee
3466,THREE,flaneur
3467,THREE,pejorate
3468,THREE,pasilla
3469,THREE,buccal
3470,THREE,Groenendael
3471,THREE,chimera
3472,THREE,Ponzi
3473,THREE,Aitutakian
3474,THREE,maringouin
3475,THREE,zocalo
3476,THREE,facile
3477,THREE,chimaera
3478,THREE,teneramente
3479,THREE,parterre
3480,THREE,argot
3481,THREE,aficionado
3482,THREE,chrysolite
3483,THREE,avgolemono
3484,THREE,styptic
3485,THREE,rondeau
3486,THREE,vicenary
3487,THREE,afficionado
3488,THREE,execrable
3489,THREE,exiguous
3490,THREE,sopapilla
3491,THREE,atlatl
3492,THREE,ajimez
3493,THREE,piscivorous
3494,THREE,hangul
3495,THREE,presentient
3496,THREE,nictitate
3497,THREE,allochroous
3498,THREE,pompeii
3499,THREE,benison
3500,THREE,cartouches
3501,THREE,renvoi
3502,THREE,boutade
3503,THREE,ennui
3504,THREE,oviparous
3505,THREE,gagaku
3506,THREE,Nicoise
3507,THREE,kichel
3508,THREE,towhee
3509,THREE,caisson
3510,THREE,mangonel
3511,THREE,amygdala
3512,THREE,Niçoise
3513,THREE,semaphore
3514,THREE,escritoire
3515,THREE,cheongsam
3516,THREE,coalescence
3517,THREE,scurrilous
3518,THREE,julienne
3519,THREE,gambol
3520,THREE,affenpinscher
3521,THREE,graticule
3522,THREE,Plantagenet
3523,THREE,flèche
3524,THREE,moiety
3525,THREE,angiitis
3526,THREE,gudgeon
3527,THREE,gyascutus
3528,THREE,bauxite
3529,THREE,tetrachoric
3530,THREE,pastitsio
3531,THREE,Teutonic
3532,THREE,beaumontage
3533,THREE,cygnet
3534,THREE,kakapo
3535,THREE,sforzando
3536,THREE,modiste
3537,THREE,Conestoga
3538,THREE,galoot
3539,THREE,supercilious
3540,THREE,pelagial
3541,THREE,thalassic
3542,THREE,deuterium
3543,THREE,zeitgeist
3544,THREE,desiccate
3545,THREE,dysphasia
3546,THREE,ague
3547,THREE,frazil
3548,THREE,Icarian
3549,THREE,heinousness
3550,THREE,aporia
3551,THREE,kugel
3552,THREE,largesses
3553,THREE,rapprochement
3554,THREE,pappardelle
3555,THREE,nacelle
3556,THREE,moraine
3557,THREE,topazolite
3558,THREE,fulgent
3559,THREE,glacis
3560,THREE,Sahel
3561,THREE,rupicolous
3562,THREE,hirsute
3563,THREE,trompe l
3564,THREE,olecranon
3565,THREE,ahimsa
3566,THREE,bibelot
3567,THREE,Pythagorean
3568,THREE,shubunkin
3569,THREE,ailette
3570,THREE,toreutics
3571,THREE,kanji
3572,THREE,telegnosis
3573,THREE,kepi
3574,THREE,hepatectomy
3575,THREE,fetticus
3576,THREE,mascarpone
3577,THREE,weltschmerz
3578,THREE,loupe
3579,THREE,bulgur
3580,THREE,bloviate
3581,THREE,rocaille
3582,THREE,rissole
3583,THREE,jalousie
3584,THREE,oleiculture
3585,THREE,bulghur
3586,THREE,seine
3587,THREE,couverture
3588,THREE,seneschal
3589,THREE,ichthyology
3590,THREE,loess
3591,THREE,ushabti
3592,THREE,galapago
3593,THREE,lemniscus
3594,THREE,pinniped
3595,THREE,pruritus
3596,THREE,löss
3597,THREE,puchero
3598,THREE,au courant
3599,THREE,ad nauseam
3600,THREE,wahine
3601,THREE,dactylic
3602,THREE,ruelle
3603,THREE,nival
3604,THREE,crepuscular
3605,THREE,ganache
3606,THREE,grissino
3607,THREE,affogato
3608,THREE,Ushuaia
3609,THREE,ascites
3610,THREE,theca
3611,THREE,sauger
3612,THREE,coterie
3613,THREE,scrivener
3614,THREE,redingote
3615,THREE,Véronique
3616,THREE,croustade
3617,THREE,kanban
3618,THREE,sylph
3619,THREE,dysrhythmia
3620,THREE,adscititious
3621,THREE,Veronique
3622,THREE,kipuka
3623,THREE,toccata
3624,THREE,katsura
3625,THREE,dragée
3626,THREE,hummock
3627,THREE,planetesimal
3628,THREE,noumenon
3629,THREE,pertinacity
3630,THREE,diastole
3631,THREE,choucroute
3632,THREE,internecine
3633,THREE,taoiseach
3634,THREE,chicanery
3635,THREE,gasthaus
3636,THREE,mediobrome
3637,THREE,hsaing-waing
3638,THREE,duxelles
3639,THREE,obeisant
3640,THREE,vilipend
3641,THREE,transmontane
3642,THREE,demurrage
3643,THREE,stevedore
3644,THREE,mesial
3645,THREE,whippoorwill
3646,THREE,vitiate
3647,THREE,laterigrade
3648,THREE,tristeza
3649,THREE,harangue
3650,THREE,Feldenkrais
3651,THREE,Ficus
3652,THREE,spodumene
3653,THREE,hyssop
3654,THREE,trigeminal
3655,THREE,niveau
3656,THREE,bailiwick
3657,THREE,agelicism
3658,THREE,leberwurst
3659,THREE,naumachia
3660,THREE,bruja
3661,THREE,rouille
3662,THREE,bozzetto
3663,THREE,subrident
3664,THREE,daguerreotype
3665,THREE,focaccia
3666,THREE,upsilon
3667,THREE,rescissible
3668,THREE,coiffure
3669,THREE,ethylene
3670,THREE,yakitori
3671,THREE,pahoehoe
3672,THREE,Kjeldahl
3673,THREE,catachresis
3674,THREE,attaché
3675,THREE,nidicolous
3676,THREE,ardoise
3677,THREE,neophyte
3678,THREE,rubefacient
3679,THREE,tiffin
3680,THREE,rafflesia
3681,THREE,oxyacetylene
3682,THREE,farouche
3683,THREE,buffa
3684,THREE,halcyon
3685,THREE,colcannon
3686,THREE,ranunculus
3687,THREE,queue
3688,THREE,farfalle
3689,THREE,clavichord
3690,THREE,corrigenda
3691,THREE,tournedos
3692,THREE,pistou
3693,THREE,hellebore
3694,THREE,ogival
3695,THREE,de rigueur
3696,THREE,Zanni
3697,THREE,ormolu
3698,THREE,scintillation
3699,THREE,transhumance
3700,THREE,stretto
3701,THREE,secant
3702,THREE,nonage
3703,THREE,blottesque
3704,THREE,Bolognese
3705,THREE,phloem
3706,THREE,coccygeal
3707,THREE,comanchero
3708,THREE,beurre
3709,THREE,consommé
3710,THREE,farrago
3711,THREE,lacustrine
3712,THREE,Diplodocus
3713,THREE,meiosis
3714,THREE,jicama
3715,THREE,consomme
3716,THREE,coup de grace
3717,THREE,ageusia
3718,THREE,tachyon
3719,THREE,gules
3720,THREE,sturnine
3721,THREE,ullage
3722,THREE,tourelle
3723,THREE,pillor
3724,THREE,piccata
3725,THREE,nimiety
3726,THREE,octonocular
3727,THREE,zortzico
3728,THREE,notturno
3729,THREE,deleterious
3730,THREE,isagoge
3731,THREE,lokelani
3732,THREE,parallax
3733,THREE,teratism
3734,THREE,ginglymus
3735,THREE,ikat
3736,THREE,élan
3737,THREE,psoriasis
3738,THREE,antenatus
3739,THREE,flagellum
3740,THREE,hemorrhage
3741,THREE,pylorus
3742,THREE,breviloquence
3743,THREE,bavardage
3744,THREE,trouvaille
3745,THREE,panegyric
3746,THREE,tapetum
3747,THREE,erythroblast
3748,THREE,kalimba
3749,THREE,coulibiac
3750,THREE,glazier
3751,THREE,hoi polloi
3752,THREE,golem
3753,THREE,maillot
3754,THREE,illative
3755,THREE,xyloglyphy
3756,THREE,kinesiology
3757,THREE,sirenian
3758,THREE,krewe
3759,THREE,epenthesis
3760,THREE,betony
3761,THREE,Aramaic
3762,THREE,exogenous
3763,THREE,nescience
3764,THREE,toque
3765,THREE,hinoki
3766,THREE,bêtise
3767,THREE,anathema
3768,THREE,aniseikonia
3769,THREE,blatherskite
3770,THREE,avuncular
3771,THREE,nonpareil
3772,THREE,transience
3773,THREE,basilica
3774,THREE,guayabera
3775,THREE,consigliere
3776,THREE,habiliments
3777,THREE,nyctinasty
3778,THREE,frison
3779,THREE,rajpramukh
3780,THREE,realgar
3781,THREE,adiabatic
3782,THREE,rubato
3783,THREE,pointelle
3784,THREE,flavedo
3785,THREE,Chalcolithic
3786,THREE,anaphylaxis
3787,THREE,camembert
3788,THREE,gentilitial
3789,THREE,vinaigrette
3790,THREE,maquillage
3791,THREE,rinceau
3792,THREE,bobolink
3793,THREE,ecchymosis
3794,THREE,obnebulate
3795,THREE,tinnient
3796,THREE,mortadella
3797,THREE,filar
3798,THREE,diluent
3799,THREE,oppidan
3800,THREE,allonym
3801,THREE,aioli
3802,THREE,stanchion
3803,THREE,bhangra
3804,THREE,urushiol
3805,THREE,decastich
3806,THREE,croquembouche
3807,THREE,pochoir
3808,THREE,spirulina
3809,THREE,risorgimento
3810,THREE,andouille
3811,THREE,Naugahyde
3812,THREE,kobold
3813,THREE,glyceraldehyde
3814,THREE,eleemosynary
3815,THREE,agalma
3816,THREE,otiose
3817,THREE,lefse
3818,THREE,mendicity
3819,THREE,hagiographer
3820,THREE,force majeure
3821,THREE,analgesia
3822,THREE,megacephalic
3823,THREE,beccafico
3824,THREE,castellated
3825,THREE,syncope
3826,THREE,ossicle
3827,THREE,dengue
3828,THREE,souchong
3829,THREE,amphistylar
3830,THREE,toponymic
3831,THREE,icosahedron
3832,THREE,anemone
3833,THREE,cantatrice
3834,THREE,poltroon
3835,THREE,saturnine
3836,THREE,boudin
3837,THREE,goanna
3838,THREE,alpargata
3839,THREE,emollient
3840,THREE,Freudian
3841,THREE,zaibatsu
3842,THREE,bucatini
3843,THREE,wassail
3844,THREE,disembogue
3845,THREE,parquet
3846,THREE,floruit
3847,THREE,titian
3848,THREE,reboation
3849,THREE,ammonite
3850,THREE,luculent
3851,THREE,dhurrie
3852,THREE,Bunyanesque
3853,THREE,tokonoma
3854,THREE,haupia
3855,THREE,tanager
3856,THREE,expatiate
3857,THREE,lapidary
3858,THREE,exsect
3859,THREE,unguiculate
3860,THREE,Keplerian
3861,THREE,pneumatocyst
3862,THREE,xerogel
3863,THREE,cachexia
3864,THREE,champignon
3865,THREE,amaryllis
3866,THREE,codswallop
3867,THREE,fortissimo
3868,THREE,vizierial
3869,THREE,connoisseur
3870,THREE,bahuvrihi
3871,THREE,reveille
3872,THREE,hauteur
3873,THREE,portmanteau
3874,THREE,crescive
3875,THREE,ferruginous
3876,THREE,panjandrum
3877,THREE,regnal
3878,THREE,camarilla
3879,THREE,coaxation
3880,THREE,tryptophan
3881,THREE,gendarme
3882,THREE,demulcent
3883,THREE,embolus
3884,THREE,cabochon
3885,THREE,syzygy
3886,THREE,diamanté
3887,THREE,Unnamed
3888,THREE,goosander
3889,THREE,caveola
3890,THREE,après
3891,THREE,Beethovenian
3892,THREE,sphygmometer
3894,THREE,kwashiorkor
3895,THREE,farina
3896,THREE,zydeco
3897,THREE,tatterdemalion
3898,THREE,kibitzer
3900,THREE,lecithin
3901,THREE,heuristic
3902,THREE,consanguine
3903,THREE,susurrus
3904,THREE,kibbitzer
3906,THREE,cetology
3907,THREE,nudibranch
3908,THREE,bibimbap
3909,THREE,bienvenue
3910,THREE,auteur
3912,THREE,plenipotentiary
3913,THREE,triquetra
3914,THREE,aquiclude
3915,THREE,bienvenu
3916,THREE,labefaction
3918,THREE,foudroyant
3919,THREE,paramahamsa
3920,THREE,demitasse
3921,THREE,potwalloper
3922,THREE,ibidem
3924,THREE,sesquipedalian
3925,THREE,duello
3926,THREE,tomalley
3927,THREE,kaffeeklatsch
3928,THREE,estival
3930,THREE,expugnable
3931,THREE,fjeld
3932,THREE,bouffant
3933,THREE,peregrination
3934,THREE,aestival
3935,THREE,dulcinea
3936,THREE,profligacy
3937,THREE,tomography
3938,THREE,bas-relief
3939,THREE,paraquat
3940,THREE,loup-garou
3941,THREE,nainsook
3942,THREE,yosenabe
3943,THREE,effleurage
3944,THREE,rhizome
3945,THREE,prana
3946,THREE,empennage
3947,THREE,querida
3948,THREE,funori
3949,THREE,chastushka
3950,THREE,Wensleydale
3951,THREE,sinciput
3952,THREE,lysozyme
3953,THREE,paillard
3954,THREE,piloncillo
3955,THREE,bergère
3956,THREE,erubescent
3957,THREE,abattoir
3958,THREE,grimthorpe
3959,THREE,gazoz
3960,THREE,xiphias
3961,THREE,Erewhonian
3962,THREE,estovers
3963,THREE,glossopetrae
3964,THREE,thaumaturge
3965,THREE,Glaswegian
3966,THREE,étouffée
3967,THREE,rhyton
3968,THREE,rembrandt
3969,THREE,diktat
3970,THREE,pinioned
3971,THREE,stannum
3972,THREE,etouffee
3973,THREE,orogeny
3974,THREE,bonspiel
3975,THREE,llanero
3976,THREE,fouetté
3977,THREE,putsch
3978,THREE,degauss
3979,THREE,Pepysian
3980,THREE,hackamore
3981,THREE,Machiavellian
3982,THREE,venenate
3983,THREE,tralatitious
3984,THREE,tussock
3985,THREE,esplanade
3986,THREE,blancmange
3987,THREE,glaucomatous
3988,THREE,badinage
3989,THREE,denouement
3990,THREE,lanolated
3991,THREE,gesellschaft
3992,THREE,simulacrum
3993,THREE,haori
3994,THREE,saccadic
3995,THREE,hortatory
3996,THREE,linnet
3997,THREE,tamari
3998,THREE,cnidarian
3999,THREE,rheostat
4000,THREE,mignonette
4001,THREE,maquette
4002,THREE,embouchure
4003,THREE,arenaceous
4004,THREE,capotasto
4005,THREE,hariolation
4006,THREE,coadjutor
4007,THREE,obliviscence
4008,THREE,plangency
4009,THREE,panettone
4010,THREE,Panagia
4011,THREE,thylacine
4012,THREE,chiffonade
4013,THREE,autophagy
4014,THREE,apocryphal
4015,THREE,tmesis
4016,THREE,nockerl
4017,THREE,cenote
4018,THREE,haricot
4019,THREE,Airedale
4020,THREE,tamarack
4021,THREE,clerihew
4022,THREE,rhabdoid
4023,THREE,griffonage
4024,THREE,Luddite
4025,THREE,potager
4026,THREE,puerilely
4027,THREE,tsukupin
4028,THREE,apodyterium
4029,THREE,fossiliferous
4030,THREE,wickiup
4031,THREE,malleolus
4032,THREE,obloquy
4033,THREE,katakana
4034,THREE,apoplexy
4035,THREE,calefacient
4036,THREE,nisse
4038,THREE,dhole
4039,THREE,Parmentier
4040,THREE,verdure
4041,THREE,obdurate
4042,THREE,impugn
4044,THREE,budgerigar
4045,THREE,rugose
4046,THREE,fait accompli
4047,THREE,nunchaku
4048,THREE,brouillon
4050,THREE,budgereegah
4051,THREE,brume
4052,THREE,dreikanter
4053,THREE,senryu
4054,THREE,derecho
4056,THREE,budgerygah
4057,THREE,hiortdahlite
4058,THREE,penicillin
4059,THREE,cormorant
4060,THREE,solipsist
4062,THREE,outré
4063,THREE,extravasate
4064,THREE,pendeloque
4065,THREE,gnomon
4066,THREE,sinophile
4068,THREE,ululate
4069,THREE,incunabula
4070,THREE,beelzebub
4071,THREE,pinetum
4072,THREE,harmattan
4074,THREE,sororal
4075,THREE,cordillera
4076,THREE,rhinorrhagia
4077,THREE,brucellosis
4078,THREE,incarnadine
4080,THREE,epideictic
4081,THREE,zazen
4082,THREE,Foley
4083,THREE,wasteweir
4084,THREE,encarnadine
