,Index,Words,Type,Description
1,1.0,punting,(verb),"to kick a ball when playing football, soccer or rugby before the ball hits the"
2,,,,ground when dropped from the hands.
3,2.0,crowd,(noun),a large number of people especially when condensed into a compact group
4,,,,without order.
5,3.0,secret,(adjective),"hidden, concealed."
6,4.0,fumble,(verb),"to move awkwardly along, feeling one's way."
7,5.0,pond,(noun),"a body of water that is smaller than a lake but larger than a pool, and that"
8,,,,either occurs naturally or is confined through man-made means.
9,6.0,health,(noun),the state in which the parts of an organism are performing their vital
10,,,,functions normally and properly.
11,7.0,pardon,(noun),forgiveness of a fault or offense.
12,8.0,shake,(verb),to grip or join hands.
13,9.0,kiddo,(noun),— used as a familiar way to greet someone.
14,10.0,proof,(noun),anything serving as evidence to determine the judgment or finding of a
15,,,,court of law.
16,11.0,gorp,(noun),a snack that is usually comprised of high-energy foods such as nuts.
17,12.0,town,(noun),a compressed settled area that in terms of population is larger than a
18,,,,village but smaller than a city.
19,13.0,bingo,(noun),a game played using a grid in which five covered numbers in a row means a
20,,,,win.
21,14.0,clever,(adjective),"having quick mental faculties, intelligence and resourcefulness in"
22,,,,improvising accompanied by cunning wit or physical readiness and grace.
23,15.0,inside,(adjective),being on an inner surface or side.
24,16.0,reply,(verb),to answer in words or writing.
25,17.0,frozen,(adjective),subject to severe cold : chilly.
26,18.0,special,(adjective),"noteworthy, extraordinary, uncommon."
27,19.0,film,(verb),to make a movie of.
28,20.0,results,(plural noun),a comprehensive publication of the outcome of competitive events.
29,21.0,soda,(noun),a beverage that consists of water which is highly charged with carbon
30,,,,dioxide that is used to make soft drinks.
31,22.0,seal,(noun),a marine aquatic carnivorous mammal that lives near cold seacoasts or on
32,,,,"floating ice, bears its young on land, feeds on fish and other marine"
33,,,,"animals, has webbed flippers adapted for swimming, and has been hunted"
34,,,,"for its fur, hide and oil."
35,23.0,twirled,(verb),spun quickly.
36,24.0,disembark,(verb),to leave or go ashore from a ship.
37,26.0,grown-ups,(plural noun),adults : those that have reached full physical and intellectual
38,,,,development.
39,27.0,pieces,(plural noun),parts of a whole thing.
40,28.0,brass,(noun),a typically yellow alloy made of copper with zinc which is capable of
41,,,,being formed and is harder and stronger than copper.
42,29.0,onshore,(adverb),within the country.
43,30.0,stunts,(plural noun),feats or tricks which display significant strength or skill.
44,31.0,deny,(verb),to turn down or give a negative answer to a person.
45,32.0,jolly,(adjective),joyous.
46,33.0,powder,(noun),a substance made up of very fine particles.
47,34.0,earthquake,(noun),a trembling or shaking of the earth that accompanies crustal
48,,,,movements.
49,35.0,walnut,(noun),an edible nut that comes from a tree of the same name.
50,36.0,sawdust,(noun),dry pulverized particles of wood or stone made during the process of
51,,,,cutting material with a manually operated or power-driven tool.
52,37.0,flustered,(verb),"confused, muddled."
53,38.0,barber,(noun),"one whose job is to cut and dress hair, as well as shave and trim"
54,,,,beards.
55,39.0,chimes,(verb),"makes a musical and harmonious sound, like a bell."
56,40.0,cabin,(noun),a small single-story low-roofed house of simple construction.
57,41.0,faint,(adjective),"feeble, dizzy and likely to pass out due to hunger, illness, pain, shock"
58,,,,or emotion.
59,42.0,manger,(noun),an open box in which food is placed for horses or cattle to eat.
60,43.0,peppermint,(noun),a sharp and strong smelling plant with dark green leaves and whorls
61,,,,of small pink flowers in spikes.
62,44.0,broth,(noun),"liquid which was used to cook meat, fish, grains or vegetables."
63,45.0,ash,(noun),the material that is left behind after combustible materials (such as
64,,,,coal) have been burned.
65,46.0,flame,(noun),the part of a fire which glows.
66,47.0,grits,(plural noun),"grains such as maize, wheat or barley which have been hulled and"
67,,,,coarsely ground.
68,48.0,cliff,(noun),a very steep face of rock or earth : precipice.
69,49.0,hem,(noun),"an edge of cloth (such as for a skirt, sleeve or napkin) which has been"
70,,,,finished by folding back the edge and sewing it down.
71,,,,you will be well prepared for a school spelling bee.
72,,,,nan
73,50.0,candles,(plural noun," long, slender, cylindrical masses made of wax and containing wicks"
74,,,,that are burned to give light.
75,51.0,brim,(noun, the edge of a cup or bowl.
76,52.0,plot,(verb, to devise or plan.
77,53.0,desk,(noun, a table with a sloping or horizontal surface used for writing and
78,,,,"reading, often furnished with drawers and compartments."
79,54.0,bobcat,(noun, a lynx from North America that is reddish with dark markings.
80,55.0,polo,(noun, a game played by teams of three or four players on horseback who
81,,,,use mallets with long handles to move a wooden ball down the field
82,,,,and through goalposts.
83,56.0,roller,(noun, a device made of a rotating cylinder that is covered with an absorbent
84,,,,material and mounted on a handle so that the cylinder can be dipped
85,,,,into paint and rolled over a flat surface such as a wall.
86,57.0,stark,(adjective," barren, desolate, bleak."
87,58.0,drum,(noun, a musical percussion instrument that usually consists of a hollow
88,,,,cylinder with a skin head stretched over it which is beaten with a stick
89,,,,or pair of sticks.
90,59.0,snarl,,(noun
91,,,,unravel.
92,60.0,argue,(verb, to give statements or provide facts in support of or in opposition to an
93,,,,opinion.
94,61.0,loppers,(plural noun, shears used for pruning which are about two feet in length.
95,62.0,petal,(noun, one of the typically leaf-shaped members that make up the inner set
96,,,,of leaves of a flower.
97,63.0,giant,(adjective, extremely large.
98,64.0,sniffle,(verb, to bring air noisily up into the nose over and over again to stop mucus
99,,,from running from the nose (typical of having a cold,.
100,65.0,mouth,(noun, the opening for food to enter the body of an animal.
101,66.0,filters,,(plural noun
102,,,,separate liquid or gas from solid matter by passing the matter
103,,,,through the article.
104,67.0,cone,(noun, a crisp conical wafer used to hold ice cream.
105,68.0,never,(adverb, at no time.
106,69.0,silly,(adjective, of little weight or importance.
107,70.0,Monday,(noun, the second day of the week.
108,71.0,grub,(noun, food.
109,72.0,hook,(noun, a curved piece of metal or other hard material that is used for
110,,,,"catching, holding or pulling."
111,73.0,number,(noun),the total sum of units involved.
112,74.0,cooking,(verb),preparing food for the table by a heating process.
113,75.0,amazed,(adjective),filled with wonder : astounded.
114,76.0,collect,(verb),to gather together into a group or assortment.
115,77.0,local,(adjective),characterized by or confined to a particular place : not widespread.
116,78.0,proper,(adjective),"marked by being suitable, fit, compatible or in accordance."
117,79.0,basement,(noun),the part of a building that is either completely or partly below the
118,,,,ground level.
119,80.0,ripple,(verb),to become lightly ruffled on the surface (such as can occur with
120,,,,water).
121,81.0,feats,(plural noun),deeds or acts.
122,82.0,plumbing,(noun),the articles (such as pipes and fixtures) in a building that are
123,,,,"concerned with the introduction, distribution and disposal of water."
124,83.0,stubborn,(adjective),perversely unyielding in character or quality.
125,84.0,adrift,(adverb),without anchor or mooring and without controlled direction.
126,85.0,sweeten,(verb),to add sugar to.
127,86.0,neon,(adjective),extremely bright in color.
128,87.0,beeswax,(noun),business — used primarily by children.
129,88.0,social,(adjective),marked by pleasant time spent with one's friends or companions.
130,89.0,behold,(verb),to experience or apprehend : to receive the full impression of
131,,,,something through sight.
132,90.0,mix,(verb),"to stir, shake or bring different substances together."
133,91.0,drool,(noun),saliva issuing from the mouth in a stream.
134,92.0,understand,(verb),to comprehend.
135,93.0,brought,(verb),conveyed or carried along from one place to another.
136,94.0,sound,(noun),a noise or tone.
137,95.0,benches,(plural noun),long typically wooden seats for multiple people to sit upon.
138,96.0,shrugged,(verb),raised the shoulders to express indifference or aloofness.
139,97.0,still,(adjective),"stationary, immobile."
140,98.0,pranks,(plural noun),tricks.
141,99.0,smiled,(verb),"looked at with amusement, contempt or ridicule."
142,100.0,peach,(noun),"a sweet juicy edible fruit which is used as a fresh or cooked fruit, in"
143,,,,preserves or dried.
144,101.0,pie,(noun),a food consisting of meat or fruit baked in or under dough and
145,,,,typically in a dish that is lined with dough and topped with pastry.
146,102.0,size,(noun),"the actual, characteristic, normal or relative proportion of a thing."
147,103.0,hall,(noun),the home or castle of a medieval king or member of the nobility.
148,,,,you will be well prepared for a school spelling bee.
150,104.0,jangled,(verb),caused to sound harshly or unpleasantly.
151,105.0,chain,(noun),a series of interconnected typically metal links or rings used for
152,,,,various purposes such as support or restraint.
153,106.0,workhorse,(noun),a person who performs and takes on a large amount of difficult labor.
154,107.0,antennas,(plural noun),metallic devices such as rods or wires that are used for receiving or
155,,,,radiating radio waves.
156,108.0,honest,(adjective),legitimate : truthful.
157,109.0,holler,(verb),to cry out or shout to attract attention.
158,110.0,billboard,(noun),a large panel mounted on a building or framework near a road that
159,,,,holds outdoor advertising.
160,111.0,chicken,(noun),a common domestic bird.
161,112.0,puppets,(plural noun),representations of humans or other living things that are small in
162,,,,"scale and are moved and controlled by rod, hand or strings."
163,113.0,waited,(verb),remained in place in expectation of something or someone.
164,114.0,finish,(verb),to arrive at the end of : complete.
165,115.0,cheer,(verb),to fill with gladness : to cause to be happy.
166,116.0,twisty,(adjective),winding : full of bends.
167,117.0,chips,(plural noun),thin slices of potatoes that are deep-fried in fat.
168,118.0,scoop,(noun),a container or utensil used to hold or remove a liquid or loose
169,,,,materials.
170,119.0,rover,(noun),someone who wanders.
171,120.0,forgive,(verb),to stop feeling resentment toward because of a wrong committed.
172,121.0,ribbon,(noun),"a flat narrow fabric made of silk, rayon, nylon or cotton that is closely"
173,,,,"woven in various constructions and used for trimmings, decorations"
174,,,,or knitting.
175,122.0,shoo,(interjection),— used in scaring away an animal.
176,123.0,greedy,(adjective),"having an excessive or selfish desire for something, usually material"
177,,,,possessions.
178,124.0,beam,(noun),a long piece of heavy wood that is suitable to use in house
179,,,,construction.
180,125.0,crew,(noun),the group of people who work on a ship.
181,126.0,crate,(noun),a container that is used to transport items.
182,127.0,hotel,(noun),a building with many rooms that are used for overnight lodging.
183,128.0,stray,(noun),a domestic animal that has left its enclosure or home and wanders at
184,,,,large or is lost.
185,129.0,gallop,(noun),the natural three-beat gait of a horse.
186,130.0,dinosaur,(noun),a member of a group of extinct reptiles.
187,131.0,ancient,(adjective),existing from a long ago period or date.
188,132.0,tapestry,(noun),a heavy textile woven by hand used for hangings or curtains.
189,133.0,delivery,(noun),an instance of the physical transfer of a shipment.
190,134.0,attagirl,(interjection),— used to express encouragement or approval to a woman or girl.
191,135.0,salamanders,(plural noun),"various small amphibians that resemble lizards but don't have scales,"
192,,,,"are covered with a soft moist skin, live in moist dark places, pose no"
193,,,,"harm to humans, and feed on small animals such as aquatic worms and"
194,,,,insects.
195,136.0,usual,(adjective),"in accordance with the normal custom, usage or habit."
196,137.0,challenge,(noun),a thing which one can devote energy or effort to.
197,138.0,cahoots,(plural noun),secret agreement : collusion.
198,139.0,oozing,(verb),moving slowly or without notice.
199,140.0,Mars,(noun),the planet that is fourth from the sun and is noted for its apparent red
200,,,,color.
201,141.0,pelican,(noun),a large web-footed bird with long wings and a very large bill having a
202,,,,throat pouch in which it catches fish.
203,142.0,drastic,(adjective),notably vigorous or severe.
204,143.0,yoga,(noun),a group of exercises for achieving well-being and control of mind and
205,,,,body.
206,144.0,burlap,(noun),a course heavy plain-woven fabric typically made from hemp or jute
207,,,,that is used for bagging and wrapping items.
208,145.0,blazer,(noun),a single-breasted sports jacket usually with bright stripes or in a solid
209,,,,color that has a notched collar and patch pockets.
210,146.0,trombone,(noun),a brass instrument that consists of a long cylindrical metal tube that
211,,,,ends in a bell and has a movable slide which makes musical sounds.
212,147.0,trembling,(verb),quaking due to fear or another emotion.
213,148.0,calmed,(verb),made peaceful : induced quiet and peace in place of agitation or
214,,,,passion.
215,149.0,police,(noun),the department of the government which is concerned with
216,,,,"maintaining public order, safety and health, and which has the power"
217,,,,to enforce laws.
218,150.0,certain,(adjective),given to or marked by complete conviction and assurance.
219,151.0,barograph,(noun),an automatic instrument which is used to record variations in
220,,,,atmospheric pressure.
221,152.0,charred,(verb),partly burned on the outside.
222,153.0,Pakistan,(geographical,a country in southern Asia which borders the Arabian Sea.
223,,,entry),
224,154.0,pressure,(noun),the burden of mental or physical distress.
225,155.0,surmised,(verb),guessed : formed an opinion without substantial proof or certain
226,,,,knowledge.
227,,,,you will be well prepared for a school spelling bee.
229,156.0,teak,(noun),"the hard, strong, durable, yellowish brown wood of a tall East Indian"
230,,,,timber tree which is highly resistant to insect attack and warping and is
231,,,,used for shipbuilding.
232,157.0,transit,(noun),"the public transportation of people by bus, subway train or other local"
233,,,,system of conveyance.
234,158.0,cannonade,(noun),a noisy persistent attack (as of questions).
235,159.0,appetite,(noun),the desire to eat when food is available.
236,160.0,luggage,(noun),"suitcases, bags used for travel or other articles used to carry a"
237,,,,traveler's belongings.
238,161.0,ramparts,(plural noun),protective barriers.
239,162.0,vinyl,(noun),any of a group of tough durable plastics based on resins that are used
240,,,,"especially in the forming of films and sheeting, flooring, and sound"
241,,,,records.
242,163.0,anemometers,(plural noun),tools used to gauge the speed of the wind.
243,164.0,dainty,(adjective),characterized by beauty that is delicate in nature.
244,165.0,buckle,(verb),to secure two loose ends of something (such as a belt) with one end
245,,,,having a fastening and the other a catch.
246,166.0,vividly,(adverb),"intensely, sharply, keenly."
247,167.0,briny,(adjective),salty.
248,168.0,pavement,(noun),the surface of a public thoroughfare which is artificially covered.
249,169.0,garnet,(noun),a brittle material which is typically red in color and occurs mainly in
250,,,,crystals.
251,170.0,furrow,(verb),to cultivate or till as if with a plow.
252,171.0,sprawl,(verb),to lie or sit with arms and legs stretched out : to spread out.
253,172.0,museum,(noun),"a building or institution which is devoted to the gathering, care, study"
254,,,,and display of objects of lasting interest and value.
255,173.0,wren,(noun),any of various small brown singing birds.
256,174.0,legend,(noun),someone having a special status as a result of possessing extraordinary
257,,,,qualities that are typically partly real and partly mythical.
258,175.0,transistor,(noun),an electronic device made of a small block of a semiconductor with
259,,,,three electrodes on it and that conducts electrons moving in one
260,,,,direction to the opposite direction.
261,176.0,amplify,(verb),"to expand, extend or enlarge a statement or idea by adding details or"
262,,,,illustration.
263,177.0,security,(noun),"freedom from care, anxiety or fear."
264,178.0,refrain,(noun),a phrase or verse that recurs regularly typically within a poem or song.
265,179.0,tactics,(plural noun),methods : systems of procedure.
266,180.0,shepherd,(noun),"a man employed in tending, feeding and guarding sheep."
267,181.0,Angus,(noun),any of a breed of hornless black or red beef cattle originally from
268,,,,Scotland.
269,182.0,mulish,(adjective),"stubborn, inflexible or uncompromising."
270,183.0,rivalry,(noun),competition.
271,184.0,siblings,(plural noun),two or more people with the same parents.
272,185.0,chestnut,(noun),any of a genus of deciduous trees or shrubs native to temperate
273,,,,regions of the northern hemisphere that have a fruit consisting of a
274,,,,single nut.
275,186.0,minivan,(noun),a small multipurpose vehicle with rear or side doors and side panels
276,,,,with windows that is used to transport passengers.
277,187.0,plaid,(adjective),having a cross-barred multicolored pattern.
278,188.0,tissue,(noun),an aggregate of cells together with their intercellular substance that
279,,,,form one of the structural materials out of which the body of a plant or
280,,,,an animal is made.
281,189.0,scoundrel,(noun),a bold selfish person who is equipped with low ethical standards.
282,190.0,amino,(adjective),relating to or containing the group NH2 united to a radical other than
283,,,,an acid radical.
284,191.0,menthol,(noun),an alcohol that occurs naturally in peppermint oil and Japanese mint
285,,,,oil and can be made artificially.
286,192.0,Tabasco,(trademark),— used for a condiment sauce made from capsicum berries.
287,193.0,obvious,(adjective),easily perceived by the mind.
288,194.0,pulse,(noun),a regular wave of distension in the arteries that is a result of blood
289,,,,progressing through an artery at each contraction of the ventricles of
290,,,,the heart.
291,195.0,cottage,(noun),a small house typically used in the summer.
292,196.0,garland,(noun),a wreath of leaves or flowers that is worn on the head or used for
293,,,,decoration.
294,197.0,gnaw,(verb),to bite or chew on with the teeth.
295,198.0,comfort,(noun),enjoyment in physical or mental well-being.
296,199.0,caroling,(verb),traveling outside in a group to sing Christmas songs on Christmas Eve.
297,,carolling,,
298,200.0,foolishness,(noun),the state of lacking seriousness : folly.
299,201.0,constellation,(noun),any of the 88 configurations of stars.
300,202.0,sundering,(verb),breaking or forcing apart.
301,203.0,juncture,(noun),a seam or joint.
302,204.0,exploits,(verb),takes undue advantage of.
303,205.0,rabble-rouser,(noun),a person who stirs up the masses of the people (such as to violence or
304,,,,hatred).
305,,,,you will be well prepared for a school spelling bee.
307,206.0,profound,(adjective),hard to understand or comprehend.
308,207.0,wreath,(noun),a crown or band of intertwined flowers or leaves worn or given as a
309,,,,mark of honor.
310,208.0,profile,(noun),a representation of something in outline.
311,209.0,untoward,(adjective),unfortunate or unlucky.
312,210.0,memorial,(adjective),commemorative.
313,211.0,industrial,(adjective),"of or belonging to a department of a craft, business or manufacture."
314,212.0,barrier,(noun),an object or objects that serve to separate or keep items apart.
315,213.0,gratingly,(adverb),with an irritating or harsh effect or sound.
316,214.0,brayed,(verb),made a loud harsh cry — used of a donkey.
317,215.0,Harlem,(geographical,section of New York City in northern Manhattan that was a center of
318,,,entry),African American culture in the 1920s.
319,216.0,messenger,(noun),someone who delivers a written or oral communication : a courier.
320,217.0,beacons,(plural noun),fires placed on a hill or tower that are used to communicate signals.
321,218.0,generation,(noun),"development, rise."
322,219.0,coverage,(noun),the amount of reporting given to a news event.
323,220.0,deters,(verb),turns aside or discourages from acting.
324,221.0,Nepal,(geographical,landlocked country in Asia in the Himalayas on the northeast border of
325,,,entry),India.
326,222.0,disinfectant,(noun),a chemical that destroys vegetative forms of harmful microorganisms.
327,223.0,campaign,(noun),a period of continuous and often competitive activity in any seasonal
328,,,,occupation or industry.
329,224.0,starvation,(noun),the instance of suffering from extreme hunger.
330,225.0,gamma,(noun),the third letter of the Greek alphabet.
331,226.0,spleen,(noun),an abdominal organ that plays a role in the maintenance of blood
332,,,,"volume, the production of blood cells, the recovery of material from"
333,,,,worn-out blood cells and the production of antibodies.
334,227.0,utensils,(plural noun),tools or instruments used in a kitchen.
335,228.0,depot,(noun),a bus station.
336,229.0,incident,(noun),an uncommon happening.
337,230.0,brambles,(plural noun),prickly and rough vines or shrubs.
338,231.0,trifecta,(noun),"a bet in which the bettor selects the first, second and third finishers in"
339,,,,a contest or race in the correct order.
340,232.0,shingle,(noun),coarse and rounded detritus found on the seashore and which is
341,,,,different from regular gravel due to its large size.
342,233.0,mason,(noun),"a skilled artisan who builds using stone, brick or concrete."
343,234.0,avoid,(verb),to stay clear of : to keep away from.
344,235.0,static,(adjective),"stable, stagnant."
345,236.0,samples,(plural noun),portions to represent a whole.
346,237.0,modern,(adjective),contemporary : relating to the present time.
347,238.0,chalk,(noun),"the prepared form of a soft limestone, earthy in texture and white,"
348,,,,gray or buff in color used for marking or drawing.
349,239.0,concentrate,(verb),"to bring all one's powers, faculties or activities to bear."
350,240.0,proud,(adjective),elated : highly pleased.
351,241.0,expiration,(noun),"termination, close, extinction."
352,242.0,batteries,(plural noun),level of enthusiasm or energy.
353,243.0,centuries,(plural noun),time spans of 100 years.
354,244.0,differed,(verb),varied : changed from time to time.
355,245.0,fearsome,(adjective),arousing from fright or terror.
356,246.0,fiercest,(adjective),characterized by the most furious unrestrained vehemence or zeal.
357,247.0,residence,(noun),the place where one lives or has their home.
358,248.0,abated,(verb),lessened : decreased in force.
359,249.0,scattering,(verb),spreading widely and randomly by throwing about.
360,250.0,toppled,(verb),tumbled down : fell from top-heaviness.
361,251.0,vane,(noun),a movable device used to show the direction of the wind.
362,252.0,vortices,(plural noun),tornadoes : quickly moving and spiraling columns of air.
363,253.0,turbulent,(adjective),tempestuous or stormy.
364,254.0,obstacles,(plural noun),things that hinder progress or stand in the way.
365,255.0,continental,(adjective),being the portion of the United States located on the continent of
366,,,,North America.
367,256.0,deportment,(noun),behavior or conduct.
368,257.0,exhibits,(plural noun),exhibitions or displays.
369,258.0,agricultural,(adjective),"relating to or used in the science or art of working the soil, harvesting"
370,,,,crops and raising livestock.
371,259.0,momentous,(adjective),weighty : of great importance.
372,260.0,disturbance,(noun),an interruption of quiet or peace.
373,261.0,wily,(adjective),crafty : full of deceitful cunning.
374,262.0,rookie,(noun),a member who is new to an athletic team.
375,263.0,transparencies,(plural noun),"matters for displaying which are made on glass, thin cloth, paper or"
376,,,,film and which are viewed by the help of light shining through the
377,,,,matter.
378,,,,you will be well prepared for a school spelling bee.
380,264.0,hazmat,(noun),a substance that is shipped and which would be dangerous to life or
381,,,,the environment if released without proper precaution.
382,265.0,Antarctic,(adjective),relating to the South Pole or the region surrounding it.
383,266.0,perfume,(noun),a fluid containing essences of flowers or synthetics which is used for its
384,,,,scent.
385,267.0,plaiting,(noun),braiding : the interweaving of three or more strands of hair.
386,268.0,writers,(plural noun),people who practice the act of literary or journalistic composition in
387,,,,words as a job.
388,269.0,series,(noun),a group of three or more things or events succeeding in order and
389,,,,having a relationship to each other.
390,270.0,audience,(noun),those present at a stage or film production or viewing of a televised
391,,,,program.
392,271.0,insubstantial,(adjective),imaginary : lacking substance.
393,272.0,staggered,(verb),swayed or tottered when standing or walking.
394,273.0,assistance,(noun),"aid given to the needy, usually in monetary form."
395,274.0,sanitized,(verb),made hygienic through sterilization or cleaning.
396,275.0,diminished,(verb),decreased.
397,276.0,organist,(noun),someone who plays any of several large musical instruments which
398,,,,produce sustained tones by means of a keyboard.
399,277.0,operator,(noun),someone in charge of a telephone switchboard.
400,278.0,Louisiana,(geographical,a state in the southern United States.
401,,,entry),
402,279.0,perpetual,(adjective),constant or indefinitely.
403,280.0,blustery,(adjective),stormy.
404,281.0,molars,(plural noun),teeth which are adapted for grinding due to having rounded or
405,,,,flattened surfaces.
406,282.0,arrange,(verb),to put in the correct or desired order.
407,283.0,dissolved,(verb),"passed into an act by which a solid, liquid or gaseous substance is"
408,,,,mixed typically with a liquid.
409,284.0,extremely,(adverb),in an intense manner.
410,285.0,plastic,(noun),any of a large group of materials of high molecular weight that usually
411,,,,"contain a synthetic or semisynthetic organic substance, that are"
412,,,,molded into objects of all sizes and shapes.
413,286.0,multiplication,(noun),a mathematical operation in which the first number is repeated as
414,,,,many times as there are units in the second number.
415,287.0,middle,(noun),the part halfway between two points.
416,288.0,reasonable,(adjective),not absurd or ridiculous : being in agreement with right thinking.
417,289.0,closet,(noun),"a recess or cabinet used to hold china, clothing or other utensils."
418,290.0,investigation,(noun),study or research.
419,291.0,accident,(noun),an event that occurs by chance.
420,292.0,discussion,(noun),a consideration of a question typically occurring in informal debate.
421,293.0,confused,(verb),confounded : failed to distinguish between two or more parties.
422,294.0,microwave,(verb),to cook or heat food in an oven that prepares the food with short
423,,,,electromagnetic waves.
424,295.0,gabled,(adjective),furnished with the vertical triangular portion of the end of a building.
425,296.0,settle,(verb),seat : to cause to sit.
426,297.0,somber,(adjective),dejected in appearance or mood : gloomy.
427,,sombre,,
428,298.0,tampered,(verb),interfered with so as to change for the worse.
429,299.0,loyal,(adjective),devoted to a person : faithful.
430,300.0,remarkable,(adjective),worthy of being noticed.
431,301.0,joists,(plural noun),the small timbers or iron or steel beams that are arranged in a parallel
432,,,,fashion stretching from wall to wall in a building.
433,302.0,scrambling,(verb),moving with urgency.
434,303.0,inspector,(noun),a police officer ranking below a superintendent.
435,304.0,distressed,(adjective),overcome with pain or grief.
436,305.0,smudge,(noun),a splotch or smear.
437,306.0,throttle,(verb),to choke : to stop the breathing of by any means.
438,307.0,perfection,(noun),flawlessness : freedom from defect.
439,308.0,capable,(adjective),"marked by general efficiency and by adequate resourcefulness, skill"
440,,,,and reliability.
441,309.0,gadgets,(plural noun),typically small devices that are often considered novelties and that are
442,,,,found especially on pieces of machinery.
443,310.0,channel,(noun),a band of frequencies able to accommodate a single television or radio
444,,,,communication.
445,311.0,chisel,(noun),a tool consisting of a metal bar with a sharpened edge at one end used
446,,,,for working on the surface of materials by chipping or carving.
447,312.0,chimney,(noun),"a vertical structure incorporated into a building that carries off smoke,"
448,,,,fumes or gases.
449,313.0,minnow,(noun),a very small fish that can grow up to three inches long and that is
450,,,,common in streams.
451,314.0,domain,(noun),a large subdivision of the Internet denoted by an abbreviation
452,,,,consisting of computers or sites with a common purpose or a common
453,,,,location.
454,315.0,shuffle,(verb),to slide the feet back and forth without lifting them.
455,,,,you will be well prepared for a school spelling bee.
457,316.0,carpenter,(noun),a person whose career is to build or repair with wood.
458,317.0,pruners,(plural noun),a tool which is used to remove dead branches or leaves from
459,,,,vegetation.
460,318.0,parcel,(noun),a package.
461,319.0,squawk,(verb),to emit a loud harsh cry.
462,320.0,Sheetrock,(trademark),— used to describe a plasterboard formed of gypsum between two
463,,,,surfaces of hard paper.
464,321.0,trowel,(noun),"a hand tool with a blade that is used to apply, spread, shape and"
465,,,,smooth any loose material.
466,322.0,nervous,(adjective),originating in or affected by the nerves.
467,323.0,spirit,(noun),any supernatural being such as an apparition or elf.
468,324.0,equator,(noun),the circle of the celestial sphere whose plane runs perpendicular to the
469,,,,axis of Earth.
470,325.0,evidence,(noun),something submitted legally to a tribunal as a means of realizing the
471,,,,truth of any alleged matter of fact under investigation before it.
472,326.0,solar,(adjective),related to the sun and its effects on Earth and other planets.
473,327.0,explore,(verb),to search or look into.
474,328.0,distance,(noun),the amount of separation between two points.
475,329.0,fault,(noun),responsibility for failure.
476,330.0,colonists,(plural noun),someone who settles in a new country.
477,331.0,prudence,(noun),wisdom shown in the exercise of self-control and reason.
478,332.0,assembly,(noun),a meeting scheduled for an entire student body and faculty of a school
479,,,,"held for recreational, administrative or educational reasons."
480,333.0,sheriff,(noun),an important county officer in the United States who is typically
481,,,,elected by the people.
482,334.0,tarry,(verb),to dawdle or procrastinate.
483,335.0,entity,(noun),something that has an objective or physical reality and distinct
484,,,,character.
485,336.0,archives,(plural noun),repositories for documents of historical value.
486,337.0,commotion,(noun),noisy confusion.
487,338.0,vacancy,(noun),an empty office or post.
488,339.0,beatboxing,(noun),a musical style comprised of solo vocal imitation of percussion.
489,340.0,mutate,(verb),to undergo a significant alteration.
490,341.0,commonplace,(noun),a comment or remark lacking in originality.
491,342.0,gingerbread,(noun),a cake made with molasses and ginger which is then cut in fancy
492,,,,shapes and frosted.
493,343.0,dispute,(verb),to wrangle : to argue with persistence.
494,344.0,episode,(noun),a part of a television or radio serial presented in one period.
495,345.0,confection,(noun),a delicacy.
496,346.0,autographs,(plural noun),handwritten signatures.
497,347.0,petite,(adjective),little or small.
498,348.0,station,(noun),a post or position of duty.
499,349.0,lacrosse,(noun),a game played with two teams of 10 players each with each player
500,,,,"using a long-handled stick to catch and throw a ball, and with the"
501,,,,object being to throw the ball into the opponents' goal.
502,350.0,McIntosh,(noun),a bright red apple for eating.
503,351.0,ignoble,(adjective),despicable.
504,352.0,diaphoresis,(noun),profuse sweating.
505,353.0,kurta,(noun),"a long, loosely fitting shirt without a collar that originated in India."
506,354.0,Hyperion,(noun),"a Titan who fathered Helios, Selene and Eos."
507,355.0,withers,(plural noun),the ridge on a horse that falls between the shoulder bones.
508,356.0,Geiger,(noun),a tool which consists of a gas-filled counting tube whose purpose is to
509,,,,detect the presence of cosmic rays or radioactive substances.
510,357.0,thermohaline,(adjective),"in oceanography, involving the joined effect of salinity and"
511,,,,temperature.
512,358.0,gannet,(noun),any of several large web-footed sea birds.
513,359.0,palladium,(noun),something that provides protection.
514,360.0,brevet,(noun),a document which grants a privilege or title on behalf of the
515,,,,government.
516,361.0,pamphlet,(noun),an unbound publication with a small number of pages.
517,362.0,palindrome,(noun),a word or sentence that reads the same both forwards and backwards.
518,363.0,visite,(noun),a short coat that was formerly worn in the summertime by women.
519,364.0,satsuma,(noun),a cultivated mandarin tree producing seedless fruit.
520,365.0,stirrups,(plural noun),"rings or bent pieces of metal, wood or leather made to hold and"
521,,,,support the foot of a rider on horseback.
522,366.0,Connemara,(geographical,a district in Ireland located in western Galway.
523,,,entry),
524,367.0,abundance,(noun),a large supply.
525,368.0,calamitous,(adjective),marked by disaster.
526,369.0,dropsonde,(noun),a miniature radio transmitter which is dropped by a parachute in order
527,,,,to measure the temperature and moisture of the air.
528,370.0,proclamation,(noun),an official formal public announcement.
529,,,,you will be well prepared for a school spelling bee.
531,371.0,hokum,(noun),a device used to elicit a desired reaction from an audience.
532,372.0,colossal,(adjective),"characterized by extreme bulk, force, power or strength."
533,373.0,coltan,(noun),a dull black ore that is a mixture of columbite and tantalite.
534,374.0,squadron,(noun),a division of organization in the military.
535,375.0,marinate,(verb),"to set meat, fish or vegetables in a liquid infused with vinegar or oil,"
536,,,,spices and herbs.
537,376.0,anagrams,(plural noun),phrases or words that are created from the letters of other words or
538,,,,phrases.
539,377.0,verandas,(plural noun),porches.
540,,verandahs,,
541,378.0,Himalayan,(noun),a breed of domestic cats.
542,379.0,hunky-dory,(adjective),fine.
543,380.0,aspersions,(plural noun),slanderous expressions.
544,381.0,culminate,(verb),to reach a decisive point.
545,382.0,helium,(noun),"a very light colorless inert gas used for diluting oxygen, inflating"
546,,,,"balloons, and in many chemical and metallurgical processes."
547,383.0,steeplechasing,(noun),the sport of horse riding in races which involve jumping over barriers.
548,384.0,Teflon,(trademark),— used for a tough resin characterized by good resistance to
549,,,,"chemicals, heat and weathering."
550,385.0,bantam,(adjective),small.
551,386.0,apprentice,(noun),a person who is in training to learn a trade from a skilled worker.
552,387.0,reluctant,(adjective),unwilling.
553,388.0,heritage,(noun),a legacy.
554,389.0,sojourner,(noun),a person who stays somewhere as a temporary resident.
555,390.0,derogatory,(adjective),expressive of disdain.
556,391.0,palsy,(noun),partial or complete loss of motion or sensation in any part of the body.
557,392.0,Lascaux,(geographical,a cave in France that contains prehistoric paintings.
558,,,entry),
559,393.0,synesthesia,(noun),a subjective image or sensation of a sense (such as a color) different
560,,synaesthesia,,from the one (such as a sound) that is being stimulated.
561,394.0,nefarious,(adjective),detestable or wicked.
562,395.0,halogens,(plural noun),"the five elements (fluorine, chlorine, bromine, iodine and astatine) that"
563,,,,form group VII A of the periodic table.
564,396.0,gallium,(noun),a rare bluish-white metallic element that is hard and brittle at low
565,,,,"temperatures, melts just above room temperature, and expands on"
566,,,,freezing.
567,397.0,smelters,(plural noun),furnace operators who fuse or melt ore often with an accompanying
568,,,,chemical change typically to separate the metal.
569,398.0,hymnal,(noun),a collection of church songs that have been adapted for singing during
570,,,,religious services.
571,399.0,tartaric,(adjective),relating to or derived from a substance containing a white crystalline
572,,,,salt and yeast or a type of acid obtained from that substance.
573,400.0,bindi,(noun),a piece of jewelry or a mark (such as a red spot) worn on the forehead
574,,,,especially by Hindu women.
575,401.0,Haitian,(adjective),relating to the people of Haiti or the island itself.
576,402.0,divan,(noun),a type of couch that usually doesn't have arms or a back and is often
577,,,,meant to be used as a bed.
578,403.0,badminton,(noun),a game played on a court by two or four people who use rackets to
579,,,,volley a shuttlecock over a net.
580,404.0,bayonet,(noun),a steel blade made to be attached to the muzzle end of a type of
581,,,,firearm that is fired while braced against the shoulder.
582,405.0,currycomb,(noun),a grooming tool for horses that has rows of serrated ridges or metallic
583,,,,teeth.
584,406.0,haughty,(adjective),arrogant or disdainfully proud.
585,407.0,hesitate,(verb),to delay or pause typically for a moment.
586,408.0,opportunity,(noun),"a combination of time, place and circumstances that is favorable or"
587,,,,suitable for a specific action or activity.
588,409.0,Apollo,(noun),a young man of graceful beauty.
589,410.0,accordance,(noun),"agreement, such as of opinion, action or will."
590,411.0,atmospheric,(adjective),relating to the entire mass of air that surrounds Earth.
591,412.0,levees,(plural noun),raised earth or gravel structures that are designed to prevent flooding.
592,413.0,precariously,(adverb),in a manner marked by a lack of stability or security.
593,414.0,proportionate,(adjective),being in balance or symmetry.
594,415.0,suffused,(verb),"flushed, filled."
595,416.0,accelerates,(verb),speeds up the normal development or progress of something.
596,417.0,coincidence,(noun),the conjunction of circumstances or events significant to one another
597,,,,but that have no obvious causal connection.
598,418.0,prestigious,(adjective),having a greatly respected name or reputation : esteemed : honored.
599,419.0,emphatic,(adjective),commanding attention by insistence or prominence.
600,420.0,contaminated,(verb),deemed not fit for use by the introduction of elements that are
601,,,,undesirable or unwholesome.
602,421.0,Madagascar,(geographical,an island in the western Indian Ocean off southeastern Africa that is
603,,,entry),known for its unique flora and fauna.
604,,,,you will be well prepared for a school spelling bee.
606,422.0,exposure,(noun),a condition of being subjected to an influence or to an experience.
607,423.0,parachuted,(verb),descended by means of a folding umbrella-shaped device made of light
608,,,,fabric that is used to slow the speed of the person or thing attached to it.
609,424.0,periodically,(adverb),frequently : recurrently.
610,425.0,intriguing,(adjective),fascinating.
611,426.0,absorptive,(adjective),"characterized by, tending to or causing assimilation."
612,427.0,incomprehensible,(adjective),existing beyond the reach of the human mind.
613,428.0,Merrimack,(geographical,a river in southern New Hampshire and northeastern Massachusetts
614,,,entry),that flows south and northeast into the Atlantic.
615,429.0,Sinai,(geographical,a peninsula in northeastern Egypt between the Red Sea and the
616,,,entry),Mediterranean that forms an extension of the continent of Asia.
617,430.0,misdemeanor,(noun),a crime that is not punishable by death or imprisonment in a state
618,,,,penitentiary.
619,,misdemeanour,,
620,431.0,asparagus,(noun),a plant that is widely grown for its edible and tender young shoots.
621,432.0,solace,(verb),to console.
622,433.0,argyria,(noun),permanent dark skin discoloration caused by absorption after overuse of
623,,,,medicinal silver preparations.
624,434.0,guanine,(noun),a crystalline purine base found especially in the excrement of bats and in
625,,,,many leguminous plants and that is obtained by hydrolysis of nucleic
626,,,,acids.
627,435.0,xylyl,(noun),any of several isomeric radicals each with a valence of one that is derived
628,,,,from the three xylenes by the removal of a hydrogen atom.
629,436.0,therapeutic,(adjective),relating to the treatment of disease or disorders by medicinal or curing
630,,,,agents or methods: curative.
631,437.0,tumultuous,(adjective),"marked by overwhelming or violent commotion, turbulence or radical"
632,,,,change.
633,438.0,commodore,(noun),an officer of the navy who typically ranks next below a rear admiral and
634,,,,above a captain.
635,439.0,playwright,(noun),"a person who writes a composition arranged for enactment by actors,"
636,,,,intended to tell a story through the actions and usually dialogue of the
637,,,,actors.
638,440.0,senile,(adjective),displaying a loss of mental abilities associated with old age.
639,441.0,laryngitis,(noun),inflammation of the vocal cords.
640,442.0,proximo,(adjective),of or taking place in the next month after the current one.
641,443.0,guerrilla,(noun),"a member of an independent band engaged in plundering, violent"
642,,guerilla,,wartime military expeditions.
643,444.0,Giza,(geographical,a city in northern Egypt that is near Cairo and that lies on the western
644,,,entry),bank of the Nile River.
645,445.0,fixity,(noun),the state or quality of being stable or not subject to change or
646,,,,fluctuation.
647,446.0,jodhpurs,(plural noun),"pants for horseback riding that are full through the hips, fit closely from"
648,,,,the knee to the ankle and typically have a strap under each foot.
649,447.0,hydrargyrum,(noun),the element mercury.
650,448.0,carborane,(noun),any of a class of compounds that are thermally stable and that are used
651,,,,in the synthesis of lubricants and polymers.
652,449.0,denouncement,(noun),the act of making known or declaring someone such as a culprit to
653,,,,people in command.
654,450.0,Columbia,(noun),the United States.
