Index,Difficulty Level,Words,WOC_2021
0,ONE,gel,1
1,ONE,day,1
2,ONE,scorch,1
3,ONE,hear,1
4,ONE,sizzle,1
5,ONE,jotted,1
6,ONE,train,1
7,ONE,upset,1
8,ONE,motor,1
9,ONE,sprint,1
10,ONE,hatchling,1
11,ONE,swirled,1
12,ONE,sport,1
13,ONE,father,1
14,ONE,talking,1
15,ONE,awe,1
16,ONE,razz,1
17,ONE,amount,1
18,ONE,rich,1
19,ONE,jam,1
20,ONE,money,1
21,ONE,afar,1
22,ONE,followed,1
23,ONE,sighed,1
24,ONE,eel,1
25,ONE,mugs,1
26,ONE,couch,1
27,ONE,bowl,1
28,ONE,purple,1
29,ONE,sheen,1
30,ONE,fans,1
31,ONE,fair,1
32,ONE,nibble,1
33,ONE,sweat,1
34,ONE,entire,1
35,ONE,worse,1
36,ONE,dome,1
37,ONE,dinner,1
38,ONE,strands,1
39,ONE,cost,1
40,ONE,December,1
41,ONE,sandwich,1
42,ONE,tall,1
43,ONE,rats,1
44,ONE,chapter,1
45,ONE,sleek,1
46,ONE,sudden,1
47,ONE,duo,1
48,ONE,better,1
49,ONE,fed,1
50,ONE,chess,1
51,ONE,bottle,1
52,ONE,slither,1
53,ONE,gleaming,1
54,ONE,hit,1
55,ONE,sir,1
56,ONE,slimy,1
57,ONE,smart,1
58,ONE,combed,1
59,ONE,repress,1
60,ONE,peanut,1
61,ONE,boom,1
62,ONE,squeak,1
63,ONE,stared,1
64,ONE,patrol,1
65,ONE,clothes,1
66,ONE,cake,1
67,ONE,wave,1
68,ONE,friend,1
69,ONE,plopped,1
70,ONE,epic,1
71,ONE,either,1
72,ONE,bite,1
73,ONE,trunk,1
74,ONE,laptop,1
75,ONE,darted,1
76,ONE,vital,1
77,ONE,rely,1
78,ONE,noon,1
79,ONE,sleepy,1
80,ONE,movie,1
81,ONE,angry,1
82,ONE,window,1
83,TWO,window,1
84,ONE,chose,1
85,ONE,gummy,1
86,ONE,full,1
87,ONE,known,1
88,ONE,sidekick,1
89,ONE,pocket,1
90,ONE,belle,1
91,ONE,sting,1
92,ONE,huge,1
93,ONE,suffer,1
94,ONE,stuff,1
95,ONE,project,1
96,ONE,else,1
97,ONE,ray,1
98,ONE,born,1
99,ONE,double,1
100,ONE,least,1
101,ONE,goofy,1
102,ONE,picture,1
103,ONE,dusk,1
104,ONE,jumping,1
105,ONE,watch,1
106,ONE,little,1
107,ONE,remember,1
108,ONE,prepare,1
109,ONE,mops,1
110,ONE,damp,1
111,ONE,ahoy,1
112,ONE,felt,1
113,ONE,travel,1
114,ONE,percent,1
115,ONE,thanks,1
116,ONE,from,1
117,ONE,dream,1
118,ONE,summer,1
119,ONE,cranky,1
120,ONE,afraid,1
121,ONE,dash,1
122,ONE,hunch,1
123,ONE,whine,1
124,ONE,carefully,1
125,ONE,career,1
126,ONE,rescue,1
127,ONE,skin,1
128,ONE,each,1
129,ONE,beans,1
130,ONE,would,1
131,ONE,disease,1
132,ONE,star,1
133,ONE,shade,1
134,ONE,child,1
135,ONE,shambles,1
136,ONE,trophy,1
137,ONE,began,1
138,ONE,ribs,1
139,ONE,space,1
140,ONE,taillight,1
141,ONE,theater,1
142,ONE,grew,1
143,ONE,forever,1
144,ONE,princess,1
145,ONE,quicken,1
146,ONE,theatre,1
147,ONE,fine,1
148,ONE,freeze,1
149,ONE,piper,1
150,ONE,presence,1
151,ONE,athlete,1
152,ONE,gradual,1
153,ONE,bedlam,1
154,ONE,gargantuan,1
155,ONE,gimmick,1
156,ONE,monopolize,1
157,ONE,target,1
158,ONE,ferocious,1
159,ONE,shortfall,1
160,ONE,salsa,1
161,ONE,flannel,1
162,ONE,water,1
163,ONE,angora,1
164,ONE,frequently,1
165,ONE,cowlick,1
166,ONE,chaotic,1
167,ONE,cucumber,1
168,ONE,marathon,1
169,ONE,snippet,1
170,ONE,permission,1
171,ONE,opinionated,1
172,ONE,shrimp,1
173,ONE,McMansion,1
174,ONE,omission,1
175,ONE,ascribe,1
176,ONE,towel,1
177,ONE,slogan,1
178,ONE,mandate,1
179,ONE,janitor,1
180,ONE,newbie,1
181,ONE,hodgepodge,1
182,ONE,sundae,1
183,ONE,triumphant,1
184,ONE,turret,1
185,ONE,lionize,1
186,ONE,spreadsheet,1
187,ONE,verbiage,1
188,ONE,ornament,1
189,ONE,parenthetic,1
190,ONE,pigeon,1
191,ONE,headdress,1
192,ONE,badger,1
193,ONE,nephew,1
194,ONE,rooster,1
195,ONE,listener,1
196,ONE,satellite,1
197,ONE,ludicrous,1
198,ONE,fortification,1
199,ONE,imbibe,1
200,ONE,scold,1
201,ONE,guardian,1
202,ONE,parasite,1
203,ONE,pear,1
204,ONE,hydra,1
205,ONE,savvy,1
206,ONE,organza,1
207,ONE,dwindled,1
208,ONE,favorite,1
209,ONE,system,1
210,ONE,grouse,1
211,ONE,reckon,1
212,ONE,fragile,1
213,ONE,fraught,1
214,ONE,favourite,1
215,ONE,pedigree,1
216,ONE,manta,1
217,ONE,boorish,1
218,ONE,galaxy,1
219,ONE,sturdy,1
220,ONE,cascade,1
221,ONE,empty,1
222,ONE,astonish,1
223,ONE,tarmac,1
224,ONE,complaint,1
225,ONE,treadmill,1
226,ONE,dandelion,1
227,ONE,amulet,1
228,ONE,fashionista,1
229,ONE,iteration,1
230,ONE,curries,1
231,ONE,originate,1
232,ONE,famous,1
233,ONE,guess,1
234,ONE,stubble,1
235,ONE,nurture,1
236,ONE,tennis,1
237,ONE,forfend,1
238,ONE,pristine,1
239,ONE,magician,1
240,ONE,genius,1
241,ONE,volcano,1
242,ONE,grumbling,1
243,ONE,forefend,1
244,ONE,golden,1
245,ONE,carrot,1
246,ONE,nuance,1
247,ONE,forensics,1
248,ONE,garlic,1
249,ONE,eavesdrop,1
250,ONE,modesty,1
251,ONE,meteor,1
252,ONE,stencil,1
253,ONE,miraculous,1
254,ONE,hula,1
255,ONE,January,1
256,ONE,amphibian,1
257,ONE,distraught,1
258,ONE,penguin,1
259,ONE,trendy,1
260,ONE,reactionary,1
261,ONE,scruple,1
262,ONE,jealousy,1
263,ONE,freight,1
264,ONE,freckle,1
265,ONE,permafrost,1
266,ONE,muscular,1
267,ONE,moxie,1
268,ONE,remedial,1
269,ONE,honeybee,1
270,ONE,blooper,1
271,ONE,iceberg,1
272,ONE,drizzle,1
273,ONE,winnow,1
274,ONE,vouch,1
275,ONE,blemish,1
276,ONE,misconception,1
277,ONE,cactus,1
278,ONE,accurate,1
279,ONE,incentive,1
280,ONE,trivia,1
281,ONE,crumpet,1
282,ONE,lambkin,1
283,ONE,nationalism,1
284,ONE,studio,1
285,ONE,admirer,1
286,ONE,shoulder,1
287,ONE,blizzard,1
288,ONE,chowder,1
289,ONE,leeway,1
290,ONE,illusionist,1
291,ONE,emotional,1
292,ONE,zebra,1
293,ONE,squirm,1
294,ONE,sunflower,1
295,ONE,pilferer,1
296,ONE,genetic,1
297,ONE,chia,1
298,ONE,butterscotch,1
299,ONE,harmonious,1
300,ONE,lambasted,1
301,ONE,rollicking,1
302,ONE,levity,1
303,ONE,raspberry,1
304,ONE,apron,1
305,ONE,lawyer,1
306,ONE,volumetric,1
307,ONE,quart,1
308,ONE,moisture,1
309,ONE,bogus,1
310,ONE,beagle,1
311,ONE,valiant,1
312,ONE,flattery,1
313,ONE,lactose,1
314,ONE,toughness,1
315,ONE,recoup,1
316,ONE,kidney,1
317,ONE,purse,1
318,ONE,simmer,1
319,ONE,domineering,1
320,ONE,tasteless,1
321,ONE,bookworm,1
322,ONE,wistful,1
323,ONE,raisin,1
324,ONE,whisk,1
325,ONE,onion,1
326,ONE,astute,1
327,ONE,veteran,1
328,ONE,raven,1
329,ONE,trumpet,1
330,ONE,bathtub,1
331,ONE,abandon,1
332,ONE,turtle,1
333,ONE,erase,1
334,ONE,fructose,1
335,ONE,bias,1
336,ONE,fantastically,1
337,ONE,vault,1
338,ONE,Pinkerton,1
339,ONE,handcuffs,1
340,ONE,Amazon,1
341,ONE,lettuce,1
342,ONE,failure,1
343,ONE,junior,1
344,ONE,fortune,1
345,ONE,spinal,1
346,ONE,companion,1
347,ONE,shamrock,1
348,ONE,tolerable,1
349,ONE,hamlet,1
350,ONE,sluggard,1
351,ONE,demolition,1
352,ONE,panorama,1
353,ONE,Americana,1
354,ONE,mosquito,1
355,ONE,jubilant,1
356,ONE,thawed,1
357,ONE,mince,1
358,ONE,puzzles,1
359,ONE,lounge,1
360,ONE,gnash,1
361,ONE,calzone,1
362,ONE,uncle,1
363,ONE,bubbly,1
364,ONE,scumble,1
365,ONE,supper,1
366,ONE,knuckle,1
367,ONE,bawl,1
368,ONE,dawdle,1
369,ONE,graham,1
370,ONE,extinct,1
371,ONE,explosive,1
372,ONE,bribery,1
373,ONE,circle,1
374,ONE,mogul,1
375,ONE,headlong,1
376,ONE,jersey,1
377,ONE,cajole,1
378,ONE,glucose,1
379,ONE,respect,1
380,ONE,troll,1
381,ONE,timber,1
382,ONE,trapezoid,1
383,ONE,bauble,1
384,ONE,mower,1
385,ONE,introverted,1
386,ONE,kindred,1
387,ONE,medallion,1
388,ONE,dillydally,1
389,ONE,happenstance,1
390,ONE,campus,1
391,ONE,fuddy-duddy,1
392,ONE,tantrum,1
393,ONE,maximum,1
394,ONE,haggle,1
395,ONE,tussle,1
396,ONE,infant,1
397,ONE,pulley,1
398,ONE,science,1
399,ONE,clover,1
400,ONE,sword,1
401,ONE,inched,1
402,ONE,thunderbolt,1
403,ONE,Kodiak,1
404,ONE,cement,1
405,ONE,casino,1
406,ONE,mastiff,1
407,ONE,dimension,1
408,ONE,despicable,1
409,ONE,misinterpret,1
410,ONE,venomous,1
411,ONE,distinctive,1
412,ONE,cooperate,1
413,ONE,ugliness,1
414,ONE,elderly,1
415,ONE,twee,1
416,ONE,plaintiff,1
417,ONE,mister,1
418,ONE,merchandise,1
419,ONE,quack,1
420,ONE,amigo,1
421,ONE,holiday,1
422,ONE,mayhem,1
423,ONE,warning,1
424,ONE,gauntlet,1
425,ONE,spider,1
426,ONE,bestow,1
427,ONE,indigo,1
428,ONE,thicket,1
429,ONE,useful,1
430,ONE,apology,1
431,ONE,weather,1
432,ONE,gung ho,1
433,ONE,forage,1
434,ONE,gymnastics,1
435,ONE,difficult,1
436,ONE,carnival,1
437,ONE,twinge,1
438,ONE,umbrella,1
439,ONE,tooth,1
440,ONE,island,1
441,ONE,mischief,1
442,ONE,buffoonery,1
443,ONE,poncho,1
444,ONE,synthetic,1
445,ONE,dauntlessly,1
446,ONE,peacenik,1
447,ONE,talent,1
448,ONE,intellectual,1
449,ONE,hooligan,1
450,ONE,cloying,1
451,ONE,faucet,1
452,ONE,ounce,1
453,ONE,kiwi,1
454,ONE,tickled,1
455,ONE,decade,1
456,ONE,olive,1
457,ONE,scheme,1
458,ONE,memorandum,1
459,ONE,publish,1
460,ONE,domino,1
461,ONE,forbidden,1
462,ONE,truth,1
463,ONE,cough,1
464,ONE,bother,1
465,ONE,mutter,1
466,ONE,ignite,1
467,ONE,jumbo,1
468,ONE,balderdash,1
469,ONE,straw,1
470,ONE,missile,1
471,ONE,sedentary,1
472,ONE,legacy,1
473,ONE,mortal,1
474,ONE,infringe,1
475,ONE,hooves,1
476,ONE,munchkin,1
477,ONE,divine,1
478,ONE,splurge,1
479,ONE,bugaboo,1
480,ONE,interloper,1
481,ONE,shadow,1
482,ONE,banana,1
483,ONE,lexicon,1
484,ONE,neigh,1
485,ONE,standard,1
486,ONE,routine,1
487,ONE,meekness,1
488,ONE,furnace,1
489,ONE,bristle,1
490,ONE,cabbage,1
491,ONE,yearn,1
492,ONE,privacy,1
493,ONE,squall,1
494,ONE,foothills,1
495,ONE,daresay,1
496,ONE,erode,1
497,ONE,primatologist,1
498,ONE,decision,1
499,ONE,squawl,1
500,ONE,tongue,1
501,ONE,owlishly,1
502,ONE,formalize,1
503,ONE,voluntary,1
504,ONE,farfetched,1
505,ONE,omen,1
506,ONE,caterpillar,1
507,ONE,criminal,1
508,ONE,formalise,1
509,ONE,furious,1
510,ONE,linen,1
511,ONE,militant,1
512,ONE,wasp,1
513,ONE,recipient,1
514,ONE,anyway,1
515,ONE,wombat,1
516,ONE,piratical,1
517,ONE,civics,1
518,ONE,kudos,1
519,ONE,strong,1
520,ONE,isolation,1
521,ONE,marginalize,1
522,ONE,pigsty,1
523,ONE,locker,1
524,ONE,alpha,1
525,ONE,canteen,1
526,ONE,measly,1
527,ONE,swipe,1
528,ONE,misery,1
529,ONE,jabberwocky,1
530,ONE,shebang,1
531,ONE,aviation,1
532,ONE,apprehensive,1
533,ONE,eternity,1
534,ONE,months,1
535,ONE,detention,1
536,ONE,tibia,1
537,ONE,lucky,1
538,ONE,zither,1
539,ONE,imagery,1
540,ONE,guffaw,1
541,ONE,sparkle,1
542,ONE,hazelnut,1
543,ONE,rocket,1
544,ONE,lamentable,1
545,ONE,pastel,1
546,ONE,caravan,1
547,ONE,calico,1
548,ONE,votive,1
549,ONE,reflect,1
550,ONE,brilliant,1
551,ONE,twice,1
552,ONE,culinary,1
553,ONE,theme,1
554,ONE,lantern,1
555,ONE,scent,1
556,ONE,competitive,1
557,ONE,megahertz,1
558,ONE,boycott,1
559,ONE,literacy,1
560,ONE,loathe,1
561,ONE,sofa,1
562,ONE,webisode,1
563,ONE,dough,1
564,ONE,tiger,1
565,ONE,selfie,1
566,ONE,axle,1
567,ONE,eggplant,1
568,ONE,kangaroo,1
569,ONE,emperor,1
570,ONE,romaine,1
571,ONE,skydiving,1
572,ONE,glimmer,1
573,ONE,kosher,1
574,ONE,Romeo,1
575,ONE,utterable,1
576,ONE,migraine,1
577,ONE,memes,1
578,ONE,vacation,1
579,ONE,minority,1
580,ONE,emerge,1
581,ONE,leniency,1
582,ONE,oasis,1
583,ONE,nuggets,1
584,ONE,napkin,1
585,ONE,default,1
586,ONE,twitchy,1
587,ONE,frivolous,1
588,ONE,navigator,1
589,ONE,frailty,1
590,ONE,overrun,1
591,ONE,heroic,1
592,ONE,arrogant,1
593,ONE,potato,1
594,ONE,humane,1
595,ONE,sweltering,1
596,ONE,yellowfin,1
597,ONE,bombard,1
598,ONE,normative,1
599,ONE,wholehearted,1
600,ONE,polenta,1
601,ONE,scrounge,1
602,ONE,clodhopper,1
603,ONE,furtive,1
604,ONE,homework,1
605,ONE,metadata,1
606,ONE,delicacy,1
607,ONE,praise,1
608,ONE,crayon,1
609,ONE,journal,1
610,ONE,mildew,1
611,ONE,farewell,1
612,ONE,noggin,1
613,ONE,scripture,1
614,ONE,bakery,1
615,ONE,tulip,1
616,ONE,pattern,1
617,ONE,hypnotic,1
618,ONE,background,1
619,ONE,ulna,1
620,ONE,porridge,1
621,ONE,myself,1
622,ONE,coffee,1
623,ONE,jewel,1
624,ONE,thistle,1
625,ONE,fellowship,1
626,ONE,eyelet,1
627,ONE,marine,1
628,ONE,botch,1
629,ONE,tangible,1
630,ONE,althorn,1
631,ONE,amass,1
632,ONE,yeti,1
633,ONE,cloudy,1
634,ONE,receptacle,1
635,ONE,nourish,1
636,ONE,Spaniel,1
637,ONE,missive,1
638,ONE,groove,1
639,ONE,cricket,1
640,ONE,bagpipe,1
641,ONE,vulpine,1
642,ONE,kilt,1
643,ONE,jitterbug,1
644,ONE,estimate,1
645,ONE,motto,1
646,ONE,bonfire,1
647,ONE,aloha,1
648,ONE,whirlybird,1
649,ONE,kennel,1
650,ONE,cattail,1
651,ONE,torch,1
652,ONE,abruptly,1
653,ONE,entrance,1
654,ONE,Hungary,1
655,ONE,heavenly,1
656,ONE,paraphrase,1
657,ONE,pamper,1
658,ONE,bushel,1
659,ONE,kindergarten,1
660,ONE,welding,1
661,ONE,shindig,1
662,ONE,heartthrob,1
663,ONE,pleasant,1
664,ONE,skedaddle,1
665,ONE,restaurant,1
666,ONE,aforesaid,1
667,ONE,melody,1
668,ONE,cheek,1
669,ONE,robin,1
670,ONE,toddler,1
671,ONE,functionary,1
672,ONE,varnish,1
673,ONE,membership,1
674,ONE,daughter,1
675,ONE,historical,1
676,ONE,everglades,1
677,ONE,dodge,1
678,ONE,spindle,1
679,ONE,oblong,1
680,ONE,laser,1
681,ONE,rules,1
682,ONE,pellet,1
683,ONE,iota,1
684,ONE,wheedle,1
685,ONE,yammer,1
686,ONE,invoke,1
687,ONE,geometric,1
688,ONE,klutz,1
689,ONE,gelato,1
690,ONE,whelp,1
691,ONE,whereas,1
692,ONE,upshot,1
693,ONE,villa,1
694,ONE,envoy,1
695,ONE,hankering,1
696,ONE,yonder,1
697,ONE,coercive,1
698,ONE,climate,1
699,ONE,midriff,1
700,ONE,postpone,1
701,ONE,esteem,1
702,ONE,riffraff,1
703,ONE,bailiff,1
704,ONE,Yankee,1
705,ONE,teaspoon,1
706,ONE,wafer,1
707,ONE,knack,1
708,ONE,restive,1
709,ONE,infiltrate,1
710,ONE,dim sum,1
711,ONE,worrywart,1
712,ONE,software,1
713,ONE,satisfactory,1
714,ONE,various,1
715,ONE,skirmish,1
716,ONE,moose,1
717,ONE,developer,1
718,ONE,factoid,1
719,ONE,barefoot,1
720,ONE,giggle,1
721,ONE,constituent,1
722,ONE,cuckoo,1
723,ONE,shopaholic,1
724,ONE,marvelous,1
725,ONE,trope,1
726,ONE,bowie,1
727,ONE,flounder,1
728,ONE,dilemma,1
729,ONE,magma,1
730,ONE,marvellous,1
731,ONE,knock,1
732,ONE,teemed,1
733,ONE,cleave,1
734,ONE,outrageous,1
735,ONE,briefcase,1
736,ONE,evince,1
737,ONE,whittle,1
738,ONE,soppiness,1
739,ONE,millionaire,1
740,ONE,silver,1
741,ONE,deputy,1
742,ONE,season,1
743,ONE,joyful,1
744,ONE,bask,1
745,ONE,concrete,1
746,ONE,fedora,1
747,ONE,mangrove,1
748,ONE,horizon,1
749,ONE,genuine,1
750,ONE,lateral,1
751,ONE,slurry,1
752,ONE,wildcat,1
753,ONE,enfranchise,1
754,ONE,arborio,1
755,ONE,recluse,1
756,ONE,usher,1
757,ONE,heiress,1
758,ONE,monstrosity,1
759,ONE,kiln,1
760,ONE,cartoon,1
761,ONE,shield,1
762,ONE,prone,1
763,ONE,reign,1
764,ONE,spectral,1
765,ONE,tawny,1
766,ONE,contraction,1
767,ONE,camcorder,1
768,ONE,groom,1
769,ONE,peat,1
770,ONE,dialect,1
771,ONE,scalp,1
772,ONE,scooter,1
773,ONE,gossip,1
774,ONE,trice,1
775,ONE,harrowing,1
776,ONE,heist,1
777,ONE,scrapple,1
778,ONE,acceptance,1
779,ONE,version,1
780,ONE,brick,1
781,ONE,hobble,1
782,ONE,avenue,1
783,ONE,nominee,1
784,ONE,rugby,1
785,ONE,fluid,1
786,ONE,privet,1
787,ONE,peddle,1
788,ONE,pending,1
789,ONE,martial,1
790,ONE,shore,1
791,ONE,vlogging,1
792,ONE,debunk,1
793,ONE,effortless,1
794,ONE,ewe,1
795,ONE,acumen,1
796,ONE,yippee,1
797,ONE,diversity,1
798,ONE,ballad,1
799,ONE,moped,1
800,ONE,stagestruck,1
801,ONE,infirm,1
802,ONE,wand,1
803,ONE,spangled,1
804,ONE,chide,1
805,ONE,groats,1
806,ONE,standee,1
807,ONE,bleary,1
808,ONE,Merlin,1
809,ONE,barbie,1
810,ONE,atonement,1
811,ONE,Highlands,1
812,ONE,sailage,1
813,ONE,attitude,1
814,ONE,carnation,1
815,ONE,delta,1
816,ONE,citation,1
817,ONE,yoo-hoo,1
818,ONE,beseech,1
819,ONE,neaten,1
820,ONE,handyman,1
821,ONE,hardtack,1
822,ONE,profiteer,1
823,ONE,sunseeker,1
824,ONE,depose,1
825,ONE,stewardship,1
826,ONE,rabid,1
827,ONE,kernel,1
828,ONE,cornily,1
829,ONE,frock,1
830,ONE,gruel,1
831,ONE,teenagers,1
832,TWO,antsy,1
833,TWO,humour,1
834,TWO,bracelet,1
835,TWO,cruel,1
836,TWO,dolce,1
837,TWO,ancestors,1
838,TWO,hover,1
839,TWO,mention,1
840,TWO,inwardly,1
841,TWO,schedule,1
842,TWO,opus,1
843,TWO,convulsive,1
844,TWO,billow,1
845,TWO,spoken,1
846,TWO,mobility,1
847,TWO,goblins,1
848,TWO,pedestrian,1
849,TWO,jasper,1
850,TWO,posh,1
851,TWO,record,1
852,TWO,eddy,1
853,TWO,splutter,1
854,TWO,snorkels,1
855,TWO,berth,1
856,TWO,Canada,1
857,TWO,bridge,1
858,TWO,fanged,1
859,TWO,convince,1
860,TWO,lullaby,1
861,TWO,deference,1
862,TWO,toga,1
863,TWO,pinpoint,1
864,TWO,bough,1
865,TWO,grateful,1
866,TWO,FORTRAN,1
867,TWO,detergent,1
868,TWO,bison,1
869,TWO,wisdom,1
870,TWO,listlessly,1
871,TWO,gesture,1
872,TWO,tangents,1
873,TWO,sheathed,1
874,TWO,strum,1
875,TWO,slate,1
876,TWO,cautioned,1
877,TWO,formation,1
878,TWO,expression,1
879,TWO,mantle,1
880,TWO,dangerous,1
881,TWO,drape,1
882,TWO,flurry,1
883,TWO,previous,1
884,TWO,violin,1
885,TWO,streamlet,1
886,TWO,pluck,1
887,TWO,countless,1
888,TWO,glisten,1
889,TWO,imposing,1
890,TWO,binary,1
891,TWO,strait,1
892,TWO,squid,1
893,TWO,hideout,1
894,TWO,accuse,1
895,TWO,complicated,1
896,TWO,semicolon,1
897,TWO,congratulate,1
898,TWO,Frisbee,1
899,TWO,ruins,1
900,TWO,drowsy,1
901,TWO,unnoticed,1
902,TWO,patent,1
903,TWO,fountain,1
904,TWO,teeter,1
905,TWO,Mexico,1
906,TWO,scoff,1
907,TWO,agreement,1
908,TWO,incantations,1
909,TWO,curtly,1
910,TWO,chives,1
911,TWO,glazed,1
912,TWO,opposite,1
913,TWO,dappled,1
914,TWO,treble,1
915,TWO,garish,1
916,TWO,rallies,1
917,TWO,scanner,1
918,TWO,instrument,1
919,TWO,rustle,1
920,TWO,Baltic,1
921,TWO,gilded,1
922,TWO,pastry,1
923,TWO,oncoming,1
924,TWO,blissfully,1
925,TWO,chef,1
926,TWO,ventured,1
927,TWO,contingent,1
928,TWO,coveralls,1
929,TWO,flimsy,1
930,TWO,coarse,1
931,TWO,crease,1
932,TWO,deities,1
933,TWO,swerve,1
934,TWO,ponytail,1
935,TWO,launch,1
936,TWO,activists,1
937,TWO,whales,1
938,TWO,feta,1
939,TWO,president,1
940,TWO,clatter,1
941,TWO,rubble,1
942,TWO,commute,1
943,TWO,mislead,1
944,TWO,proverb,1
945,TWO,depths,1
946,TWO,snout,1
947,TWO,tourists,1
948,TWO,cocoa,1
949,TWO,subtitles,1
950,TWO,indecipherable,1
951,TWO,Oregon,1
952,TWO,tumbling,1
953,TWO,laughter,1
954,TWO,nutrients,1
955,TWO,fragment,1
956,TWO,podium,1
957,TWO,purpose,1
958,TWO,cradle,1
959,TWO,scarcely,1
960,TWO,retreat,1
961,TWO,terraced,1
962,TWO,firefly,1
963,TWO,meeting,1
964,TWO,stretcher,1
965,TWO,implore,1
966,TWO,Aztec,1
967,TWO,serious,1
968,TWO,plush,1
969,TWO,lairs,1
970,TWO,lento,1
971,TWO,laboratory,1
972,TWO,banners,1
973,TWO,helmet,1
974,TWO,hybrid,1
975,TWO,Scandinavia,1
976,TWO,sinister,1
977,TWO,humor,1
978,TWO,whimper,1
979,TWO,mustard,1
980,TWO,haggis,1
981,TWO,runes,1
982,TWO,hexagonal,1
983,TWO,unabated,1
984,TWO,beaucoup,1
985,TWO,endorphin,1
986,TWO,cinnamon,1
987,TWO,abrogate,1
988,TWO,litmus,1
989,TWO,petrifying,1
990,TWO,banal,1
991,TWO,pharmacy,1
992,TWO,pharaoh,1
993,TWO,effusive,1
994,TWO,seethe,1
995,TWO,specimen,1
996,TWO,seismologist,1
997,TWO,fondant,1
998,TWO,opponency,1
999,TWO,primitive,1
1000,TWO,antiquarian,1
1001,TWO,interlocutor,1
1002,TWO,spectacles,1
1003,TWO,cupola,1
1004,TWO,referendum,1
1005,TWO,fabulist,1
1006,TWO,phalanges,1
1007,TWO,machete,1
1008,TWO,innovator,1
1009,TWO,herbaceous,1
1010,TWO,quaver,1
1011,TWO,comportment,1
1012,TWO,bachelorette,1
1013,TWO,dulcet,1
1014,TWO,bursary,1
1015,TWO,tentativeness,1
1016,TWO,rabbinic,1
1017,TWO,taciturn,1
1018,TWO,frontier,1
1019,TWO,salubrious,1
1020,TWO,hallowed,1
1021,TWO,pachinko,1
1022,TWO,lapel,1
1023,TWO,sophomoric,1
1024,TWO,unctuous,1
1025,TWO,rotisserie,1
1026,TWO,apogee,1
1027,TWO,decrepitude,1
1028,TWO,mackerel,1
1029,TWO,laureate,1
1030,TWO,fluoride,1
1031,TWO,paneer,1
1032,TWO,hiatus,1
1033,TWO,redux,1
1034,TWO,callow,1
1035,TWO,Goliath,1
1036,TWO,moorage,1
1037,TWO,panir,1
1038,TWO,freesia,1
1039,TWO,dramaturgy,1
1040,TWO,biscuit,1
1041,TWO,splenetic,1
1042,TWO,Minotaur,1
1043,TWO,omnibus,1
1044,TWO,exoneration,1
1045,TWO,murmuration,1
1046,TWO,flourish,1
1047,TWO,legato,1
1048,TWO,intermezzo,1
1049,TWO,biscotti,1
1050,TWO,duvet,1
1051,TWO,Clydesdale,1
1052,TWO,beatific,1
1053,TWO,slovenly,1
1054,TWO,edification,1
1055,TWO,calibrate,1
1056,TWO,turpitude,1
1057,TWO,phonics,1
1058,TWO,repository,1
1059,TWO,aerobics,1
1060,TWO,vacuousness,1
1061,TWO,appellation,1
1062,TWO,platitude,1
1063,TWO,calisthenics,1
1064,TWO,dissipate,1
1065,TWO,paisley,1
1066,TWO,epilepsy,1
1067,TWO,duodenum,1
1068,TWO,nobiliary,1
1069,TWO,obediential,1
1070,TWO,accomplice,1
1071,TWO,contrariwise,1
1072,TWO,importunate,1
1073,TWO,valorous,1
1074,TWO,commerce,1
1075,TWO,odiferous,1
1076,TWO,kerchief,1
1077,TWO,petroleum,1
1078,TWO,recuperation,1
1079,TWO,valourous,1
1080,TWO,keratitis,1
1081,TWO,combination,1
1082,TWO,whimsical,1
1083,TWO,regalia,1
1084,TWO,citronella,1
1085,TWO,isotopic,1
1086,TWO,honorific,1
1087,TWO,torrent,1
1088,TWO,stamina,1
1089,TWO,incinerate,1
1090,TWO,palliative,1
1091,TWO,carpal,1
1092,TWO,honourific,1
1093,TWO,arsenic,1
1094,TWO,criteria,1
1095,TWO,flagon,1
1096,TWO,abhorrence,1
1097,TWO,quizzical,1
1098,TWO,kookaburra,1
1099,TWO,invertebrate,1
1100,TWO,reprieve,1
1101,TWO,incoherent,1
1102,TWO,personnel,1
1103,TWO,heliotrope,1
1104,TWO,napoleon,1
1105,TWO,bandanna,1
1106,TWO,consequent,1
1107,TWO,tercentenary,1
1108,TWO,vexatious,1
1109,TWO,squander,1
1110,TWO,superlative,1
1111,TWO,bandana,1
1112,TWO,contusion,1
1113,TWO,vituperative,1
1114,TWO,faux,1
1115,TWO,prenuptial,1
1116,TWO,oxygenate,1
1117,TWO,manipulable,1
1118,TWO,mulligan,1
1119,TWO,churlish,1
1120,TWO,sophisticated,1
1121,TWO,succulent,1
1122,TWO,annihilate,1
1123,TWO,axiomatic,1
1124,TWO,sabermetrics,1
1125,TWO,riviera,1
1126,TWO,nebulous,1
1127,TWO,bedraggled,1
1128,TWO,sarcophagus,1
1129,TWO,indefatigable,1
1130,TWO,elocution,1
1131,TWO,laconic,1
1132,TWO,genus,1
1133,TWO,rectitude,1
1134,TWO,surrogate,1
1135,TWO,ulterior,1
1136,TWO,dowager,1
1137,TWO,excision,1
1138,TWO,legionnaire,1
1139,TWO,uranium,1
1140,TWO,terabyte,1
1141,TWO,oligarchy,1
1142,TWO,comparison,1
1143,TWO,emblazoned,1
1144,TWO,sternutation,1
1145,TWO,inundate,1
1146,TWO,uncouth,1
1147,TWO,pianola,1
1148,TWO,diaphanous,1
1149,TWO,bric-a-brac,1
1150,TWO,subcutaneous,1
1151,TWO,wunderkind,1
1152,TWO,onerous,1
1153,TWO,dignify,1
1154,TWO,agoraphobia,1
1155,TWO,longitude,1
1156,TWO,alacrity,1
1157,TWO,filial,1
1158,TWO,macrocosm,1
1159,TWO,allegiance,1
1160,TWO,buffet,1
1161,TWO,maverick,1
1162,TWO,choreographer,1
1163,TWO,wearisome,1
1164,TWO,bulbous,1
1165,TWO,basaltic,1
1166,TWO,tortoise,1
1167,TWO,retrograde,1
1168,TWO,leguminous,1
1169,TWO,visage,1
1170,TWO,umpirage,1
1171,TWO,scorpion,1
1172,TWO,surmountable,1
1173,TWO,partridge,1
1174,TWO,ceramics,1
1175,TWO,fascinator,1
1176,TWO,heredity,1
1177,TWO,planetarium,1
1178,TWO,endure,1
1179,TWO,insignia,1
1180,TWO,mimetic,1
1181,TWO,testimony,1
1182,TWO,philharmonic,1
1183,TWO,ecstatic,1
1184,TWO,bonobo,1
1185,TWO,binomial,1
1186,TWO,luminance,1
1187,TWO,demographics,1
1188,TWO,lupine,1
1189,TWO,ingenuous,1
1190,TWO,chancellor,1
1191,TWO,trefoil,1
1192,TWO,adjective,1
1193,TWO,Jurassic,1
1194,TWO,resuscitate,1
1195,TWO,phonetician,1
1196,TWO,pauper,1
1197,TWO,designer,1
1198,TWO,elucidate,1
1199,TWO,myoglobin,1
1200,TWO,approbatory,1
1201,TWO,macular,1
1202,TWO,epoch,1
1203,TWO,leisure,1
1204,TWO,spatula,1
1205,TWO,frugal,1
1206,TWO,catalepsy,1
1207,TWO,simpatico,1
1208,TWO,dumbwaiter,1
1209,TWO,vague,1
1210,TWO,triglycerides,1
1211,TWO,achromatic,1
1212,TWO,labyrinthine,1
1213,TWO,adhesion,1
1214,TWO,allergenic,1
1215,TWO,wharf,1
1216,TWO,stalwart,1
1217,TWO,miscible,1
1218,TWO,notoriety,1
1219,TWO,rennet,1
1220,TWO,vocabulary,1
1221,TWO,altercation,1
1222,TWO,bumptious,1
1223,TWO,soprano,1
1224,TWO,subterranean,1
1225,TWO,pinnacle,1
1226,TWO,vassal,1
1227,TWO,fratority,1
1228,TWO,farcical,1
1229,TWO,cutis,1
1230,TWO,aubergine,1
1231,TWO,avalanche,1
1232,TWO,panary,1
1233,TWO,cataclysmic,1
1234,TWO,ghastly,1
1235,TWO,hyrax,1
1236,TWO,jalapeño,1
1237,TWO,cadge,1
1238,TWO,tangerine,1
1239,TWO,metatarsal,1
1240,TWO,parkour,1
1241,TWO,truncheon,1
1242,TWO,attributive,1
1243,TWO,exodus,1
1244,TWO,pervasive,1
1245,TWO,bereavement,1
1246,TWO,fealty,1
1247,TWO,educand,1
1248,TWO,plutonomy,1
1249,TWO,philosophize,1
1250,TWO,haphazard,1
1251,TWO,carbohydrates,1
1252,TWO,perilous,1
1253,TWO,Realtor,1
1254,TWO,lobotomy,1
1255,TWO,Requiem,1
1256,TWO,legislature,1
1257,TWO,sesame,1
1258,TWO,steroid,1
1259,TWO,billabong,1
1260,TWO,assumption,1
1261,TWO,glitterati,1
1262,TWO,shenanigans,1
1263,TWO,palatable,1
1264,TWO,gullibility,1
1265,TWO,bariatrics,1
1266,TWO,entrepreneur,1
1267,TWO,transference,1
1268,TWO,inclusion,1
1269,TWO,gratis,1
1270,TWO,tarantula,1
1271,TWO,throughout,1
1272,TWO,besieged,1
1273,TWO,uveal,1
1274,TWO,physicists,1
1275,TWO,nonvolatile,1
1276,TWO,cantankerous,1
1277,TWO,propulsion,1
1278,TWO,placoderm,1
1279,TWO,candelabrum,1
1280,TWO,tempura,1
1281,TWO,juvenilia,1
1282,TWO,vitriolic,1
1283,TWO,assailant,1
1284,TWO,hermitage,1
1285,TWO,vacillate,1
1286,TWO,reggae,1
1287,TWO,fomentation,1
1288,TWO,crinoline,1
1289,TWO,charioteer,1
1290,TWO,permutation,1
1291,TWO,phenotype,1
1292,TWO,futility,1
1293,TWO,reprisal,1
1294,TWO,debris,1
1295,TWO,solicit,1
1296,TWO,conference,1
1297,TWO,transposable,1
1298,TWO,untenable,1
1299,TWO,astrobleme,1
1300,TWO,armaments,1
1301,TWO,melismatic,1
1302,TWO,woebegone,1
1303,TWO,thrasonical,1
1304,TWO,feudalism,1
1305,TWO,sabotage,1
1306,TWO,versatile,1
1307,TWO,spurious,1
1308,TWO,resplendence,1
1309,TWO,trepanation,1
1310,TWO,malevolent,1
1311,TWO,absolution,1
1312,TWO,subtlety,1
1313,TWO,tempeh,1
1314,TWO,aphasia,1
1315,TWO,Holstein,1
1316,TWO,posada,1
1317,TWO,rutabaga,1
1318,TWO,hangar,1
1319,TWO,statistician,1
1320,TWO,environs,1
1321,TWO,quadrillion,1
1322,TWO,acquiesce,1
1323,TWO,espousal,1
1324,TWO,verbena,1
1325,TWO,ibuprofen,1
1326,TWO,celebratory,1
1327,TWO,tardigrade,1
1328,TWO,apothecary,1
1329,TWO,virulence,1
1330,TWO,zirconium,1
1331,TWO,injurious,1
1332,TWO,cornucopia,1
1333,TWO,varsity,1
1334,TWO,summary,1
1335,TWO,allocable,1
1336,TWO,ventriloquy,1
1337,TWO,anglophile,1
1338,TWO,prominent,1
1339,TWO,scholarship,1
1340,TWO,brogue,1
1341,TWO,effraction,1
1342,TWO,circumflex,1
1343,TWO,defiant,1
1344,TWO,archetype,1
1345,TWO,filbert,1
1346,TWO,suet,1
1347,TWO,limousine,1
1348,TWO,calligram,1
1349,TWO,substitute,1
1350,TWO,travails,1
1351,TWO,Galahad,1
1352,TWO,koto,1
1353,TWO,drupiferous,1
1354,TWO,eczema,1
1355,TWO,quiddity,1
1356,TWO,antipathy,1
1357,TWO,jadeite,1
1358,TWO,jingoism,1
1359,TWO,organelle,1
1360,TWO,theomachy,1
1361,TWO,karst,1
1362,TWO,leviathan,1
1363,TWO,peripheral,1
1364,TWO,satchel,1
1365,TWO,osprey,1
1366,TWO,fibula,1
1367,TWO,Brigadoon,1
1368,TWO,alpaca,1
1369,TWO,elevator,1
1370,TWO,evanescent,1
1371,TWO,elusive,1
1372,TWO,aberration,1
1373,TWO,vestibule,1
1374,TWO,duress,1
1375,TWO,chaperonage,1
1376,TWO,diverge,1
1377,TWO,disproportionate,1
1378,TWO,necrotic,1
1379,TWO,ballyhooed,1
1380,TWO,eucalyptus,1
1381,TWO,frittata,1
1382,TWO,exemplar,1
1383,TWO,cayenne,1
1384,TWO,eminent,1
1385,TWO,arpeggio,1
1386,TWO,rambunctious,1
1387,TWO,vandalize,1
1388,TWO,marsupial,1
1389,TWO,tabernacle,1
1390,TWO,phosphorescent,1
1391,TWO,beguile,1
1392,TWO,temerity,1
1393,TWO,impasto,1
1394,TWO,bifurcate,1
1395,TWO,deglaciation,1
1396,TWO,anxiety,1
1397,TWO,centenary,1
1398,TWO,egress,1
1399,TWO,antagonistic,1
1400,TWO,drivel,1
1401,TWO,recruit,1
1402,TWO,conch,1
1403,TWO,matrimony,1
1404,TWO,geocaching,1
1405,TWO,affront,1
1406,TWO,jettison,1
1407,TWO,tableau,1
1408,TWO,singultus,1
1409,TWO,errata,1
1410,TWO,instigate,1
1411,TWO,element,1
1412,TWO,Promethean,1
1413,TWO,sheldrake,1
1414,TWO,impromptu,1
1415,TWO,stipulate,1
1416,TWO,obscure,1
1417,TWO,desolate,1
1418,TWO,embassy,1
1419,TWO,suitable,1
1420,TWO,oracle,1
1421,TWO,naïveté,1
1422,TWO,transcription,1
1423,TWO,truncate,1
1424,TWO,contemptuous,1
1425,TWO,cenotaph,1
1426,TWO,condemn,1
1427,TWO,naiveté,1
1428,TWO,muchacha,1
1429,TWO,pedicure,1
1430,TWO,okapi,1
1431,TWO,Plumeria,1
1432,TWO,scenographer,1
1433,TWO,cadence,1
1434,TWO,steppe,1
1435,TWO,caftan,1
1436,TWO,welterweight,1
1437,TWO,perpetrator,1
1438,TWO,neuroticism,1
1439,TWO,fido,1
1440,TWO,palpitant,1
1441,TWO,kaftan,1
1442,TWO,scrooge,1
1443,TWO,cinematic,1
1444,TWO,cannoli,1
1445,TWO,vehicular,1
1446,TWO,nonchalance,1
1447,TWO,ingratiate,1
1448,TWO,morose,1
1449,TWO,wallaby,1
1450,TWO,platoon,1
1451,TWO,sabbatical,1
1452,TWO,realm,1
1453,TWO,sousaphone,1
1454,TWO,osmosis,1
1455,TWO,contrivance,1
1456,TWO,solstice,1
1457,TWO,ermine,1
1458,TWO,estuary,1
1459,TWO,amalgam,1
1460,TWO,flimflammer,1
1461,TWO,suffrage,1
1462,TWO,swannery,1
1463,TWO,pugilist,1
1464,TWO,technician,1
1465,TWO,carnage,1
1466,TWO,astringent,1
1467,TWO,thyme,1
1468,TWO,probative,1
1469,TWO,tapioca,1
1470,TWO,dietetic,1
1471,TWO,turmeric,1
1472,TWO,mademoiselle,1
1473,TWO,phlebotomy,1
1474,TWO,oblique,1
1475,TWO,festooned,1
1476,TWO,homage,1
1477,TWO,zoolatry,1
1478,TWO,nouveau,1
1479,TWO,anemic,1
1480,TWO,buoyancy,1
1481,TWO,tectonic,1
1482,TWO,cumulus,1
1483,TWO,ricochet,1
1484,TWO,heterochromia,1
1485,TWO,anaemic,1
1486,TWO,situation,1
1487,TWO,wizened,1
1488,TWO,essential,1
1489,TWO,hackneyed,1
1490,TWO,consul,1
1491,TWO,depravity,1
1492,TWO,lumbar,1
1493,TWO,tomfoolery,1
1494,TWO,seraphic,1
1495,TWO,vespertine,1
1496,TWO,hermetically,1
1497,TWO,effervescent,1
1498,TWO,topiary,1
1499,TWO,harrumph,1
1500,TWO,cameist,1
1501,TWO,brusque,1
1502,TWO,excursion,1
1503,TWO,soirée,1
1504,TWO,reverberant,1
1505,TWO,embezzlement,1
1506,TWO,scrumptiously,1
1507,TWO,brusk,1
1508,TWO,dreadlocks,1
1509,TWO,soiree,1
1510,TWO,yeanling,1
1511,TWO,fallacy,1
1512,TWO,toploftical,1
1513,TWO,erstwhile,1
1514,TWO,theriatrics,1
1515,TWO,churros,1
1516,TWO,homicide,1
1517,TWO,asylum,1
1518,TWO,noctambulist,1
1519,TWO,lolled,1
1520,TWO,cumbersome,1
1521,TWO,diadem,1
1522,TWO,graphologist,1
1523,TWO,remuneration,1
1524,TWO,visibility,1
1525,TWO,osteopath,1
1526,TWO,affluent,1
1527,TWO,larceny,1
1528,TWO,principality,1
1529,TWO,expostulate,1
1530,TWO,ligament,1
1531,TWO,kaiser,1
1532,TWO,chastise,1
1533,TWO,acetaminophen,1
1534,TWO,Nostradamus,1
1535,TWO,integument,1
1536,TWO,plenitude,1
1537,TWO,imperious,1
1538,TWO,colic,1
1539,TWO,parochial,1
1540,TWO,taxonomic,1
1541,TWO,Hebrides,1
1542,TWO,illustrious,1
1543,TWO,Egyptian,1
1544,TWO,atomic,1
1545,TWO,earnestly,1
1546,TWO,beret,1
1547,TWO,macaw,1
1548,TWO,symmetrical,1
1549,TWO,foible,1
1550,TWO,fêng shui,1
1551,TWO,gaffe,1
1552,TWO,talisman,1
1553,TWO,perspicacious,1
1554,TWO,pendulous,1
1555,TWO,lousicide,1
1556,TWO,acuity,1
1557,TWO,gaff,1
1558,TWO,impecunious,1
1559,TWO,reimbursable,1
1560,TWO,analepsis,1
1561,TWO,ewer,1
1562,TWO,subliminal,1
1563,TWO,ostensibly,1
1564,TWO,reciprocity,1
1565,TWO,jambalaya,1
1566,TWO,mitigative,1
1567,TWO,curfew,1
1568,TWO,charismatic,1
1569,TWO,nervily,1
1570,TWO,molecule,1
1571,TWO,geriatric,1
1572,TWO,pyrite,1
1573,TWO,schism,1
1574,TWO,phoenix,1
1575,TWO,gingivitis,1
1576,TWO,millennial,1
1577,TWO,striation,1
1578,TWO,sacrifice,1
1579,TWO,dilapidated,1
1580,TWO,bastion,1
1581,TWO,patience,1
1582,TWO,ineffable,1
1583,TWO,Appaloosa,1
1584,TWO,consternation,1
1585,TWO,peony,1
1586,TWO,edamame,1
1587,TWO,quittance,1
1588,TWO,abnegation,1
1589,TWO,ramifications,1
1590,TWO,escalator,1
1591,TWO,urgency,1
1592,TWO,porcelain,1
1593,TWO,tenement,1
1594,TWO,soothsayer,1
1595,TWO,veracity,1
1596,TWO,vignette,1
1597,TWO,facade,1
1598,TWO,remorseful,1
1599,TWO,adieu,1
1600,TWO,varicose,1
1601,TWO,marionette,1
1602,TWO,adjudicate,1
1603,TWO,façade,1
1604,TWO,cybernetics,1
1605,TWO,tenaciously,1
1606,TWO,adage,1
1607,TWO,Neapolitan,1
1608,TWO,caricature,1
1609,TWO,evaporation,1
1610,TWO,garniture,1
1611,TWO,indemnity,1
1612,TWO,cicada,1
1613,TWO,chintzy,1
1614,TWO,emerald,1
1615,TWO,bittern,1
1616,TWO,twilight,1
1617,TWO,cyanosis,1
1618,TWO,mauve,1
1619,TWO,genteel,1
1620,TWO,liege,1
1621,TWO,flotsam,1
1622,TWO,proletarian,1
1623,TWO,regurgitate,1
1624,TWO,emeritus,1
1625,TWO,requisition,1
1626,TWO,wilco,1
1627,TWO,discombobulate,1
1628,TWO,vantage,1
1629,TWO,stegosaur,1
1630,TWO,suture,1
1631,TWO,stimuli,1
1632,TWO,germane,1
1633,TWO,scrutiny,1
1634,TWO,discountenance,1
1635,TWO,statuesque,1
1636,TWO,obfuscate,1
1637,TWO,schooner,1
1638,TWO,bacteriolytic,1
1639,TWO,concatenate,1
1640,TWO,stupefy,1
1641,TWO,nectarine,1
1642,TWO,casualty,1
1643,TWO,declamatory,1
1644,TWO,rhododendron,1
1645,TWO,impeachable,1
1646,TWO,irrevocable,1
1647,TWO,galvanize,1
1648,TWO,perseverance,1
1649,TWO,embryo,1
1650,TWO,ineptitude,1
1651,TWO,residue,1
1652,TWO,trellis,1
1653,TWO,agonistic,1
1654,TWO,apparatus,1
1655,TWO,languorous,1
1656,TWO,academese,1
1657,TWO,halibut,1
1658,TWO,juxtapose,1
1659,TWO,rosin,1
1660,TWO,myopic,1
1661,TWO,stevia,1
1662,TWO,registrar,1
1663,TWO,spectrometer,1
1664,TWO,hydrangea,1
1665,TWO,burial,1
1666,TWO,ebullience,1
1667,TWO,phycology,1
1668,TWO,alma mater,1
1669,TWO,circadian,1
1670,TWO,slalom,1
1671,TWO,bulwark,1
1672,TWO,clairvoyance,1
1673,TWO,malaise,1
1674,TWO,comedienne,1
1675,TWO,servitude,1
1676,TWO,corollary,1
1677,TWO,iridescent,1
1678,TWO,impetus,1
1679,TWO,staid,1
1680,TWO,cutaneous,1
1681,TWO,traverse,1
1682,TWO,étude,1
1683,TWO,quince,1
1684,TWO,affianced,1
1685,TWO,acerbity,1
1686,TWO,gnarled,1
1687,TWO,tungsten,1
1688,TWO,cranium,1
1689,TWO,cyclone,1
1690,TWO,archaism,1
1691,TWO,inimical,1
1692,TWO,hydroponic,1
1693,TWO,vineyard,1
1694,TWO,equivalent,1
1695,TWO,usurper,1
1696,TWO,commodious,1
1697,TWO,kaleidoscope,1
1698,TWO,combustible,1
1699,TWO,interrogative,1
1700,TWO,portentous,1
1701,TWO,phraseology,1
1702,TWO,austere,1
1703,TWO,gluttonous,1
1704,TWO,factorial,1
1705,TWO,scullery,1
1706,TWO,nepotism,1
1707,TWO,caramel,1
1708,TWO,severance,1
1709,TWO,gypsum,1
1710,TWO,dolma,1
1711,TWO,tiramisu,1
1712,TWO,truffle,1
1713,TWO,pecuniary,1
1714,TWO,financier,1
1715,TWO,polypeptide,1
1716,TWO,sapphire,1
1717,TWO,exaggerate,1
1718,TWO,varicella,1
1719,TWO,cornea,1
1720,TWO,wildebeest,1
1721,TWO,wushu,1
1722,TWO,prevenient,1
1723,TWO,enoki,1
1724,TWO,tonsillitis,1
1725,TWO,resilience,1
1726,TWO,asado,1
1727,TWO,contradictory,1
1728,TWO,Edenic,1
1729,TWO,profundity,1
1730,TWO,thoracic,1
1731,TWO,apiary,1
1732,TWO,limpa,1
1733,TWO,penitentiary,1
1734,TWO,tributary,1
1735,TWO,mantra,1
1736,TWO,proviso,1
1737,TWO,ronin,1
1738,TWO,adolescence,1
1739,TWO,umbrage,1
1740,TWO,laudatory,1
1741,TWO,escarole,1
1742,TWO,netiquette,1
1743,TWO,tropical,1
1744,TWO,menagerie,1
1745,TWO,crustaceans,1
1746,TWO,jitney,1
1747,TWO,nanotechnology,1
1748,TWO,paucity,1
1749,TWO,pontiff,1
1750,TWO,hallucinate,1
1751,TWO,bubonic,1
1752,TWO,wattage,1
1753,TWO,bureau,1
1754,TWO,doldrums,1
1755,TWO,omniscient,1
1756,TWO,opprobrious,1
1757,TWO,sartorial,1
1758,TWO,papillon,1
1759,TWO,burglarious,1
1760,TWO,slumgullion,1
1761,TWO,capacity,1
1762,TWO,nocturnal,1
1763,TWO,escarpment,1
1764,TWO,vertigo,1
1765,TWO,cryptozoa,1
1766,TWO,valedictorian,1
1767,TWO,sewage,1
1768,TWO,redolent,1
1769,TWO,Celsius,1
1770,TWO,accumulate,1
1771,TWO,preponderance,1
1772,TWO,auspices,1
1773,TWO,epoxy,1
1774,TWO,vendage,1
1775,TWO,dialysis,1
1776,TWO,deltoidal,1
1777,TWO,bruxism,1
1778,TWO,elaborative,1
1779,TWO,discreetly,1
1780,TWO,entente,1
1781,TWO,humidistat,1
1782,TWO,opulent,1
1783,TWO,psychoanalysis,1
1784,TWO,proprietary,1
1785,TWO,sieve,1
1786,TWO,boomslang,1
1787,TWO,sardonic,1
1788,TWO,paramecium,1
1789,TWO,calendar,1
1790,TWO,nascent,1
1791,TWO,trounce,1
1792,TWO,circuitous,1
1793,TWO,braille,1
1794,TWO,monochrome,1
1795,TWO,reiterate,1
1796,TWO,naissant,1
1797,TWO,hydrophobia,1
1798,TWO,ingot,1
1799,TWO,brethren,1
1800,TWO,inclement,1
1801,TWO,justiciable,1
1802,TWO,pageantry,1
1803,TWO,sandal,1
1804,TWO,nubuck,1
1805,TWO,tympanum,1
1806,TWO,celery,1
1807,TWO,vernal,1
1808,TWO,vinegar,1
1809,TWO,pashmina,1
1810,TWO,jocularity,1
1811,TWO,fisticuffs,1
1812,TWO,idiosyncratic,1
1813,TWO,aardvark,1
1814,TWO,fiduciary,1
1815,TWO,utilitarian,1
1816,TWO,unfurl,1
1817,TWO,propinquity,1
1818,TWO,burgoo,1
1819,TWO,census,1
1820,TWO,emulsify,1
1821,TWO,millivolt,1
1822,TWO,calculator,1
1823,TWO,epidermis,1
1824,TWO,occupancy,1
1825,TWO,stagflation,1
1826,TWO,lorikeet,1
1827,TWO,herringbone,1
1828,TWO,corduroy,1
1829,TWO,carriage,1
1830,TWO,coriander,1
1831,TWO,brontophobia,1
1832,TWO,malfeasance,1
1833,TWO,orchestra,1
1834,TWO,encore,1
1835,TWO,abstemious,1
1836,TWO,amnesty,1
1837,TWO,macrobiotics,1
1838,TWO,sequential,1
1839,TWO,phlox,1
1840,TWO,hollyhock,1
1841,TWO,echinoderm,1
1842,TWO,condensation,1
1843,TWO,glareous,1
1844,TWO,intersperse,1
1845,TWO,tractability,1
1846,TWO,qualms,1
1847,TWO,optimum,1
1848,TWO,aqueduct,1
1849,TWO,rejuvenate,1
1850,TWO,numerology,1
1851,TWO,montage,1
1852,TWO,mosaic,1
1853,TWO,pathogen,1
1854,TWO,ferret,1
1855,TWO,tubular,1
1856,TWO,Paleozoic,1
1857,TWO,compendium,1
1858,TWO,centipede,1
1859,TWO,acrostic,1
1860,TWO,widdershins,1
1861,TWO,dodecahedron,1
1862,TWO,funnel,1
1863,TWO,unmoored,1
1864,TWO,attendee,1
1865,TWO,anthropology,1
1866,TWO,hostile,1
1867,TWO,rictus,1
1868,TWO,syndicate,1
1869,TWO,yardang,1
1870,TWO,nomenclature,1
1871,TWO,cruciferous,1
1872,TWO,subsequent,1
1873,TWO,vengeance,1
1874,TWO,chrysalis,1
1875,TWO,fluctuation,1
1876,TWO,botany,1
1877,TWO,macchiato,1
1878,TWO,whet,1
1879,TWO,modular,1
1880,TWO,bethesda,1
1881,TWO,flabbergast,1
1882,TWO,Holocaust,1
1883,TWO,ancillary,1
1884,TWO,blatant,1
1885,TWO,kleptocrat,1
1886,TWO,cartilage,1
1887,TWO,accolade,1
1888,TWO,augment,1
1889,TWO,toile,1
1890,TWO,pyramid,1
1891,TWO,neuropathy,1
1892,TWO,coeval,1
1893,TWO,connivery,1
1894,TWO,acoustic,1
1895,TWO,plaudits,1
1896,TWO,terminus,1
1897,TWO,surrealist,1
1898,TWO,curio,1
1899,TWO,impresario,1
1900,TWO,eruption,1
1901,TWO,serenade,1
1902,TWO,agitation,1
1903,TWO,secession,1
1904,TWO,ombudsman,1
1905,TWO,bruschetta,1
1906,TWO,auburn,1
1907,TWO,heptad,1
1908,TWO,tremulous,1
1909,TWO,digression,1
1910,TWO,hydrant,1
1911,TWO,dictum,1
1912,TWO,virtually,1
1913,TWO,engineer,1
1914,TWO,scythe,1
1915,TWO,intricate,1
1916,TWO,zeppelin,1
1917,TWO,premonition,1
1918,TWO,glissando,1
1919,TWO,pilcrow,1
1920,TWO,duplicitous,1
1921,TWO,annotate,1
1922,TWO,superficiality,1
1923,TWO,stereotypical,1
1924,TWO,stomach,1
1925,TWO,porosity,1
1926,TWO,protectorate,1
1927,TWO,vehemence,1
1928,TWO,marooned,1
1929,TWO,bergamot,1
1930,TWO,demonstrative,1
1931,TWO,tandoori,1
1932,TWO,placards,1
1933,TWO,fervorous,1
1934,TWO,volary,1
1935,TWO,telepathic,1
1936,TWO,megalomaniac,1
1937,TWO,succumb,1
1938,TWO,corral,1
1939,TWO,septennial,1
1940,TWO,volery,1
1941,TWO,banquet,1
1942,TWO,posse,1
1943,TWO,fervently,1
1944,TWO,credulity,1
1945,TWO,hypotenuse,1
1946,TWO,follicle,1
1947,TWO,upbraid,1
1948,TWO,declension,1
1949,TWO,divestiture,1
1950,TWO,dissonance,1
1951,TWO,emancipatory,1
1952,TWO,brochure,1
1953,TWO,pancreas,1
1954,TWO,berserk,1
1955,TWO,roseola,1
1956,TWO,shoji,1
1957,TWO,supine,1
1958,TWO,grotesqueness,1
1959,TWO,expunge,1
1960,TWO,cathedral,1
1961,TWO,installation,1
1962,TWO,auditorium,1
1963,TWO,fracas,1
1964,TWO,privatim,1
1965,TWO,maize,1
1966,TWO,deciduous,1
1967,TWO,harbinger,1
1968,TWO,reconcilable,1
1969,TWO,disrepair,1
1970,TWO,eradicate,1
1971,TWO,metastasize,1
1972,TWO,baleen,1
1973,TWO,raptatorial,1
1974,TWO,evaluate,1
1975,TWO,photogenic,1
1976,TWO,krypton,1
1977,TWO,quintessential,1
1978,TWO,Einstein,1
1979,TWO,sobriety,1
1980,TWO,mastodon,1
1981,TWO,rehearsal,1
1982,TWO,ethanol,1
1983,TWO,pollutant,1
1984,TWO,municipal,1
1985,TWO,manumit,1
1986,TWO,denticulate,1
1987,TWO,irritability,1
1988,TWO,quadriceps,1
1989,TWO,brouhaha,1
1990,TWO,adversaria,1
1991,TWO,dentifrice,1
1992,TWO,supplicate,1
1993,TWO,vainglorious,1
1994,TWO,tachycardia,1
1995,TWO,pedantry,1
1996,TWO,turbinado,1
1997,TWO,collegiality,1
1998,TWO,torsion,1
1999,TWO,ataxia,1
2000,TWO,triceratops,1
2001,TWO,performance,1
2002,TWO,equivocate,1
2003,TWO,mahogany,1
2004,TWO,documentary,1
2005,TWO,capillary,1
2006,TWO,flambé,1
2007,TWO,clemency,1
2008,TWO,fission,1
2009,TWO,moribund,1
2010,TWO,bromide,1
2011,TWO,disposition,1
2012,TWO,patronymic,1
2013,TWO,backgammon,1
2014,TWO,boondoggle,1
2015,TWO,recriminatory,1
2016,TWO,algae,1
2017,TWO,remonstrance,1
2018,TWO,odometer,1
2019,TWO,intuitable,1
2020,TWO,phylum,1
2021,TWO,subaqueous,1
2022,TWO,reminiscent,1
2023,TWO,smithereens,1
2024,TWO,uvula,1
2025,TWO,divvy,1
2026,TWO,hypochondria,1
2027,TWO,recusancy,1
2028,TWO,menial,1
2029,TWO,curator,1
2030,TWO,enumerated,1
2031,TWO,fatuously,1
2032,TWO,obstetrician,1
2033,TWO,retrocedence,1
2034,TWO,Moroccan,1
2035,TWO,judicious,1
2036,TWO,desertification,1
2037,TWO,fraudulent,1
2038,TWO,replete,1
2039,TWO,cauterize,1
2040,TWO,clearance,1
2041,TWO,vice versa,1
2042,TWO,quirky,1
2043,TWO,necessity,1
2044,TWO,raucous,1
2045,TWO,immolate,1
2046,TWO,assure,1
2047,TWO,exercise,1
2048,TWO,arraign,1
2049,TWO,piety,1
2050,TWO,Brandywine,1
2051,TWO,résumé,1
2052,TWO,compatriots,1
2053,TWO,civet,1
2054,TWO,elegant,1
2055,TWO,veritable,1
2056,TWO,surreptitious,1
2057,TWO,extensive,1
2058,TWO,liaise,1
2059,TWO,pancetta,1
2060,TWO,minacious,1
2061,TWO,sashay,1
2062,TWO,surplus,1
2063,TWO,transcend,1
2064,TWO,quotidian,1
2065,TWO,waiver,1
2066,TWO,vindictive,1
2067,TWO,sciatica,1
2068,TWO,impediment,1
2069,TWO,freneticism,1
2070,TWO,matriculation,1
2071,TWO,decennial,1
2072,TWO,implacable,1
2073,TWO,discomfiture,1
2074,TWO,revenant,1
2075,TWO,merino,1
2076,TWO,revulsive,1
2077,TWO,dynamite,1
2078,TWO,logarithmic,1
2079,TWO,emphysema,1
2080,TWO,topgallant,1
2081,TWO,pestilence,1
2082,TWO,gaucho,1
2083,TWO,Gemini,1
2084,TWO,regicide,1
2085,TWO,stridency,1
2086,TWO,clandestine,1
2087,TWO,mordant,1
2088,TWO,capsule,1
2089,TWO,retinol,1
2090,TWO,hubris,1
2091,TWO,acetone,1
2092,TWO,genealogical,1
2093,TWO,posthumous,1
2094,TWO,tragedian,1
2095,TWO,corpulent,1
2096,TWO,hibernaculum,1
2097,TWO,cerebellum,1
2098,TWO,pomposity,1
2099,TWO,QWERTY,1
2100,TWO,fajitas,1
2101,TWO,potpourri,1
2102,TWO,bandicoot,1
2103,TWO,pantomime,1
2104,TWO,neonatology,1
2105,TWO,foosball,1
2106,TWO,felonious,1
2107,TWO,pallor,1
2108,TWO,malinger,1
2109,TWO,prima donna,1
2110,TWO,pituitary,1
2111,TWO,accentuate,1
2112,TWO,palatial,1
2113,TWO,Yorkshire,1
2114,TWO,parliamentary,1
2115,TWO,praxis,1
2116,TWO,fleetness,1
2117,TWO,ascension,1
2118,TWO,Mecca,1
2119,TWO,Belgravia,1
2120,TWO,rebarbative,1
2121,TWO,Tinseltown,1
2122,TWO,anonymity,1
2123,TWO,venue,1
2124,TWO,albeit,1
2125,TWO,casserole,1
2126,TWO,olympiad,1
2127,TWO,sorrel,1
2128,TWO,carcinogenic,1
2129,TWO,microfiche,1
2130,TWO,vermicide,1
2131,TWO,semester,1
2132,TWO,crocodile,1
2133,TWO,McCoy,1
2134,TWO,detritus,1
2135,TWO,quadrilateral,1
2136,TWO,echelon,1
2137,TWO,sacrament,1
2138,TWO,venerable,1
2139,TWO,histrionics,1
2140,TWO,anorak,1
2141,TWO,turpentine,1
2142,TWO,supremacy,1
2143,TWO,terra-cotta,1
2144,TWO,chemise,1
2145,TWO,cashier,1
2146,TWO,enviable,1
2147,TWO,cellophane,1
2148,TWO,clowder,1
2149,TWO,moratorium,1
2150,TWO,campanology,1
2151,TWO,polysemy,1
2152,TWO,extrapolate,1
2153,TWO,indulgent,1
2154,TWO,occultation,1
2155,TWO,cognizant,1
2156,TWO,persuasible,1
2157,TWO,stampede,1
2158,TWO,extinguish,1
2159,TWO,occipital,1
2160,TWO,Chihuahua,1
2161,TWO,cognisant,1
2162,TWO,desultorily,1
2163,TWO,forfeit,1
2164,TWO,pilaster,1
2165,TWO,predicament,1
2166,TWO,promontory,1
2167,TWO,languish,1
2168,TWO,papyrus,1
2169,TWO,armadillo,1
2170,TWO,perceptible,1
2171,TWO,provincial,1
2172,TWO,shar-pei,1
2173,TWO,protuberant,1
2174,TWO,El Niño,1
2175,TWO,overweening,1
2176,TWO,dystopia,1
2177,TWO,antithesis,1
2178,TWO,narcoleptic,1
2179,TWO,chortle,1
2180,TWO,anchorage,1
2181,TWO,sacrosanct,1
2182,TWO,muesli,1
2183,TWO,gouge,1
2184,TWO,efface,1
2185,TWO,unscathed,1
2186,TWO,conundrum,1
2187,TWO,syringe,1
2188,TWO,crux,1
2189,TWO,salivate,1
2190,TWO,sycophant,1
2191,TWO,raclette,1
2192,TWO,debilitate,1
2193,TWO,eclipse,1
2194,TWO,wordmonger,1
2195,TWO,laity,1
2196,TWO,bellwether,1
2197,TWO,superstitious,1
2198,TWO,mittimus,1
2199,TWO,espadrille,1
2200,TWO,wobbulator,1
2201,TWO,indolent,1
2202,TWO,clarinet,1
2203,TWO,mawkish,1
2204,TWO,mellifluous,1
2205,TWO,corgi,1
2206,TWO,caffeine,1
2207,TWO,jimberjawed,1
2208,TWO,syllabus,1
2209,TWO,arithmetic,1
2210,TWO,olfactory,1
2211,TWO,pliant,1
2212,TWO,panacea,1
2213,TWO,toilsome,1
2214,TWO,animus,1
2215,TWO,depredation,1
2216,TWO,en masse,1
2217,TWO,billiards,1
2218,TWO,cabaret,1
2219,TWO,tempestuous,1
2220,TWO,trillium,1
2221,TWO,ignominious,1
2222,TWO,stroganoff,1
2223,TWO,obstreperous,1
2224,TWO,froufrou,1
2225,TWO,univocal,1
2226,TWO,Dalmatian,1
2227,TWO,auction,1
2228,TWO,procrastinate,1
2229,TWO,frabjous,1
2230,TWO,eschew,1
2231,TWO,avarice,1
2232,TWO,ufology,1
2233,TWO,assiduous,1
2234,TWO,purification,1
2235,TWO,spiracle,1
2236,TWO,ventricle,1
2237,TWO,bouclé,1
2238,TWO,cholera,1
2239,TWO,diligence,1
2240,TWO,plantain,1
2241,TWO,Formica,1
2242,TWO,inducement,1
2243,TWO,boucle,1
2244,TWO,minuscule,1
2245,TWO,bodega,1
2246,TWO,aperture,1
2247,TWO,Mylar,1
2248,TWO,vanguard,1
2249,TWO,thoroughbred,1
2250,TWO,miniscule,1
2251,TWO,bona fide,1
2252,TWO,rhythmically,1
2253,TWO,rustication,1
2254,TWO,portrait,1
2255,TWO,potassium,1
2256,TWO,jeepney,1
2257,TWO,gustatory,1
2258,TWO,shazam,1
2259,TWO,globular,1
2260,TWO,tepidity,1
2261,TWO,peculate,1
2262,TWO,volucrine,1
2263,TWO,obliterate,1
2264,TWO,bountiful,1
2265,TWO,stellular,1
2266,TWO,meridian,1
2267,TWO,treatise,1
2268,TWO,populace,1
2269,TWO,legalese,1
2270,TWO,pantheon,1
2271,TWO,akimbo,1
2272,TWO,spontaneity,1
2273,TWO,undergird,1
2274,TWO,vetiver,1
2275,TWO,rudiments,1
2276,TWO,marimba,1
2277,TWO,derisive,1
2278,TWO,platinum,1
2279,TWO,oompah,1
2280,TWO,parameters,1
2281,TWO,monitory,1
2282,TWO,conduit,1
2283,TWO,ineluctable,1
2284,TWO,nonnegotiable,1
2285,TWO,adulation,1
2286,TWO,inflammable,1
2287,TWO,equilibrium,1
2288,TWO,bravado,1
2289,TWO,eerily,1
2290,TWO,disparate,1
2291,TWO,minutia,1
2292,TWO,pyrotechnics,1
2293,TWO,roustabout,1
2294,TWO,beneficent,1
2295,TWO,funambulist,1
2296,TWO,artifice,1
2297,TWO,anticipatory,1
2298,TWO,mollify,1
2299,TWO,trifle,1
2300,TWO,indict,1
2301,TWO,apotheosis,1
2302,TWO,cymbals,1
2303,TWO,chinook,1
2304,TWO,cohesive,1
2305,TWO,ambrosial,1
2306,TWO,epitome,1
2307,TWO,entrée,1
2308,TWO,nucleated,1
2309,TWO,indigent,1
2310,TWO,stigmata,1
2311,TWO,simultaneity,1
2312,TWO,annulment,1
2313,TWO,homeostasis,1
2314,TWO,exorbitant,1
2315,TWO,merganser,1
2316,TWO,prolix,1
2317,TWO,gastronome,1
2318,TWO,vegetarian,1
2319,TWO,calamari,1
2320,TWO,reparations,1
2321,TWO,sternum,1
2322,TWO,mitochondria,1
2323,TWO,epithet,1
2324,TWO,surimi,1
2325,TWO,prehensile,1
2326,TWO,constabulary,1
2327,TWO,par excellence,1
2328,TWO,onomatopoeia,1
2329,TWO,encroach,1
2330,TWO,besmirch,1
2331,TWO,somatotype,1
2332,TWO,speculate,1
2333,TWO,thwartwise,1
2334,TWO,lavender,1
2335,TWO,acacia,1
2336,TWO,trespass,1
2337,TWO,bizarro,1
2338,TWO,stratosphere,1
2339,TWO,tae kwon do,1
2340,TWO,tensile,1
2341,TWO,tetanus,1
2342,TWO,commandeer,1
2343,TWO,dissemble,1
2344,TWO,noxious,1
2345,TWO,fenestrated,1
2346,TWO,gaudery,1
2347,TWO,scarlatina,1
2348,TWO,bonsai,1
2349,TWO,gallant,1
2350,TWO,arbitrary,1
2351,TWO,lugubrious,1
2352,TWO,luxuriate,1
2353,TWO,ciao,1
2354,TWO,university,1
2355,TWO,intensify,1
2356,TWO,quasar,1
2357,TWO,isosceles,1
2358,TWO,cavalcade,1
2359,TWO,genome,1
2360,TWO,celestial,1
2361,TWO,hurriedly,1
2362,TWO,Podunk,1
2363,TWO,hoity-toity,1
2364,TWO,gladiatorial,1
2365,TWO,inviolable,1
2366,TWO,preposterous,1
2367,TWO,corrosive,1
2368,TWO,seize,1
2369,TWO,Mesopotamian,1
2370,TWO,machination,1
2371,TWO,contrite,1
2372,TWO,extant,1
2373,TWO,afghan,1
2374,TWO,pathos,1
2375,TWO,Muzak,1
2376,TWO,pugnacious,1
2377,TWO,patrician,1
2378,TWO,cogently,1
2379,TWO,odontiasis,1
2380,TWO,equinox,1
2381,TWO,vicinity,1
2382,TWO,peruse,1
2383,TWO,enervate,1
2384,TWO,auricular,1
2385,TWO,stratification,1
2386,TWO,prosperous,1
2387,TWO,merely,1
2388,TWO,alluvial,1
2389,TWO,turophile,1
2390,TWO,settee,1
2391,TWO,tomahawk,1
2392,TWO,sclerosis,1
2393,TWO,abominable,1
2394,TWO,epicurean,1
2395,TWO,Patagonia,1
2396,TWO,legitimately,1
2397,TWO,artesian,1
2398,TWO,ablaut,1
2399,TWO,procedure,1
2400,TWO,derelict,1
2401,TWO,vanquish,1
2402,TWO,inoculate,1
2403,TWO,mendacious,1
2404,TWO,anabolic,1
2405,TWO,limpid,1
2406,TWO,revelation,1
2407,TWO,ectoplasm,1
2408,TWO,heleoplankton,1
2409,TWO,gubernatorial,1
2410,TWO,pungent,1
2411,TWO,pagoda,1
2412,TWO,ottoman,1
2413,TWO,fiscal,1
2414,TWO,epitaphs,1
2415,TWO,multivalent,1
2416,TWO,mandrill,1
2417,TWO,establishment,1
2418,TWO,logographic,1
2419,TWO,oblige,1
2420,TWO,solitaire,1
2421,TWO,artillery,1
2422,TWO,gibbous,1
2423,TWO,ruminate,1
2424,TWO,armistice,1
2425,TWO,viscount,1
2426,TWO,dishevel,1
2427,TWO,quotient,1
2428,TWO,extracurricular,1
2429,TWO,sympathy,1
2430,TWO,cryogenic,1
2431,TWO,plague,1
2432,TWO,Limburger,1
2433,TWO,ricotta,1
2434,TWO,punctuation,1
2435,TWO,puniness,1
2436,TWO,catalyst,1
2437,TWO,preferential,1
2438,TWO,tuffet,1
2439,TWO,guttural,1
2440,TWO,nautilus,1
2441,TWO,lingua franca,1
2442,TWO,thespian,1
2443,TWO,bazooka,1
2444,TWO,epact,1
2445,TWO,atrocious,1
2446,TWO,thievery,1
2447,TWO,triforium,1
2448,TWO,submersible,1
2449,TWO,complacency,1
2450,TWO,abstruse,1
2451,TWO,vivacious,1
2452,TWO,dragoon,1
2453,TWO,déjà vu,1
2454,TWO,extemporaneous,1
2455,TWO,kraken,1
2456,TWO,nephrolith,1
2457,TWO,xenoglossy,1
2458,TWO,yuzu,1
2459,TWO,déjà vue,1
2460,TWO,ungetatable,1
2461,TWO,stanzaic,1
2462,TWO,adipose,1
2463,TWO,smorgasbord,1
2464,TWO,ritziness,1
2465,TWO,calabash,1
2466,TWO,unilaterally,1
2467,TWO,putrescent,1
2468,TWO,quorum,1
2469,TWO,electrode,1
2470,TWO,gazette,1
2471,TWO,chute,1
2472,TWO,ordinance,1
2473,TWO,nostalgia,1
2474,TWO,pharynx,1
2475,TWO,sporadically,1
2476,TWO,continuum,1
2477,TWO,shute,1
2478,TWO,ursine,1
2479,TWO,dechlorinate,1
2480,TWO,epistolary,1
2481,TWO,sudation,1
2482,TWO,pachyderm,1
2483,TWO,impermeable,1
2484,TWO,arduous,1
2485,TWO,unconscionable,1
2486,TWO,pursuit,1
2487,TWO,cytoplasm,1
2488,TWO,symposium,1
2489,TWO,trepidation,1
2490,TWO,carnitas,1
2491,TWO,Pembroke,1
2492,TWO,esoteric,1
2493,TWO,affectionately,1
2494,TWO,floribunda,1
2495,TWO,collision,1
2496,TWO,bulgogi,1
2497,TWO,liquefaction,1
2498,TWO,grapheme,1
2499,TWO,Pulitzer,1
2500,TWO,salience,1
2501,TWO,scarab,1
2502,TWO,fibromyalgia,1
2503,TWO,palazzo,1
2504,TWO,trigonometry,1
2505,TWO,vitreous,1
2506,TWO,molasses,1
2507,TWO,veganism,1
2508,TWO,terrier,1
2509,TWO,miasma,1
2510,TWO,alloy,1
2511,TWO,wraith,1
2512,TWO,classical,1
2513,TWO,humerus,1
2514,TWO,captivated,1
2515,TWO,concoct,1
2516,TWO,Belgium,1
2517,TWO,insulin,1
2518,TWO,fungible,1
2519,TWO,vagabonds,1
2520,TWO,onus,1
2521,TWO,modicum,1
2522,TWO,audacious,1
2523,TWO,phlegmatic,1
2524,TWO,Gothamite,1
2525,TWO,variegated,1
2526,TWO,precursor,1
2527,TWO,javelin,1
2528,TWO,exasperate,1
2529,TWO,spasmodic,1
2530,TWO,affable,1
2531,TWO,volition,1
2532,TWO,mochi,1
2533,TWO,spoonerism,1
2534,TWO,Mandarin,1
2535,TWO,bouquet,1
2536,TWO,dopamine,1
2537,TWO,gossamer,1
2538,TWO,feign,1
2539,TWO,complicit,1
2540,TWO,Kelvin,1
2541,TWO,denizen,1
2542,TWO,pitiful,1
2543,TWO,vincible,1
2544,TWO,dementia,1
2545,TWO,gyrocopter,1
2546,TWO,vellum,1
2547,TWO,duopoly,1
2548,TWO,ammunition,1
2549,TWO,factitious,1
2550,TWO,voilà,1
2551,TWO,medieval,1
2552,TWO,enunciate,1
2553,TWO,alpinist,1
2554,TWO,pariah,1
2555,TWO,sculpture,1
2556,TWO,voila,1
2557,TWO,mediaeval,1
2558,TWO,tarsier,1
2559,TWO,abracadabra,1
2560,TWO,prodigious,1
2561,TWO,annuity,1
2562,TWO,habanero,1
2563,TWO,licensure,1
2564,TWO,autodidact,1
2565,TWO,plethora,1
2566,TWO,denominator,1
2567,TWO,quid pro quo,1
2568,TWO,Francophone,1
2569,TWO,Herculean,1
2570,TWO,parable,1
2571,TWO,rappelled,1
2572,TWO,prorogue,1
2573,TWO,curmudgeon,1
2574,TWO,convivium,1
2575,TWO,pilgrimages,1
2576,TWO,rowan,1
2577,TWO,conceit,1
2578,TWO,fecund,1
2579,TWO,cushion,1
2580,TWO,atrium,1
2581,TWO,oriel,1
2582,TWO,tripartite,1
2583,TWO,tapas,1
2584,TWO,laceration,1
2585,TWO,tutelage,1
2586,TWO,italicization,1
2587,TWO,preeminent,1
2588,TWO,Bohemian,1
2589,TWO,sediment,1
2590,TWO,nexus,1
2591,TWO,domiciled,1
2592,TWO,preliminary,1
2593,TWO,alfresco,1
2594,TWO,succinct,1
2595,TWO,emulate,1
2596,TWO,decor,1
2597,TWO,theorem,1
2598,TWO,echoed,1
2599,TWO,loquacious,1
2600,TWO,inquietude,1
2601,TWO,caveat,1
2602,TWO,décor,1
2603,TWO,accrual,1
2604,TWO,reticulated,1
2605,TWO,prosthetic,1
2606,TWO,compunction,1
2607,TWO,doubloons,1
2608,TWO,duchy,1
2609,TWO,grandeur,1
2610,TWO,authenticate,1
2611,TWO,latency,1
2612,TWO,decumbiture,1
2613,TWO,oscillation,1
2614,TWO,enzyme,1
2615,TWO,quandary,1
2616,TWO,ornithology,1
2617,TWO,sanctimonious,1
2618,TWO,racketeer,1
2619,TWO,Vatican,1
2620,TWO,dinero,1
2621,TWO,equanimity,1
2622,TWO,apropos,1
2623,TWO,peremptory,1
2624,TWO,solder,1
2625,TWO,fucoid,1
2626,TWO,comestibles,1
2627,TWO,thermos,1
2628,TWO,pessimum,1
2629,TWO,infarction,1
2630,TWO,interim,1
2631,TWO,parley,1
2632,TWO,stenographer,1
2633,TWO,acrylics,1
2634,TWO,amateurish,1
2635,TWO,cedar,1
2636,TWO,definiendum,1
2637,TWO,meningitis,1
2638,TWO,mezzanine,1
2639,TWO,imminent,1
2640,TWO,intransigent,1
2641,TWO,udon,1
2642,TWO,dandle,1
2643,TWO,nutation,1
2644,TWO,lozenge,1
2645,TWO,hieroglyphics,1
2646,TWO,intransigeant,1
2647,TWO,gourd,1
2648,TWO,effete,1
2649,TWO,nutria,1
2650,TWO,tedious,1
2651,TWO,oculus,1
2652,TWO,tyrannical,1
2653,TWO,verbatim,1
2654,TWO,Antigua,1
2655,TWO,sedge,1
2656,TWO,resonate,1
2657,TWO,dubiously,1
2658,TWO,pearlescent,1
2659,TWO,joule,1
2660,TWO,vaudeville,1
2661,TWO,capstan,1
2662,TWO,suspicion,1
2663,TWO,mariposa,1
2664,TWO,tautology,1
2665,TWO,niacin,1
2666,TWO,frisket,1
2667,TWO,vicarious,1
2668,TWO,repudiate,1
2669,TWO,teleology,1
2670,TWO,misconstrue,1
2671,TWO,courage,1
2672,TWO,brockage,1
2673,TWO,alate,1
2674,TWO,emporium,1
2675,TWO,bowyer,1
2676,TWO,sagacious,1
2677,TWO,arabesque,1
2678,TWO,malapropism,1
2679,TWO,victimology,1
2680,TWO,Victorian,1
2681,TWO,infatuation,1
2682,TWO,mammalian,1
2683,TWO,cylindrical,1
2684,TWO,pelf,1
2685,TWO,ibex,1
2686,TWO,forestallment,1
2687,TWO,abysmal,1
2688,TWO,tranquil,1
2689,TWO,tephra,1
2690,TWO,aqueous,1
2691,TWO,cudgel,1
2692,TWO,Iberian,1
2693,TWO,chambray,1
2694,TWO,behemoth,1
2695,TWO,lackadaisical,1
2696,TWO,Dianthus,1
2697,TWO,bicameral,1
2698,TWO,fluency,1
2699,TWO,rhombus,1
2700,TWO,equestrian,1
2701,TWO,silhouette,1
2702,TWO,olingo,1
2703,TWO,irrigation,1
2704,TWO,invective,1
2705,TWO,revendicate,1
2706,TWO,nominal,1
2707,TWO,dismal,1
2708,TWO,Halifax,1
2709,TWO,labradoodle,1
2710,TWO,occur,1
2711,TWO,jonquil,1
2712,TWO,draconian,1
2713,TWO,consortium,1
2714,TWO,concordance,1
2715,TWO,portico,1
2716,TWO,claustrophobia,1
2717,TWO,pensive,1
2718,TWO,trebuchet,1
2719,TWO,tuition,1
2720,TWO,huerta,1
2721,TWO,corsage,1
2722,TWO,idyllic,1
2723,TWO,quarantine,1
2724,TWO,ransom,1
2725,TWO,multifarious,1
2726,TWO,vascular,1
2727,TWO,smellfungus,1
2728,TWO,coralline,1
2729,TWO,schnitzel,1
2730,TWO,iambic,1
2731,TWO,unanimous,1
2732,TWO,wentletrap,1
2733,TWO,arboretum,1
2734,TWO,abhenry,1
2735,TWO,rialto,1
2736,TWO,monocle,1
2737,TWO,soporific,1
2738,TWO,serrated,1
2739,TWO,Zamboni,1
2740,TWO,chromosome,1
2741,TWO,delphinium,1
2742,TWO,apocalypse,1
2743,TWO,tupelo,1
2744,TWO,poblano,1
2745,TWO,blarney,1
2746,TWO,braggart,1
2747,TWO,obelisk,1
2748,TWO,cemetery,1
2749,TWO,cadaverous,1
2750,TWO,conclave,1
2751,TWO,diacritic,1
2752,TWO,relentlessly,1
2753,TWO,diurnal,1
2754,TWO,anticoagulant,1
2755,TWO,prowess,1
2756,TWO,Gregorian,1
2757,TWO,mephitic,1
2758,TWO,opalescence,1
2759,TWO,prejudice,1
2760,TWO,euro,1
2761,TWO,dromedary,1
2762,TWO,rebuff,1
2763,TWO,complementary,1
2764,TWO,polyglot,1
2765,TWO,bombastic,1
2766,TWO,Gouda,1
2767,TWO,squalid,1
2768,TWO,taverna,1
2769,TWO,Philistine,1
2770,TWO,velociraptor,1
2771,TWO,cistern,1
2772,TWO,endocrine,1
2773,TWO,tracheotomy,1
2774,TWO,illicitly,1
2775,TWO,dyspeptic,1
2776,TWO,puree,1
2777,TWO,exquisite,1
2778,TWO,presumptuous,1
2779,TWO,firmament,1
2780,TWO,cribbage,1
2781,TWO,inglorious,1
2782,TWO,manticore,1
2783,TWO,epsilon,1
2784,TWO,doubt,1
2785,TWO,paramountcy,1
2786,TWO,crith,1
2787,TWO,louche,1
2788,TWO,chronometer,1
2789,TWO,petroglyphs,1
2790,TWO,unkempt,1
2791,TWO,sultana,1
2792,TWO,Namibian,1
2793,TWO,avatar,1
2794,TWO,cherubic,1
2795,TWO,specious,1
2796,TWO,cursive,1
2797,TWO,agrarian,1
2798,TWO,tricenary,1
2799,TWO,grandiloquent,1
2800,TWO,wherewithal,1
2801,TWO,pumice,1
2802,TWO,binoculars,1
2803,TWO,collapsar,1
2804,TWO,triste,1
2805,TWO,armature,1
2806,TWO,inquisitor,1
2807,TWO,zodiac,1
2808,TWO,apportion,1
2809,TWO,exhibition,1
2810,TWO,interred,1
2811,TWO,maidenhair,1
2812,TWO,chemistry,1
2813,TWO,artery,1
2814,TWO,gurney,1
2815,TWO,ministrations,1
2816,TWO,legerity,1
2817,TWO,aureole,1
2818,TWO,spinosity,1
2819,TWO,demerits,1
2820,TWO,grande dame,1
2821,TWO,domesticity,1
2822,TWO,procurement,1
2823,TWO,Acadians,1
2824,TWO,prespinous,1
2825,TWO,diaspora,1
2826,TWO,verism,1
2827,TWO,episcopal,1
2828,TWO,cribo,1
2829,TWO,Gippsland,1
2830,TWO,cladistics,1
2831,TWO,pious,1
2832,TWO,dramatization,1
2833,TWO,consecrate,1
2834,TWO,colubrine,1
2835,TWO,froward,1
2836,TWO,gasiform,1
2837,TWO,borough,1
2838,TWO,nonconformist,1
2839,TWO,trituration,1
2840,TWO,immie,1
2841,TWO,ensconced,1
2842,TWO,valuator,1
2843,TWO,volatile,1
2844,TWO,château,1
2845,TWO,neoterism,1
2846,TWO,aretalogy,1
2847,TWO,cattalo,1
2848,TWO,deserter,1
2849,TWO,gnocchi,1
2850,TWO,erroneous,1
2851,TWO,interregnum,1
2852,TWO,sessile,1
2853,TWO,catalo,1
2854,TWO,jankers,1
2855,TWO,surety,1
2856,TWO,tam-o,1
2857,TWO,viaticum,1
2858,TWO,du jour,1
2859,TWO,hypogeous,1
2860,TWO,Evactor,1
2861,TWO,pileus,1
2862,TWO,trillado,1
2863,TWO,homiletics,1
2864,TWO,lanceolate,1
2865,TWO,possessive,1
2866,TWO,fez,1
2867,TWO,per se,1
2868,TWO,psalmody,1
2869,TWO,bowsprit,1
2870,TWO,venial,1
2871,TWO,glengarry,1
2872,TWO,peradventure,1
2873,TWO,omnilegent,1
2874,TWO,Charon,1
2875,TWO,seton,1
2876,TWO,commissioner,1
2877,TWO,Ryeland,1
2878,TWO,princeps,1
2879,TWO,chupacabra,1
2880,THREE,cladding,1
2881,THREE,rummages,1
2882,THREE,astrologers,1
2883,THREE,bipolar,1
2884,THREE,politesse,1
2885,THREE,arcane,1
2886,THREE,scallion,1
2887,THREE,constricting,1
2888,THREE,devout,1
2889,THREE,torpid,1
2890,THREE,chanteuse,1
2891,THREE,soleil,1
2892,THREE,stealthily,1
2893,THREE,inevitable,1
2894,THREE,shrike,1
2895,THREE,featherbrained,1
2896,THREE,arrondissement,1
2897,THREE,copse,1
2898,THREE,warden,1
2899,THREE,engrossed,1
2900,THREE,Vancouver,1
2901,THREE,immoderate,1
2902,THREE,carabinieri,1
2903,THREE,scabbard,1
2904,THREE,copious,1
2905,THREE,strife,1
2906,THREE,conjure,1
2907,THREE,arrayed,1
2908,THREE,tamarisk,1
2909,THREE,courtiers,1
2910,THREE,hurtle,1
2911,THREE,hindmost,1
2912,THREE,stalagmite,1
2913,THREE,countenance,1
2914,THREE,liana,1
2915,THREE,assuage,1
2916,THREE,fester,1
2917,THREE,eviction,1
2918,THREE,traitorous,1
2919,THREE,scepter,1
2920,THREE,sibilant,1
2921,THREE,adjutant,1
2922,THREE,intoxicating,1
2923,THREE,protruding,1
2924,THREE,condominium,1
2925,THREE,sceptre,1
2926,THREE,au revoir,1
2927,THREE,inexorably,1
2928,THREE,outlandish,1
2929,THREE,substantial,1
2930,THREE,impenetrable,1
2931,THREE,scourge,1
2932,THREE,bitumen,1
2933,THREE,disgorged,1
2934,THREE,porcupine,1
2935,THREE,hooey,1
2936,THREE,intercede,1
2937,THREE,irreverent,1
2938,THREE,sacristy,1
2939,THREE,Algiers,1
2940,THREE,lurching,1
2941,THREE,blight,1
2942,THREE,defector,1
2943,THREE,apparition,1
2944,THREE,Salzkammergut,1
2945,THREE,primavera,1
2946,THREE,ineffective,1
2947,THREE,fronds,1
2948,THREE,livery,1
2949,THREE,dosages,1
2950,THREE,frisson,1
2951,THREE,souterrain,1
2952,THREE,trough,1
2953,THREE,authority,1
2954,THREE,scuttlebutt,1
2955,THREE,superintendent,1
2956,THREE,Aachen,1
2957,THREE,knickerbockers,1
2958,THREE,parchment,1
2959,THREE,minimize,1
2960,THREE,battalion,1
2961,THREE,exhalation,1
2962,THREE,oriole,1
2963,THREE,litany,1
2964,THREE,leach,1
2965,THREE,minimise,1
2966,THREE,chalet,1
2967,THREE,discord,1
2968,THREE,Ganges,1
2969,THREE,unsullied,1
2970,THREE,wrath,1
2971,THREE,flamingos,1
2972,THREE,Lutheran,1
2973,THREE,clamorous,1
2974,THREE,niagara,1
2975,THREE,Carthusian,1
2976,THREE,corporate,1
2977,THREE,flamingoes,1
2978,THREE,roiling,1
2979,THREE,grimaces,1
2980,THREE,carrion,1
2981,THREE,maharaja,1
2982,THREE,propane,1
2983,THREE,mechanics,1
2984,THREE,psychiatrist,1
2985,THREE,inheritance,1
2986,THREE,samosas,1
2987,THREE,maharajah,1
2988,THREE,dissuade,1
2989,THREE,bankrupt,1
2990,THREE,disconcerting,1
2991,THREE,plumage,1
2992,THREE,chalice,1
2993,THREE,Upanishads,1
2994,THREE,profusion,1
2995,THREE,insurance,1
2996,THREE,Jesuit,1
2997,THREE,epaulet,1
2998,THREE,necromancer,1
2999,THREE,Upanisads,1
3000,THREE,appalling,1
3001,THREE,dismayed,1
3002,THREE,fodder,1
3003,THREE,epaulette,1
3004,THREE,proffered,1
3005,THREE,arret,1
3006,THREE,divulge,1
3007,THREE,offspring,1
3008,THREE,sinuously,1
3009,THREE,propound,1
3010,THREE,colonel,1
3011,THREE,marquee,1
3012,THREE,meditation,1
3013,THREE,pillage,1
3014,THREE,irreversible,1
3015,THREE,chauffeurs,1
3016,THREE,subaltern,1
3017,THREE,franchise,1
3018,THREE,anguish,1
3019,THREE,barricade,1
3020,THREE,disconsolate,1
3021,THREE,Etruscan,1
3022,THREE,pretentious,1
3023,THREE,increments,1
3024,THREE,moustache,1
3025,THREE,testosterone,1
3026,THREE,cloisters,1
3027,THREE,embellishes,1
3028,THREE,Odin,1
3029,THREE,mustache,1
3030,THREE,minivets,1
3031,THREE,redound,1
3032,THREE,appropriate,1
3033,THREE,parishioner,1
3034,THREE,unprepossessing,1
3035,THREE,proscenium,1
3036,THREE,Benedictine,1
3037,THREE,imaret,1
3038,THREE,allelopathy,1
3039,THREE,cinerarium,1
3040,THREE,hierurgical,1
3041,THREE,kathakali,1
3042,THREE,onychorrhexis,1
3043,THREE,cornichon,1
3044,THREE,capoeira,1
3045,THREE,polemic,1
3046,THREE,melee,1
3047,THREE,cozen,1
3048,THREE,paraffin,1
3049,THREE,devastavit,1
3050,THREE,agnolotti,1
3051,THREE,paladin,1
3052,THREE,emolument,1
3053,THREE,oxalis,1
3054,THREE,vigneron,1
3055,THREE,Mediterranean,1
3056,THREE,ballabile,1
3057,THREE,totipotency,1
3058,THREE,ikebana,1
3059,THREE,myeloma,1
3060,THREE,tannined,1
3061,THREE,longevous,1
3062,THREE,draegerman,1
3063,THREE,agnomen,1
3064,THREE,exaugural,1
3065,THREE,lebensraum,1
3066,THREE,spiedini,1
3067,THREE,digerati,1
3068,THREE,prescient,1
3069,THREE,Bauhaus,1
3070,THREE,gaillardia,1
3071,THREE,mufti,1
3072,THREE,anhinga,1
3073,THREE,solecism,1
3074,THREE,Fribourg,1
3075,THREE,sacerdotal,1
3076,THREE,caryatid,1
3077,THREE,dirigible,1
3078,THREE,jai alai,1
3079,THREE,hypertrophy,1
3080,THREE,proselytizer,1
3081,THREE,skeuomorph,1
3082,THREE,heliacal,1
3083,THREE,surcease,1
3084,THREE,Rastafarian,1
3085,THREE,ravigote,1
3086,THREE,proselytiser,1
3087,THREE,binturong,1
3088,THREE,schefflera,1
3089,THREE,ascetic,1
3090,THREE,succussion,1
3091,THREE,inchoate,1
3092,THREE,tenon,1
3093,THREE,mamushi,1
3094,THREE,contrapposto,1
3095,THREE,oolite,1
3096,THREE,avifauna,1
3097,THREE,judoka,1
3098,THREE,nubilous,1
3099,THREE,lipophilic,1
3100,THREE,temblor,1
3101,THREE,revanche,1
3102,THREE,joropo,1
3103,THREE,vaccary,1
3104,THREE,iatrogenic,1
3105,THREE,codicil,1
3106,THREE,insouciance,1
3107,THREE,megrims,1
3108,THREE,toxicosis,1
3109,THREE,Adelaide,1
3110,THREE,onychitis,1
3111,THREE,coulomb,1
3112,THREE,catarrh,1
3113,THREE,podagra,1
3114,THREE,colporteur,1
3115,THREE,unwonted,1
3116,THREE,roux,1
3117,THREE,violaceous,1
3118,THREE,quattrocento,1
3119,THREE,palaver,1
3120,THREE,colporter,1
3121,THREE,tazza,1
3122,THREE,tuatara,1
3123,THREE,Rorschach,1
3124,THREE,millegrain,1
3125,THREE,luthier,1
3126,THREE,agitprop,1
3127,THREE,damson,1
3128,THREE,chicle,1
3129,THREE,arthralgia,1
3130,THREE,canaille,1
3131,THREE,yttriferous,1
3132,THREE,Achernar,1
3133,THREE,pelisse,1
3134,THREE,sulcus,1
3135,THREE,desman,1
3136,THREE,verisimilitude,1
3137,THREE,vermeil,1
3138,THREE,cassock,1
3139,THREE,succade,1
3140,THREE,thalamus,1
3141,THREE,jacaranda,1
3142,THREE,Keynesian,1
3143,THREE,Ouagadougou,1
3144,THREE,meringue,1
3145,THREE,tumulus,1
3146,THREE,gyttja,1
3147,THREE,huapango,1
3148,THREE,akaryote,1
3149,THREE,bibliopegist,1
3150,THREE,mackinaw,1
3151,THREE,dorsiflexor,1
3152,THREE,jibboom,1
3153,THREE,predilection,1
3154,THREE,azulejo,1
3155,THREE,plagiarism,1
3156,THREE,sambal,1
3157,THREE,profiterole,1
3158,THREE,vestigial,1
3159,THREE,entomophagy,1
3160,THREE,hauberk,1
3161,THREE,holobenthic,1
3162,THREE,yuloh,1
3163,THREE,valetudinary,1
3164,THREE,Orwellian,1
3165,THREE,paronomasia,1
3166,THREE,bouillon,1
3167,THREE,boutonniere,1
3168,THREE,hermeneutics,1
3169,THREE,aristoi,1
3170,THREE,gimbaled,1
3171,THREE,facsimile,1
3172,THREE,tarpaulin,1
3173,THREE,anodyne,1
3174,THREE,tikkun,1
3175,THREE,vireo,1
3176,THREE,gimballed,1
3177,THREE,renminbi,1
3178,THREE,cephalopod,1
3179,THREE,saccharide,1
3180,THREE,macaque,1
3181,THREE,rococo,1
3182,THREE,cabaletta,1
3183,THREE,interferon,1
3184,THREE,pulchritude,1
3185,THREE,boulevardier,1
3186,THREE,lassitude,1
3187,THREE,lachsschinken,1
3188,THREE,hesped,1
3189,THREE,sedulous,1
3190,THREE,pekoe,1
3191,THREE,quokka,1
3192,THREE,oeuvre,1
3193,THREE,wakame,1
3194,THREE,umami,1
3195,THREE,velouté,1
3196,THREE,patois,1
3197,THREE,lidocaine,1
3198,THREE,altazimuth,1
3199,THREE,bathos,1
3200,THREE,persiflage,1
3201,THREE,Aesopian,1
3202,THREE,Rubicon,1
3203,THREE,contretemps,1
3204,THREE,Castilian,1
3205,THREE,nihilism,1
3206,THREE,toreador,1
3207,THREE,frigate,1
3208,THREE,bourgeois,1
3209,THREE,a posteriori,1
3210,THREE,trichinosis,1
3211,THREE,ustion,1
3212,THREE,vermicelli,1
3213,THREE,enoptromancy,1
3214,THREE,aerophilatelic,1
3215,THREE,scaberulous,1
3216,THREE,ecclesiology,1
3217,THREE,sumpsimus,1
3218,THREE,frangipane,1
3219,THREE,satiety,1
3220,THREE,ankh,1
3221,THREE,anaglyphy,1
3222,THREE,teppanyaki,1
3223,THREE,morel,1
3224,THREE,reseau,1
3225,THREE,perorate,1
3226,THREE,contumelious,1
3227,THREE,reconnoiter,1
3228,THREE,cicatrize,1
3229,THREE,abeyance,1
3230,THREE,moulage,1
3231,THREE,danseur,1
3232,THREE,vicissitudes,1
3233,THREE,reconnoitre,1
3234,THREE,somnolent,1
3235,THREE,rongeur,1
3236,THREE,interpellate,1
3237,THREE,chevalier,1
3238,THREE,lilliputian,1
3239,THREE,realpolitik,1
3240,THREE,intonaco,1
3241,THREE,mountebank,1
3242,THREE,genuflect,1
3243,THREE,taurine,1
3244,THREE,Sbrinz,1
3245,THREE,colloque,1
3246,THREE,realia,1
3247,THREE,grison,1
3248,THREE,toroidal,1
3249,THREE,speleothem,1
3250,THREE,sepulchral,1
3251,THREE,bruja,1
3252,THREE,niveau,1
3253,THREE,phulkari,1
3254,THREE,bialy,1
3255,THREE,euripus,1
3256,THREE,sangfroid,1
3257,THREE,upsilon,1
3258,THREE,rouille,1
3259,THREE,garrulous,1
3260,THREE,appurtenances,1
3261,THREE,samarium,1
3262,THREE,pasilla,1
3263,THREE,sakura,1
3264,THREE,rescissible,1
3265,THREE,paroxysm,1
3266,THREE,corsair,1
3267,THREE,variscite,1
3268,THREE,maringouin,1
3269,THREE,buccal,1
3270,THREE,Jungian,1
3271,THREE,communiqué,1
3272,THREE,zabaglione,1
3273,THREE,bolide,1
3274,THREE,argot,1
3275,THREE,zocalo,1
3276,THREE,Groenendael,1
3277,THREE,Chantilly,1
3278,THREE,velamen,1
3279,THREE,vervain,1
3280,THREE,vicenary,1
3281,THREE,aficionado,1
3282,THREE,facile,1
3283,THREE,jacquard,1
3284,THREE,sporran,1
3285,THREE,chanoyu,1
3286,THREE,ajimez,1
3287,THREE,afficionado,1
3288,THREE,chrysolite,1
3289,THREE,sorghum,1
3290,THREE,clematis,1
3291,THREE,hamadryad,1
3292,THREE,pompeii,1
3293,THREE,piscivorous,1
3294,THREE,execrable,1
3295,THREE,guilloche,1
3296,THREE,kente,1
3297,THREE,calumny,1
3298,THREE,oviparous,1
3299,THREE,benison,1
3300,THREE,hangul,1
3301,THREE,appositive,1
3302,THREE,ranine,1
3303,THREE,escabeche,1
3304,THREE,mangonel,1
3305,THREE,gagaku,1
3306,THREE,cartouches,1
3307,THREE,dirndl,1
3308,THREE,riparian,1
3309,THREE,ad hominem,1
3310,THREE,coalescence,1
3311,THREE,amygdala,1
3312,THREE,Nicoise,1
3313,THREE,latke,1
3314,THREE,accoutrement,1
3315,THREE,oubliette,1
3316,THREE,Plantagenet,1
3317,THREE,scurrilous,1
3318,THREE,Niçoise,1
3319,THREE,martinet,1
3320,THREE,accouterment,1
3321,THREE,béchamel,1
3322,THREE,bauxite,1
3323,THREE,flèche,1
3324,THREE,julienne,1
3325,THREE,asterion,1
3326,THREE,radicchio,1
3327,THREE,repoussage,1
3328,THREE,kakapo,1
3329,THREE,tetrachoric,1
3330,THREE,moiety,1
3331,THREE,hypallage,1
3332,THREE,dudgeon,1
3333,THREE,otacoustic,1
3334,THREE,pelagial,1
3335,THREE,sforzando,1
3336,THREE,pastitsio,1
3337,THREE,solenoid,1
3338,THREE,nitid,1
3339,THREE,naranjilla,1
3340,THREE,ague,1
3341,THREE,thalassic,1
3342,THREE,modiste,1
3343,THREE,veridical,1
3344,THREE,Basenji,1
3345,THREE,elegiac,1
3346,THREE,largesses,1
3347,THREE,frazil,1
3348,THREE,deuterium,1
3349,THREE,threnody,1
3350,THREE,concinnate,1
3351,THREE,pâtissier,1
3352,THREE,fulgent,1
3353,THREE,rapprochement,1
3354,THREE,Icarian,1
3355,THREE,Jacobean,1
3356,THREE,Stradivarius,1
3357,THREE,patissier,1
3358,THREE,olecranon,1
3359,THREE,glacis,1
3360,THREE,pappardelle,1
3361,THREE,ballotage,1
3362,THREE,synecdoche,1
3363,THREE,Yeatsian,1
3364,THREE,toreutics,1
3365,THREE,ahimsa,1
3366,THREE,Sahel,1
3367,THREE,ocotillo,1
3368,THREE,tulsi,1
3369,THREE,surfeit,1
3370,THREE,mascarpone,1
3371,THREE,kanji,1
3372,THREE,bibelot,1
3373,THREE,dubitante,1
3374,THREE,sebaceous,1
3375,THREE,limicolous,1
3376,THREE,rissole,1
3377,THREE,weltschmerz,1
3378,THREE,telegnosis,1
3379,THREE,disciform,1
3380,THREE,papeterie,1
3381,THREE,girandole,1
3382,THREE,seneschal,1
3383,THREE,jalousie,1
3384,THREE,loupe,1
3385,THREE,mizuna,1
3386,THREE,litigious,1
3387,THREE,googol,1
3388,THREE,pinniped,1
3389,THREE,ichthyology,1
3390,THREE,oleiculture,1
3391,THREE,trichotillomania,1
3392,THREE,phytophilous,1
3393,THREE,étagère,1
3394,THREE,wahine,1
3395,THREE,pruritus,1
3396,THREE,loess,1
3397,THREE,huipil,1
3398,THREE,meunière,1
3399,THREE,anechoic,1
3400,THREE,grissino,1
3401,THREE,dactylic,1
3402,THREE,löss,1
3403,THREE,mustelid,1
3404,THREE,hilum,1
3405,THREE,leonine,1
3406,THREE,coterie,1
3407,THREE,affogato,1
3408,THREE,ruelle,1
3409,THREE,prestidigitation,1
3410,THREE,fanfaronade,1
3411,THREE,laulau,1
3412,THREE,sylph,1
3413,THREE,scrivener,1
3414,THREE,Ushuaia,1
3415,THREE,soupçon,1
3416,THREE,malachite,1
3417,THREE,Gruyère,1
3418,THREE,katsura,1
3419,THREE,dysrhythmia,1
3420,THREE,redingote,1
3421,THREE,diphtheria,1
3422,THREE,urticaria,1
3423,THREE,proprioceptive,1
3424,THREE,diastole,1
3425,THREE,dragée,1
3426,THREE,adscititious,1
3427,THREE,bdelloid,1
3428,THREE,capsaicin,1
3429,THREE,oppugn,1
3430,THREE,mediobrome,1
3431,THREE,choucroute,1
3432,THREE,hummock,1
3433,THREE,nugatory,1
3434,THREE,ptosis,1
3435,THREE,macropterous,1
3436,THREE,demurrage,1
3437,THREE,hsaing-waing,1
3438,THREE,internecine,1
3439,THREE,commorients,1
3440,THREE,pejerrey,1
3441,THREE,euphonious,1
3442,THREE,tristeza,1
3443,THREE,stevedore,1
3444,THREE,duxelles,1
3445,THREE,immiscible,1
3446,THREE,horologist,1
3447,THREE,retinoscopy,1
3448,THREE,trigeminal,1
3449,THREE,harangue,1
3450,THREE,mesial,1
3451,THREE,Feldenkrais,1
3452,THREE,Ficus,1
3453,THREE,spodumene,1
3454,THREE,hyssop,1
3455,THREE,exsect,1
3456,THREE,unguiculate,1
3457,THREE,bailiwick,1
3458,THREE,agelicism,1
3459,THREE,leberwurst,1
3460,THREE,naumachia,1
3461,THREE,champignon,1
3462,THREE,amaryllis,1
3463,THREE,bozzetto,1
3464,THREE,subrident,1
3465,THREE,daguerreotype,1
3466,THREE,focaccia,1
3467,THREE,bahuvrihi,1
3468,THREE,reveille,1
3469,THREE,coiffure,1
3470,THREE,ethylene,1
3471,THREE,yakitori,1
3472,THREE,pahoehoe,1
3473,THREE,panjandrum,1
3474,THREE,regnal,1
3475,THREE,repartee,1
3476,THREE,flaneur,1
3477,THREE,pejorate,1
3478,THREE,Kjeldahl,1
3479,THREE,catachresis,1
3480,THREE,attaché,1
3481,THREE,chimera,1
3482,THREE,Ponzi,1
3483,THREE,Aitutakian,1
3484,THREE,rubefacient,1
3485,THREE,tiffin,1
3486,THREE,rafflesia,1
3487,THREE,chimaera,1
3488,THREE,teneramente,1
3489,THREE,parterre,1
3490,THREE,halcyon,1
3491,THREE,colcannon,1
3492,THREE,ranunculus,1
3493,THREE,avgolemono,1
3494,THREE,styptic,1
3495,THREE,rondeau,1
3496,THREE,corrigenda,1
3497,THREE,tournedos,1
3498,THREE,pistou,1
3499,THREE,exiguous,1
3500,THREE,sopapilla,1
3501,THREE,atlatl,1
3502,THREE,Zanni,1
3503,THREE,ormolu,1
3504,THREE,scintillation,1
3505,THREE,presentient,1
3506,THREE,nictitate,1
3507,THREE,allochroous,1
3508,THREE,nonage,1
3509,THREE,blottesque,1
3510,THREE,Bolognese,1
3511,THREE,renvoi,1
3512,THREE,boutade,1
3513,THREE,ennui,1
3514,THREE,beurre,1
3515,THREE,consommé,1
3516,THREE,farrago,1
3517,THREE,kichel,1
3518,THREE,towhee,1
3519,THREE,caisson,1
3520,THREE,jicama,1
3521,THREE,consomme,1
3522,THREE,coup de grace,1
3523,THREE,semaphore,1
3524,THREE,escritoire,1
3525,THREE,cheongsam,1
3526,THREE,sturnine,1
3527,THREE,ullage,1
3528,THREE,tourelle,1
3529,THREE,gambol,1
3530,THREE,affenpinscher,1
3531,THREE,graticule,1
3532,THREE,octonocular,1
3533,THREE,zortzico,1
3534,THREE,notturno,1
3535,THREE,angiitis,1
3536,THREE,gudgeon,1
3537,THREE,gyascutus,1
3538,THREE,parallax,1
3539,THREE,teratism,1
3540,THREE,ginglymus,1
3541,THREE,Teutonic,1
3542,THREE,beaumontage,1
3543,THREE,cygnet,1
3544,THREE,antenatus,1
3545,THREE,flagellum,1
3546,THREE,hemorrhage,1
3547,THREE,Conestoga,1
3548,THREE,galoot,1
3549,THREE,supercilious,1
3550,THREE,trouvaille,1
3551,THREE,panegyric,1
3552,THREE,tapetum,1
3553,THREE,zeitgeist,1
3554,THREE,desiccate,1
3555,THREE,dysphasia,1
3556,THREE,glazier,1
3557,THREE,hoi polloi,1
3558,THREE,golem,1
3559,THREE,heinousness,1
3560,THREE,aporia,1
3561,THREE,kugel,1
3562,THREE,kinesiology,1
3563,THREE,sirenian,1
3564,THREE,krewe,1
3565,THREE,nacelle,1
3566,THREE,moraine,1
3567,THREE,topazolite,1
3568,THREE,exogenous,1
3569,THREE,nescience,1
3570,THREE,toque,1
3571,THREE,rupicolous,1
3572,THREE,hirsute,1
3573,THREE,trompe l,1
3574,THREE,aniseikonia,1
3575,THREE,blatherskite,1
3576,THREE,avuncular,1
3577,THREE,Pythagorean,1
3578,THREE,shubunkin,1
3579,THREE,ailette,1
3580,THREE,guayabera,1
3581,THREE,consigliere,1
3582,THREE,habiliments,1
3583,THREE,kepi,1
3584,THREE,hepatectomy,1
3585,THREE,fetticus,1
3586,THREE,realgar,1
3587,THREE,adiabatic,1
3588,THREE,rubato,1
3589,THREE,bulgur,1
3590,THREE,bloviate,1
3591,THREE,rocaille,1
3592,THREE,anaphylaxis,1
3593,THREE,camembert,1
3594,THREE,gentilitial,1
3595,THREE,bulghur,1
3596,THREE,seine,1
3597,THREE,couverture,1
3598,THREE,bobolink,1
3599,THREE,ecchymosis,1
3600,THREE,obnebulate,1
3601,THREE,ushabti,1
3602,THREE,galapago,1
3603,THREE,lemniscus,1
3604,THREE,diluent,1
3605,THREE,oppidan,1
3606,THREE,allonym,1
3607,THREE,puchero,1
3608,THREE,au courant,1
3609,THREE,ad nauseam,1
3610,THREE,urushiol,1
3611,THREE,decastich,1
3612,THREE,croquembouche,1
3613,THREE,nival,1
3614,THREE,crepuscular,1
3615,THREE,ganache,1
3616,THREE,andouille,1
3617,THREE,Naugahyde,1
3618,THREE,kobold,1
3619,THREE,ascites,1
3620,THREE,theca,1
3621,THREE,sauger,1
3622,THREE,otiose,1
3623,THREE,lefse,1
3624,THREE,mendicity,1
3625,THREE,Véronique,1
3626,THREE,croustade,1
3627,THREE,kanban,1
3628,THREE,megacephalic,1
3629,THREE,beccafico,1
3630,THREE,castellated,1
3631,THREE,Veronique,1
3632,THREE,kipuka,1
3633,THREE,toccata,1
3634,THREE,souchong,1
3635,THREE,amphistylar,1
3636,THREE,toponymic,1
3637,THREE,planetesimal,1
3638,THREE,noumenon,1
3639,THREE,pertinacity,1
3640,THREE,poltroon,1
3641,THREE,saturnine,1
3642,THREE,boudin,1
3643,THREE,taoiseach,1
3644,THREE,chicanery,1
3645,THREE,gasthaus,1
3646,THREE,Freudian,1
3647,THREE,zaibatsu,1
3648,THREE,bucatini,1
3649,THREE,obeisant,1
3650,THREE,vilipend,1
3651,THREE,transmontane,1
3652,THREE,floruit,1
3653,THREE,titian,1
3654,THREE,reboation,1
3655,THREE,whippoorwill,1
3656,THREE,vitiate,1
3657,THREE,laterigrade,1
3658,THREE,Bunyanesque,1
3659,THREE,tokonoma,1
3660,THREE,haupia,1
3661,THREE,Keplerian,1
3662,THREE,pneumatocyst,1
3663,THREE,xerogel,1
3664,THREE,cachexia,1
3665,THREE,ululate,1
3666,THREE,cordillera,1
3667,THREE,codswallop,1
3668,THREE,fortissimo,1
3669,THREE,vizierial,1
3670,THREE,connoisseur,1
3671,THREE,sororal,1
3672,THREE,zazen,1
3673,THREE,hauteur,1
3674,THREE,portmanteau,1
3675,THREE,crescive,1
3676,THREE,ferruginous,1
3677,THREE,epideictic,1
3678,THREE,cabochon,1
3679,THREE,camarilla,1
3680,THREE,coaxation,1
3681,THREE,tryptophan,1
3682,THREE,gendarme,1
3683,THREE,embolus,1
3684,THREE,après,1
3685,THREE,nidicolous,1
3686,THREE,ardoise,1
3687,THREE,neophyte,1
3688,THREE,demulcent,1
3689,THREE,caveola,1
3690,THREE,zydeco,1
3691,THREE,oxyacetylene,1
3692,THREE,farouche,1
3693,THREE,buffa,1
3694,THREE,goosander,1
3695,THREE,farina,1
3696,THREE,consanguine,1
3697,THREE,queue,1
3698,THREE,farfalle,1
3699,THREE,clavichord,1
3700,THREE,kwashiorkor,1
3701,THREE,heuristic,1
3702,THREE,bibimbap,1
3703,THREE,hellebore,1
3704,THREE,ogival,1
3705,THREE,de rigueur,1
3706,THREE,lecithin,1
3707,THREE,nudibranch,1
3708,THREE,aquiclude,1
3709,THREE,transhumance,1
3710,THREE,stretto,1
3711,THREE,secant,1
3712,THREE,cetology,1
3713,THREE,triquetra,1
3714,THREE,demitasse,1
3715,THREE,phloem,1
3716,THREE,coccygeal,1
3717,THREE,comanchero,1
3718,THREE,plenipotentiary,1
3719,THREE,paramahamsa,1
3720,THREE,tomalley,1
3721,THREE,lacustrine,1
3722,THREE,Diplodocus,1
3723,THREE,meiosis,1
3724,THREE,foudroyant,1
3725,THREE,duello,1
3726,THREE,bouffant,1
3727,THREE,ageusia,1
3728,THREE,tachyon,1
3729,THREE,gules,1
3730,THREE,sesquipedalian,1
3731,THREE,fjeld,1
3732,THREE,bas-relief,1
3733,THREE,pillor,1
3734,THREE,piccata,1
3735,THREE,nimiety,1
3736,THREE,expugnable,1
3737,THREE,tomography,1
3738,THREE,rhizome,1
3739,THREE,deleterious,1
3740,THREE,isagoge,1
3741,THREE,lokelani,1
3742,THREE,profligacy,1
3743,THREE,effleurage,1
3744,THREE,Wensleydale,1
3745,THREE,ikat,1
3746,THREE,élan,1
3747,THREE,psoriasis,1
3748,THREE,yosenabe,1
3749,THREE,chastushka,1
3750,THREE,erubescent,1
3751,THREE,pylorus,1
3752,THREE,breviloquence,1
3753,THREE,bavardage,1
3754,THREE,funori,1
3755,THREE,bergère,1
3756,THREE,estovers,1
3757,THREE,erythroblast,1
3758,THREE,kalimba,1
3759,THREE,coulibiac,1
3760,THREE,piloncillo,1
3761,THREE,Erewhonian,1
3762,THREE,rembrandt,1
3763,THREE,maillot,1
3764,THREE,illative,1
3765,THREE,xyloglyphy,1
3766,THREE,xiphias,1
3767,THREE,rhyton,1
3768,THREE,bonspiel,1
3769,THREE,epenthesis,1
3770,THREE,betony,1
3771,THREE,Aramaic,1
3772,THREE,étouffée,1
3773,THREE,orogeny,1
3774,THREE,hackamore,1
3775,THREE,hinoki,1
3776,THREE,bêtise,1
3777,THREE,anathema,1
3778,THREE,etouffee,1
3779,THREE,Pepysian,1
3780,THREE,blancmange,1
3781,THREE,nonpareil,1
3782,THREE,transience,1
3783,THREE,basilica,1
3784,THREE,degauss,1
3785,THREE,esplanade,1
3786,THREE,simulacrum,1
3787,THREE,nyctinasty,1
3788,THREE,frison,1
3789,THREE,rajpramukh,1
3790,THREE,tussock,1
3791,THREE,gesellschaft,1
3792,THREE,cnidarian,1
3793,THREE,pointelle,1
3794,THREE,flavedo,1
3795,THREE,Chalcolithic,1
3796,THREE,lanolated,1
3797,THREE,tamari,1
3798,THREE,capotasto,1
3799,THREE,vinaigrette,1
3800,THREE,maquillage,1
3801,THREE,rinceau,1
3802,THREE,linnet,1
3803,THREE,arenaceous,1
3804,THREE,Panagia,1
3805,THREE,tinnient,1
3806,THREE,mortadella,1
3807,THREE,filar,1
3808,THREE,embouchure,1
3809,THREE,panettone,1
3810,THREE,nockerl,1
3811,THREE,aioli,1
3812,THREE,stanchion,1
3813,THREE,bhangra,1
3814,THREE,plangency,1
3815,THREE,tmesis,1
3816,THREE,rhabdoid,1
3817,THREE,pochoir,1
3818,THREE,spirulina,1
3819,THREE,risorgimento,1
3820,THREE,apocryphal,1
3821,THREE,clerihew,1
3822,THREE,apodyterium,1
3823,THREE,glyceraldehyde,1
3824,THREE,eleemosynary,1
3825,THREE,agalma,1
3826,THREE,tamarack,1
3827,THREE,tsukupin,1
3828,THREE,apoplexy,1
3829,THREE,hagiographer,1
3830,THREE,force majeure,1
3831,THREE,analgesia,1
3832,THREE,puerilely,1
3833,THREE,katakana,1
3834,THREE,verdure,1
3835,THREE,syncope,1
3836,THREE,ossicle,1
3837,THREE,dengue,1
3838,THREE,obloquy,1
3839,THREE,Parmentier,1
3840,THREE,fait accompli,1
3841,THREE,icosahedron,1
3842,THREE,anemone,1
3843,THREE,cantatrice,1
3844,THREE,dhole,1
3845,THREE,rugose,1
3846,THREE,dreikanter,1
3847,THREE,goanna,1
3848,THREE,alpargata,1
3849,THREE,emollient,1
3850,THREE,budgerigar,1
3851,THREE,brume,1
3852,THREE,penicillin,1
3853,THREE,wassail,1
3854,THREE,disembogue,1
3855,THREE,parquet,1
3856,THREE,budgereegah,1
3857,THREE,hiortdahlite,1
3858,THREE,pendeloque,1
3859,THREE,ammonite,1
3860,THREE,luculent,1
3861,THREE,dhurrie,1
3862,THREE,budgerygah,1
3863,THREE,extravasate,1
3864,THREE,beelzebub,1
3865,THREE,tanager,1
3866,THREE,expatiate,1
3867,THREE,lapidary,1
3868,THREE,outré,1
3869,THREE,incunabula,1
3870,THREE,rhinorrhagia,1
3871,THREE,foley,1
3872,THREE,wasteweir,1
3873,THREE,encarnadine,1
3874,THREE,Tchefuncte,1
3875,THREE,cioppino,1
3876,THREE,gabarit,1
3877,THREE,syzygy,1
3878,THREE,diamanté,1
3879,THREE,dulcinea,1
3880,THREE,becquerel,1
3881,THREE,inglenook,1
3882,THREE,guerite,1
3883,THREE,Beethovenian,1
3884,THREE,sphygmometer,1
3885,THREE,nainsook,1
3886,THREE,darnel,1
3887,THREE,efflux,1
3888,THREE,gallivat,1
3889,THREE,tatterdemalion,1
3890,THREE,kibitzer,1
3891,THREE,querida,1
3892,THREE,giallolino,1
3893,THREE,frugivore,1
3894,THREE,charcuterie,1
3895,THREE,susurrus,1
3896,THREE,kibbitzer,1
3897,THREE,paillard,1
3898,THREE,krausen,1
3899,THREE,lobscouse,1
3900,THREE,zugzwang,1
3901,THREE,bienvenue,1
3902,THREE,auteur,1
3903,THREE,gazoz,1
3904,THREE,Castalia,1
3905,THREE,senecio,1
3906,THREE,triskelion,1
3907,THREE,bienvenu,1
3908,THREE,labefaction,1
3909,THREE,Glaswegian,1
3910,THREE,nahcolite,1
3911,THREE,jasmone,1
3912,THREE,crokinole,1
3913,THREE,potwalloper,1
3914,THREE,ibidem,1
3915,THREE,stannum,1
3916,THREE,telamon,1
3917,THREE,hawok,1
3918,THREE,anicca,1
3919,THREE,kaffeeklatsch,1
3920,THREE,estival,1
3921,THREE,putsch,1
3922,THREE,uraeus,1
3923,THREE,fructiferous,1
3924,THREE,batamote,1
3925,THREE,peregrination,1
3926,THREE,aestival,1
3927,THREE,tralatitious,1
3928,THREE,teledu,1
3929,THREE,martinoe,1
3930,THREE,yabbies,1
3931,THREE,paraquat,1
3932,THREE,loup-garou,1
3933,THREE,denouement,1
3934,THREE,gattine,1
3935,THREE,lierre,1
3936,THREE,salmagundi,1
3937,THREE,prana,1
3938,THREE,empennage,1
3939,THREE,hortatory,1
3940,THREE,mele,1
3941,THREE,porwigle,1
3942,THREE,salmagundy,1
3943,THREE,sinciput,1
3944,THREE,lysozyme,1
3945,THREE,maquette,1
3946,THREE,Marathi,1
3947,THREE,portugais,1
3948,THREE,hutia,1
3949,THREE,abattoir,1
3950,THREE,grimthorpe,1
3951,THREE,obliviscence,1
3952,THREE,nuciform,1
3953,THREE,ligas,1
3954,THREE,jutia,1
3955,THREE,glossopetrae,1
3956,THREE,thaumaturge,1
3957,THREE,autophagy,1
3958,THREE,grandrelle,1
3959,THREE,Osloite,1
3960,THREE,Deseret,1
3961,THREE,diktat,1
3962,THREE,pinioned,1
3963,THREE,Airedale,1
3964,THREE,bordereaux,1
3965,THREE,sciolistic,1
3966,THREE,Djibouti,1
3967,THREE,llanero,1
3968,THREE,fouetté,1
3969,THREE,potager,1
3970,THREE,rambla,1
3971,THREE,seraya,1
3972,THREE,Tegucigalpa,1
3973,THREE,Machiavellian,1
3974,THREE,venenate,1
3975,THREE,malleolus,1
3976,THREE,tullibee,1
3977,THREE,janthina,1
3978,THREE,Llullaillaco,1
3979,THREE,glaucomatous,1
3980,THREE,badinage,1
3981,THREE, marcel,1
3982,THREE,guichet,1
3983,THREE,Skeltonic,1
3984,THREE,Pyxis,1
3985,THREE,haori,1
3986,THREE,saccadic,1
3987,THREE,croquignole,1
3988,THREE,Guarnerius,1
3989,THREE,balata,1
3990,THREE,rheostat,1
3991,THREE,mignonette,1
3992,THREE,dolmen,1
3993,THREE,unakite,1
3994,THREE,balbriggan,1
3995,THREE,hariolation,1
3996,THREE,coadjutor,1
3997,THREE,griot,1
3998,THREE,azotea,1
3999,THREE,affeer,1
4000,THREE,thylacine,1
4001,THREE,chiffonade,1
4002,THREE,vexillologist,1
4003,THREE,gabbro,1
4004,THREE,pomology,1
4005,THREE,cenote,1
4006,THREE,haricot,1
4007,THREE,halala,1
4008,THREE,gegenschein,1
4009,THREE,Svengali,1
4010,THREE,griffonage,1
4011,THREE,Luddite,1
4012,THREE,halalah,1
4013,THREE,hebdomadal,1
4014,THREE,escheator,1
4015,THREE,fossiliferous,1
4016,THREE,wickiup,1
4017,THREE,corybantic,1
4018,THREE,gypsophila,1
4019,THREE,dogana,1
4020,THREE,calefacient,1
4021,THREE,nisse,1
4022,THREE,chasuble,1
4023,THREE,koh-i-noor,1
4024,THREE,toorie,1
4025,THREE,obdurate,1
4026,THREE,impugn,1
4027,THREE,furuncle,1
4028,THREE,nocive,1
4029,THREE,exchequer,1
4030,THREE,nunchaku,1
4031,THREE,brouillon,1
4032,THREE,pongee,1
4033,THREE,cataphora,1
4034,THREE,habeas corpus,1
4035,THREE,senryu,1
4036,THREE,derecho,1
4037,THREE,acoel,1
4038,THREE,blastema,1
4039,THREE,kerril,1
4040,THREE,cormorant,1
4041,THREE,solipsist,1
4042,THREE,acral,1
4043,THREE,trochee,1
4044,THREE,pudibund,1
4045,THREE,gnomon,1
4046,THREE,sinophile,1
4047,THREE,Koine,1
4048,THREE,diapason,1
4049,THREE,toril,1
4050,THREE,pinetum,1
4051,THREE,harmattan,1
4052,THREE,weka,1
4053,THREE,deliquesce,1
4054,THREE,ryas,1
4055,THREE,brucellosis,1
4056,THREE,incarnadine,1
4057,THREE,haplography,1
4058,THREE,aperçu,1
4059,THREE,terai,1
4060,,insisted,
4061,,knickerbocker,
