,Words
0,gel
1,train
2,sport
3,rich
4,eel
5,fans
6,dome
7,tall
8,better
9,hit
10,peanut
11,cake
12,bite
13,noon
14,gummy
15,sting
16,ray
17,dusk
18,mops
19,thanks
20,dash
21,skin
22,star
23,began
24,grew
25,fine
26,day
27,upset
28,father
29,jam
30,mugs
31,fair
32,dinner
33,rats
34,fed
35,sir
36,boom
37,wave
38,trunk
39,sleepy
40,full
41,huge
42,born
43,jumping
44,damp
45,from
46,hunch
47,each
48,shade
49,ribs
50,forever
51,freeze
52,scorch
53,motor
54,talking
55,money
56,couch
57,nibble
58,strands
59,chapter
60,chess
61,slimy
62,squeak
63,friend
64,laptop
65,movie
66,known
67,suffer
68,double
69,watch
70,ahoy
71,dream
72,whine
73,beans
74,child
75,space
76,princess
77,piper
78,hear
79,sprint
80,awe
81,afar
82,bowl
83,sweat
84,cost
85,sleek
86,bottle
87,smart
88,stared
89,plopped
90,darted
91,angry
92,sidekick
93,stuff
94,least
95,little
96,felt
97,summer
98,carefully
99,would
100,shambles
101,taillight
102,quicken
103,presence
104,sizzle
105,hatchling
106,razz
107,followed
108,purple
109,entire
110,December
111,sudden
112,slither
113,combed
114,patrol
115,epic
116,vital
117,insisted
118,pocket
119,project
120,goofy
121,remember
122,travel
123,theater 
124,career
125,disease
126,trophy
127,cranky
128,athlete
129,jotted
130,swirled
131,amount
132,sighed
133,sheen
134,worse
135,sandwich
136,duo
137,gleaming
138,repress
139,clothes
140,either
141,rely
142,chose
143,belle
144,else
145,picture
146,prepare
147,percent
148,afraid
149,rescue
150,antsy
151,hover
152,billow
153,posh
154,Canada
155,toga
156,bison
157,strum
158,dangerous
159,pluck
160,squid
161,Frisbee
162,teeter
163,chives
164,rallies
165,pastry
166,coveralls
167,ponytail
168,clatter
169,snout
170,tumbling
171,cradle
172,firefly
173,serious
174,banners
175,humor 
176,launch
177,rubble
178,plush
179,humour
180,mention
181,spoken
182,record
183,bridge
184,pinpoint
185,wisdom
186,slate
187,drape
188,countless
189,hideout
190,ruins
191,Mexico
192,glazed
193,scanner
194,oncoming
195,flimsy
196,drowsy
197,flurry
198,tourists
199,laughter
200,window
201,meeting
202,splutter
203,helmet
204,whimper
205,bracelet
206,inwardly
207,mobility
208,eddy
209,fanged
210,bough
211,listlessly
212,cautioned
213,gesture
214,glisten
215,accuse
216,imposing
217,scoff
218,opposite
219,instrument
220,blissfully
221,coarse
222,activists
223,commute
224,cocoa
225,nutrients
226,scarcely
227,stretcher
228,lairs
229,hybrid
230,mustard
231,cruel
232,schedule
233,goblins
234,runes
235,convince
236,grateful
237,mislead
238,formation
239,previous
240,snorkels
241,complicated
242,unnoticed
243,agreement
244,dappled
245,rustle
246,chef
247,crease
248,whales
249,sinister
250,subtitles
251,fragment
252,retreat
253,implore
254,lento
255,Scandinavia
256,haggis
257,dolce
258,opus
259,pedestrian
260,indecipherable
261,lullaby
262,F
263,tangents
264,expression
265,violin
266,binary
267,semicolon
268,patent
269,incantations
270,treble
271,Baltic
272,ventured
273,deities
274,feta
275,proverb
276,strait
277,podium
278,terraced
279,Aztec
280,laboratory
281,gilded
282,stealthily
283,ancestors
284,convulsive
285,jasper
286,berth
287,deference
288,detergent
289,sheathed
290,mantle
291,streamlet
292,cladding
293,congratulate
294,fountain
295,curtly
296,garish
297,porcupine
298,contingent
299,swerve
300,president
301,depths
302,
303,purpose
304,copious
305,scallion
306,lurching
307,warden
308,outlandish
309,hurtle
310,fester
311,intoxicating
312,ineffective
313,propane
314,dissuade
315,profusion
316,trough
317,parchment
318,leach
319,wrath
320,corporate
321,appalling
322,divulge
323,meditation
324,franchise
325,pretentious
326,embellishes
327,appropriate
328,rummages
329,constricting
330,inevitable
331,engrossed
332,strife
333,hindmost
334,eviction
335,protruding
336,substantial
337,hooey
338,blight
339,fronds
340,authority
341,minimize 
342,flamingos 
343,mechanics
344,bankrupt
345,minimise
346,flamingoes
347,assuage
348,Algiers
349,insurance
350,dismayed
351,offspring
352,pillage
353,anguish
354,increments
355,
356,parishioner
357,astrologers
358,devout
359,shrike
360,Vancouver
361,conjure
362,stalagmite
363,traitorous
364,condominium
365,impenetrable
366,intercede
367,defector
368,livery
369,scuttlebutt
370,battalion
371,chalet
372,Lutheran
373,roiling
374,psychiatrist
375,disconcerting
376,Jesuit
377,fodder
378,sinuously
379,irreversible
380,barricade
381,moustache 
382,scepter 
383,bipolar
384,torpid
385,mustache
386,sceptre
387,Carthusian
388,knickerbocker
389,featherbrained
390,immoderate
391,arrayed
392,countenance
393,unprepossessing
394,scourge
395,irreverent
396,apparition
397,dosages
398,superintendent
399,exhalation
400,discord
401,clamorous
402,grimaces
403,inheritance
404,plumage
405,epaulet 
406,propound
407,chauffeurs
408,disconsolate
409,epaulette
410,marquee
411,arret
412,unsullied
413,testosterone
414,minivets
415,proscenium
416,politesse
417,chanteuse
418,arrondissement
419,carabinieri
420,tamarisk
421,liana
422,sibilant
423,au revoir
424,bitumen
425,sacristy
426,Salzkammergut
427,frisson
428,Aachen
429,oriole
430,Ganges
431,niagara
432,carrion
433,samosas
434,chalice
435,necromancer
436,proffered
437,colonel
438,subaltern
439,Etruscan
440,cloisters
441,redound
442,Benedictine
443,arcane
444,soleil
445,copse
446,scabbard
447,courtiers
448,adjutant
449,inexorably
450,disgorged
451,primavera
452,souterrain
453,litany
454,Upanishads 
455,maharaja 
456,Upanisads
457,maharajah
