Undefined Index,Words
96,else
111,ahoy
116,from
130,would
173,McMansion
228,fashionista
297,chia
338,Pinkerton
361,calzone
432,gung ho
476,munchkin
495,daresay
497,primatologist
499,squawl
562,webisode
565,selfie
586,twitchy
621,myself
630,althorn
689,gelato
691,whereas
710,dim sum
738,soppiness
754,arborio
791,vlogging
796,yippee
800,stagestruck
809,barbie
812,sailage
817,yoo-hoo
823,sunseeker
828,cornily
938,feta
984,beaucoup
998,opponency
1015,tentativeness
1023,sophomoric
1031,paneer
1037,panir
1049,biscotti
1068,nobiliary
1069,obediential
1075,odiferous
1079,valourous
1084,citronella
1092,honourific
1124,sabermetrics
1151,wunderkind
1175,fascinator
1201,macular
1207,simpatico
1227,fratority
1232,panary
1236,jalapeño
1240,parkour
1247,educand
1248,plutonomy
1261,glitterati
1265,bariatrics
1281,juvenilia
1299,astrobleme
1301,melismatic
1303,thrasonical
1309,trepanation
1313,tempeh
1316,posada
1341,effraction
1348,calligram
1353,drupiferous
1360,theomachy
1361,karst
1367,Brigadoon
1375,chaperonage
1395,deglaciation
1404,geocaching
1412,Promethean
1421,naïveté
1427,naiveté
1428,muchacha
1432,scenographer
1439,fido
1444,cannoli
1460,flimflammer
1462,swannery
1478,nouveau
1484,heterochromia
1495,vespertine
1499,harrumph
1500,cameist
1503,soirée
1510,yeanling
1512,toploftical
1514,theriatrics
1515,churros
1550,fêng shui
1555,lousicide
1559,reimbursable
1560,analepsis
1586,edamame
1603,façade
1610,garniture
1626,wilco
1645,impeachable
1656,academese
1668,alma mater
1682,étude
1710,dolma
1721,wushu
1723,enoki
1726,asado
1728,Edenic
1737,ronin
1742,netiquette
1765,cryptozoa
1774,vendage
1776,deltoidal
1778,elaborative
1781,humidistat
1786,boomslang
1796,naissant
1801,justiciable
1804,nubuck
1809,pashmina
1831,brontophobia
1843,glareous
1860,widdershins
1863,unmoored
1869,yardang
1877,macchiato
1880,bethesda
1885,kleptocrat
1889,toile
1893,connivery
1905,bruschetta
1919,pilcrow
1931,tandoori
1933,fervorous
1939,septennial
1940,volery
1951,emancipatory
1964,privatim
1973,raptatorial
1990,adversaria
1996,turbinado
1997,collegiality
2006,flambé
2019,intuitable
2033,retrocedence
2041,vice versa
2050,Brandywine
2051,résumé
2059,pancetta
2069,freneticism
2071,decennial
2076,revulsive
2096,hibernaculum
2099,QWERTY
2100,fajitas
2105,foosball
2109,prima donna
2119,Belgravia
2121,Tinseltown
2124,albeit
2133,McCoy
2143,terra-cotta
2150,campanology
2162,desultorily
2172,shar-pei
2174,El Niño
2191,raclette
2198,mittimus
2200,wobbulator
2207,jimberjawed
2216,en masse
2222,stroganoff
2224,froufrou
2229,frabjous
2232,ufology
2237,bouclé
2251,bona fide
2256,jeepney
2258,shazam
2262,volucrine
2265,stellular
2274,vetiver
2279,oompah
2284,nonnegotiable
2307,entrée
2324,surimi
2327,par excellence
2337,bizarro
2339,tae kwon do
2345,fenestrated
2362,Podunk
2369,Mesopotamian
2375,Muzak
2378,cogently
2389,turophile
2408,heleoplankton
2441,lingua franca
2444,epact
2447,triforium
2453,déjà vu
2455,kraken
2457,xenoglossy
2458,yuzu
2459,déjà vue
2461,stanzaic
2464,ritziness
2490,carnitas
2494,floribunda
2496,bulgogi
2502,fibromyalgia
2503,palazzo
2507,veganism
2524,Gothamite
2532,mochi
2539,complicit
2545,gyrocopter
2547,duopoly
2550,voilà
2556,voila
2562,habanero
2563,licensure
2567,quid pro quo
2568,Francophone
2574,convivium
2586,italicization
2602,décor
2612,decumbiture
2636,definiendum
2641,udon
2646,intransigeant
2666,frisket
2672,brockage
2675,bowyer
2679,victimology
2686,forestallment
2689,tephra
2702,olingo
2705,revendicate
2709,labradoodle
2720,huerta
2727,smellfungus
2728,coralline
2732,wentletrap
2735,rialto
2744,poblano
2768,taverna
2798,tricenary
2803,collapsar
2804,triste
2818,spinosity
2820,grande dame
2824,prespinous
2826,verism
2828,cribo
2829,Gippsland
2834,colubrine
2836,gasiform
2839,trituration
2840,immie
2844,château
2845,neoterism
2846,aretalogy
2853,catalo
2854,jankers
2856,tam-o
2857,viaticum
2858,du jour
2859,hypogeous
2860,Evactor
2862,trillado
2867,per se
2873,omnilegent
2877,Ryeland
2878,princeps
2879,chupacabra
2890,chanteuse
2891,soleil
2896,arrondissement
2902,carabinieri
2926,au revoir
2944,Salzkammergut
2945,primavera
2951,souterrain
2999,Upanisads
3005,arret
3030,minivets
3038,allelopathy
3040,hierurgical
3041,kathakali
3042,onychorrhexis
3043,cornichon
3044,capoeira
3049,devastavit
3050,agnolotti
3054,vigneron
3056,ballabile
3058,ikebana
3060,tannined
3061,longevous
3062,draegerman
3066,spiedini
3067,digerati
3074,Fribourg
3078,jai alai
3080,proselytizer
3081,skeuomorph
3086,proselytiser
3093,mamushi
3094,contrapposto
3095,oolite
3097,judoka
3098,nubilous
3101,revanche
3102,joropo
3103,vaccary
3108,toxicosis
3110,onychitis
3113,podagra
3114,colporteur
3117,violaceous
3120,colporter
3121,tazza
3124,millegrain
3130,canaille
3131,yttriferous
3132,Achernar
3135,desman
3137,vermeil
3143,Ouagadougou
3146,gyttja
3147,huapango
3149,bibliopegist
3151,dorsiflexor
3154,azulejo
3156,sambal
3159,entomophagy
3161,holobenthic
3162,yuloh
3169,aristoi
3174,tikkun
3176,gimballed
3177,renminbi
3182,cabaletta
3187,lachsschinken
3188,hesped
3191,quokka
3193,wakame
3194,umami
3195,velouté
3201,Aesopian
3209,a posteriori
3211,ustion
3213,enoptromancy
3215,scaberulous
3220,ankh
3222,teppanyaki
3230,moulage
3235,rongeur
3240,intonaco
3244,Sbrinz
3245,colloque
3246,realia
3249,speleothem
3251,bruja
3252,niveau
3253,phulkari
3255,euripus
3256,sangfroid
3258,rouille
3262,pasilla
3263,sakura
3264,rescissible
3267,variscite
3268,maringouin
3271,communiqué
3275,zocalo
3277,Chantilly
3278,velamen
3286,ajimez
3287,afficionado
3296,kente
3300,hangul
3302,ranine
3303,escabeche
3305,gagaku
3309,ad hominem
3312,Nicoise
3318,Niçoise
3321,béchamel
3323,flèche
3327,repoussage
3328,kakapo
3329,tetrachoric
3333,otacoustic
3334,pelagial
3336,pastitsio
3347,frazil
3350,concinnate
3351,pâtissier
3354,Icarian
3357,patissier
3359,glacis
3360,pappardelle
3361,ballotage
3364,toreutics
3366,Sahel
3368,tulsi
3371,kanji
3372,bibelot
3373,dubitante
3375,limicolous
3380,papeterie
3385,mizuna
3390,oleiculture
3393,étagère
3394,wahine
3397,huipil
3398,meunière
3402,löss
3407,affogato
3408,ruelle
3410,fanfaronade
3411,laulau
3414,Ushuaia
3415,soupçon
3417,Gruyère
3418,katsura
3419,dysrhythmia
3420,redingote
3425,dragée
3427,bdelloid
3430,mediobrome
3431,choucroute
3435,macropterous
3437,hsaing-waing
3439,commorients
3440,pejerrey
3442,tristeza
3444,duxelles
3447,retinoscopy
3451,Feldenkrais
3455,exsect
3458,agelicism
3459,leberwurst
3461,champignon
3463,bozzetto
3464,subrident
3466,focaccia
3467,bahuvrihi
3471,yakitori
3474,regnal
3476,flaneur
3477,pejorate
3478,Kjeldahl
3480,attaché
3482,Ponzi
3483,Aitutakian
3486,rafflesia
3488,teneramente
3491,colcannon
3493,avgolemono
3498,pistou
3500,sopapilla
3501,atlatl
3502,Zanni
3505,presentient
3507,allochroous
3509,blottesque
3510,Bolognese
3511,renvoi
3512,boutade
3514,beurre
3515,consommé
3517,kichel
3520,jicama
3522,coup de grace
3525,cheongsam
3526,sturnine
3528,tourelle
3532,octonocular
3533,zortzico
3537,gyascutus
3539,teratism
3542,beaumontage
3544,antenatus
3550,trouvaille
3552,tapetum
3557,hoi polloi
3560,aporia
3561,kugel
3564,krewe
3567,topazolite
3573,trompe l
3578,shubunkin
3579,ailette
3580,guayabera
3581,consigliere
3584,hepatectomy
3585,fetticus
3591,rocaille
3594,gentilitial
3600,obnebulate
3601,ushabti
3602,galapago
3605,oppidan
3606,allonym
3607,puchero
3608,au courant
3609,ad nauseam
3610,urushiol
3611,decastich
3612,croquembouche
3613,nival
3615,ganache
3616,andouille
3617,Naugahyde
3618,kobold
3621,sauger
3623,lefse
3625,Véronique
3626,croustade
3627,kanban
3628,megacephalic
3629,beccafico
3631,Veronique
3632,kipuka
3636,toponymic
3642,boudin
3645,gasthaus
3647,zaibatsu
3648,bucatini
3649,obeisant
3652,floruit
3654,reboation
3657,laterigrade
3658,Bunyanesque
3659,tokonoma
3660,haupia
3661,Keplerian
3662,pneumatocyst
3663,xerogel
3666,cordillera
3669,vizierial
3672,zazen
3675,crescive
3676,ferruginous
3680,coaxation
3684,après
3686,ardoise
3689,caveola
3692,farouche
3693,buffa
3702,bibimbap
3704,ogival
3705,de rigueur
3708,aquiclude
3709,transhumance
3710,stretto
3712,cetology
3713,triquetra
3717,comanchero
3719,paramahamsa
3724,foudroyant
3725,duello
3727,ageusia
3728,tachyon
3729,gules
3731,fjeld
3732,bas-relief
3733,pillor
3734,piccata
3736,expugnable
3740,isagoge
3741,lokelani
3744,Wensleydale
3745,ikat
3746,élan
3748,yosenabe
3749,chastushka
3750,erubescent
3752,breviloquence
3753,bavardage
3754,funori
3755,bergère
3756,estovers
3758,kalimba
3759,coulibiac
3760,piloncillo
3761,Erewhonian
3765,xyloglyphy
3767,rhyton
3768,bonspiel
3770,betony
3772,étouffée
3775,hinoki
3776,bêtise
3778,etouffee
3779,Pepysian
3787,nyctinasty
3788,frison
3789,rajpramukh
3791,gesellschaft
3793,pointelle
3794,flavedo
3795,Chalcolithic
3796,lanolated
3797,tamari
3798,capotasto
3800,maquillage
3801,rinceau
3804,Panagia
3805,tinnient
3806,mortadella
3809,panettone
3810,nockerl
3813,bhangra
3815,tmesis
3816,rhabdoid
3817,pochoir
3818,spirulina
3819,risorgimento
3822,apodyterium
3825,agalma
3827,tsukupin
3830,force majeure
3832,puerilely
3833,katakana
3839,Parmentier
3840,fait accompli
3843,cantatrice
3846,dreikanter
3847,goanna
3848,alpargata
3851,brume
3854,disembogue
3857,hiortdahlite
3858,pendeloque
3861,dhurrie
3868,outré
3869,incunabula
3870,rhinorrhagia
3871,foley
3873,encarnadine
3874,Tchefuncte
3875,cioppino
3876,gabarit
3878,diamanté
3882,guerite
3884,sphygmometer
3888,gallivat
3891,querida
3892,giallolino
3893,frugivore
3896,kibbitzer
3897,paillard
3898,krausen
3900,zugzwang
3901,bienvenue
3903,gazoz
3904,Castalia
3907,bienvenu
3908,labefaction
3910,nahcolite
3911,jasmone
3912,crokinole
3913,potwalloper
3915,stannum
3917,hawok
3918,anicca
3919,kaffeeklatsch
3922,uraeus
3923,fructiferous
3924,batamote
3928,teledu
3929,martinoe
3930,yabbies
3934,gattine
3935,lierre
3937,prana
3940,mele
3941,porwigle
3942,salmagundy
3945,maquette
3947,portugais
3948,hutia
3950,grimthorpe
3951,obliviscence
3952,nuciform
3953,ligas
3954,jutia
3955,glossopetrae
3957,autophagy
3958,grandrelle
3959,Osloite
3960,Deseret
3961,diktat
3964,bordereaux
3967,llanero
3968,fouetté
3969,potager
3970,rambla
3971,seraya
3974,venenate
3975,malleolus
3976,tullibee
3977,janthina
3979,glaucomatous
3981, marcel
3982,guichet
3983,Skeltonic
3985,haori
3987,croquignole
3993,unakite
3995,hariolation
3998,azotea
3999,affeer
4001,chiffonade
4002,vexillologist
4005,cenote
4007,halala
4010,griffonage
4012,halalah
4014,escheator
4017,corybantic
4019,dogana
4021,nisse
4023,koh-i-noor
4024,toorie
4028,nocive
4030,nunchaku
4031,brouillon
4033,cataphora
4034,habeas corpus
4035,senryu
4036,derecho
4037,acoel
4039,kerril
4041,solipsist
4042,acral
4044,pudibund
4046,sinophile
4049,toril
4057,haplography
4058,aperçu
4059,terai
4061,knickerbocker
4081,grown-ups
4110,kiddo
4122,gorp
4193,dojo
4231,flooey
4304,surefire
4346,trifecta
4361,attagirl
4544,beatboxing
4551,nymphal
4570,nimbostratus
4602,bossa nova
4638,baklawa
4643,segmentate
4644,ipso facto
4651,bidialectal
4660,Websterian
4668,animalier
4681,dropsonde
4716,thermohaline
4744,argyria
4745,carborane
4752,visite
4756,xylyl
4765,steeplechasing
4766,bindi
4769,Connemara
4780,dauerlauf
4782,Adélie
4783,emanant
4785,manteau
4786,carte blanche
4789,bodhran
4794,jacana
4795,carmagnole
4798,encina
4799,pissaladière
4806,plumassier
4808,voltammetry
4824,quatrefoil
4829,politeia
4830,Valkyrian
4831,Daliesque
4835,Lisztian
4836,histolysis
4843,bireme
4845,Reykjavík
4846,aposematic
4847,sotto voce
4849,bijouterie
4850,inesculent
4851,serricorn
4857,oyez
4863,acequia
4864,arachnophagous
4867,habitué
4871,embroglio
4873,kalanchoe
4876,warison
4880,Foley
